"test"," time-1469339406"," time-1469340199","range"
"Tests/Benchmarks/esop/Base.hs"," 68.9477"," 61.1932","7"
"Tests/Benchmarks/bytestring/Data/ByteString.hs"," 30.1503"," 23.8435","6"
"Tests/Benchmarks/bytestring/Data/ByteString/Lazy.hs"," 33.3772"," 30.0434","3"
"Tests/Benchmarks/text/Data/Text/Encoding.hs"," 38.2249"," 34.4015","3"
"Tests/Benchmarks/text/Data/Text/Lazy.hs"," 46.9608"," 43.7057","3"
"Tests/Benchmarks/bytestring/Data/ByteString/Fusion.T.hs"," 21.0377"," 18.6971","2"
"Tests/Benchmarks/hscolour/Language/Haskell/HsColour/Colourise.hs"," 5.0662"," 2.7734","2"
"Tests/Benchmarks/icfp_pos/RIO2.hs"," 18.0672"," 15.9303","2"
"Tests/Unit/eq_pos/MonadicLaws.hs"," 18.9896"," 16.8097","2"
"Tests/Unit/neg/StateConstraints0.hs"," 17.6568"," 15.1744","2"
"Tests/Benchmarks/bytestring/Data/ByteString.T.hs"," 31.3288"," 29.3917","1"
"Tests/Benchmarks/bytestring/Data/ByteString/Fusion.hs"," 18.4718"," 16.9000","1"
"Tests/Benchmarks/bytestring/Data/ByteString/LazyZip.hs"," 8.7150"," 7.2262","1"
"Tests/Benchmarks/text/Data/Text.hs"," 32.5397"," 31.4656","1"
"Tests/Benchmarks/text/Data/Text/Lazy/Encoding.hs"," 14.0132"," 12.7218","1"
"Tests/Benchmarks/text/Data/Text/Lazy/Search.hs"," 39.8810"," 40.8837","1"
"Tests/Benchmarks/vect-algs/Data/Vector/Algorithms/Heap.hs"," 19.9698"," 18.3158","1"
"Tests/Unit/eq_pos/MonadicLawsMaybe.hs"," 7.7492"," 6.4263","1"
"Tests/Unit/pos/Map0.hs"," 10.9111"," 9.4912","1"
"Tests/Unit/pos/OrdList.hs"," 15.2582"," 13.6786","1"
"Tests/Unit/pos/kmpIO.hs"," 1.0194"," 2.8081","1"
"Tests/Benchmarks/bytestring/Data/ByteString/Char8.hs"," 7.5208"," 6.9022","0"
"Tests/Benchmarks/bytestring/Data/ByteString/Internal.hs"," 5.6606"," 5.1559","0"
"Tests/Benchmarks/bytestring/Data/ByteString/Lazy/Char8.hs"," 9.3433"," 8.4287","0"
"Tests/Benchmarks/bytestring/Data/ByteString/Lazy/Internal.hs"," 1.6906"," 1.4756","0"
"Tests/Benchmarks/bytestring/Data/ByteString/Unsafe.hs"," 1.8617"," 1.7293","0"
"Tests/Benchmarks/esop/Array.hs"," 2.0541"," 1.8469","0"
"Tests/Benchmarks/esop/Fib.hs"," 1.3248"," 1.1109","0"
"Tests/Benchmarks/esop/GhcListSort.hs"," 6.0487"," 5.4444","0"
"Tests/Benchmarks/esop/ListSort.hs"," 2.1217"," 1.8565","0"
"Tests/Benchmarks/esop/Splay.hs"," 6.0938"," 5.4488","0"
"Tests/Benchmarks/esop/Toy.hs"," 1.4177"," 1.3263","0"
"Tests/Benchmarks/hscolour/Language/Haskell/HsColour.hs"," 4.0490"," 3.9546","0"
"Tests/Benchmarks/hscolour/Language/Haskell/HsColour/ANSI.hs"," 1.9191"," 1.8979","0"
"Tests/Benchmarks/hscolour/Language/Haskell/HsColour/CSS.hs"," 1.6531"," 1.6577","0"
"Tests/Benchmarks/hscolour/Language/Haskell/HsColour/ColourHighlight.hs"," 2.3093"," 2.3081","0"
"Tests/Benchmarks/hscolour/Language/Haskell/HsColour/General.hs"," 0.7878"," 0.7972","0"
"Tests/Benchmarks/hscolour/Language/Haskell/HsColour/HTML.hs"," 3.2860"," 3.4583","0"
"Tests/Benchmarks/hscolour/Language/Haskell/HsColour/InlineCSS.hs"," 1.6986"," 1.8807","0"
"Tests/Benchmarks/hscolour/Language/Haskell/HsColour/LaTeX.hs"," 11.3983"," 11.9914","0"
"Tests/Benchmarks/hscolour/Language/Haskell/HsColour/MIRC.hs"," 2.0649"," 2.1228","0"
"Tests/Benchmarks/hscolour/Language/Haskell/HsColour/Options.hs"," 0.8913"," 0.9617","0"
"Tests/Benchmarks/hscolour/Language/Haskell/HsColour/Output.hs"," 0.9490"," 0.9010","0"
"Tests/Benchmarks/hscolour/Language/Haskell/HsColour/TTY.hs"," 1.2609"," 1.6541","0"
"Tests/Benchmarks/hscolour/Setup.hs"," 0.7561"," 0.6972","0"
"Tests/Benchmarks/icfp_neg/Composition.hs"," 0.8426"," 0.8542","0"
"Tests/Benchmarks/icfp_neg/DBMovies.hs"," 2.7288"," 2.7245","0"
"Tests/Benchmarks/icfp_neg/IfM.hs"," 5.0944"," 5.2169","0"
"Tests/Benchmarks/icfp_neg/Records.hs"," 0.8891"," 0.8964","0"
"Tests/Benchmarks/icfp_neg/TestM.hs"," 0.7821"," 0.7967","0"
"Tests/Benchmarks/icfp_neg/TwiceM.hs"," 32.2167"," 31.7325","0"
"Tests/Benchmarks/icfp_neg/WhileM.hs"," 1.1726"," 1.1485","0"
"Tests/Benchmarks/icfp_pos/Append.hs"," 1.1422"," 1.1208","0"
"Tests/Benchmarks/icfp_pos/CompareConstraints.hs"," 1.0090"," 1.0074","0"
"Tests/Benchmarks/icfp_pos/Composition.hs"," 0.8248"," 0.8305","0"
"Tests/Benchmarks/icfp_pos/CopyRec.hs"," 16.1157"," 15.7740","0"
"Tests/Benchmarks/icfp_pos/DBMovies.hs"," 3.0052"," 2.9324","0"
"Tests/Benchmarks/icfp_pos/Filter.lhs"," 1.0594"," 1.0620","0"
"Tests/Benchmarks/icfp_pos/FindRec.hs"," 6.4830"," 6.4200","0"
"Tests/Benchmarks/icfp_pos/FoldAbs.hs"," 5.7146"," 5.7547","0"
"Tests/Benchmarks/icfp_pos/ICFP15.lhs"," 1.6237"," 1.5972","0"
"Tests/Benchmarks/icfp_pos/IfM.hs"," 5.0300"," 4.9218","0"
"Tests/Benchmarks/icfp_pos/IfM2.hs"," 2.6351"," 2.5254","0"
"Tests/Benchmarks/icfp_pos/Incr-elim.hs"," 0.9924"," 0.9829","0"
"Tests/Benchmarks/icfp_pos/Incr.hs"," 1.3709"," 1.3195","0"
"Tests/Benchmarks/icfp_pos/Overview.lhs"," 7.0083"," 6.5559","0"
"Tests/Benchmarks/icfp_pos/Privileges.hs"," 0.8610"," 0.7830","0"
"Tests/Benchmarks/icfp_pos/TestM.hs"," 0.7933"," 1.0309","0"
"Tests/Benchmarks/icfp_pos/TwiceM.hs"," 7.5959"," 6.6239","0"
"Tests/Benchmarks/icfp_pos/WhileM.hs"," 1.0384"," 1.0008","0"
"Tests/Benchmarks/icfp_pos/WhileTest.hs"," 1.0388"," 1.1130","0"
"Tests/Benchmarks/icfp_pos/dropwhile.hs"," 0.9673"," 0.9570","0"
"Tests/Benchmarks/popl17_neg/Ackermann.hs"," 21.0230"," 21.2694","0"
"Tests/Benchmarks/popl17_neg/Append.hs"," 2.4144"," 2.4851","0"
"Tests/Benchmarks/popl17_neg/ApplicativeMaybe.hs"," 2.7163"," 2.9526","0"
"Tests/Benchmarks/popl17_neg/BasicLambdas.hs"," 0.8247"," 0.8273","0"
"Tests/Benchmarks/popl17_neg/Fibonacci.hs"," 7.1801"," 7.2838","0"
"Tests/Benchmarks/popl17_neg/FunctorList.hs"," 1.5092"," 1.5244","0"
"Tests/Benchmarks/popl17_neg/FunctorMaybe.hs"," 1.1999"," 1.2142","0"
"Tests/Benchmarks/popl17_neg/MapFusion.hs"," 1.3712"," 1.3690","0"
"Tests/Benchmarks/popl17_neg/MonadList.hs"," 4.6150"," 4.4955","0"
"Tests/Benchmarks/popl17_neg/MonadMaybe.hs"," 1.0422"," 1.0207","0"
"Tests/Benchmarks/popl17_neg/MonadReader.hs"," 2.6851"," 2.9565","0"
"Tests/Benchmarks/popl17_pos/Ackermann.hs"," 6.4607"," 6.3704","0"
"Tests/Benchmarks/popl17_pos/AlphaEquivalence.hs"," 0.9266"," 0.8932","0"
"Tests/Benchmarks/popl17_pos/Append.hs"," 1.4107"," 1.4673","0"
"Tests/Benchmarks/popl17_pos/ApplicativeId.hs"," 1.1314"," 1.1653","0"
"Tests/Benchmarks/popl17_pos/ApplicativeMaybe.hs"," 2.7511"," 2.6928","0"
"Tests/Benchmarks/popl17_pos/ApplicativeReader.hs"," 1.9778"," 1.7402","0"
"Tests/Benchmarks/popl17_pos/BasicLambdas.hs"," 0.8220"," 0.8334","0"
"Tests/Benchmarks/popl17_pos/BasicLambdas0.hs"," 0.8560"," 0.7993","0"
"Tests/Benchmarks/popl17_pos/Compose.hs"," 0.8605"," 0.8196","0"
"Tests/Benchmarks/popl17_pos/Fibonacci.hs"," 7.2404"," 7.1782","0"
"Tests/Benchmarks/popl17_pos/FoldrUniversal.hs"," 15.2034"," 15.5328","0"
"Tests/Benchmarks/popl17_pos/FunctionEquality101.Extensionality.hs"," 0.8849"," 0.8643","0"
"Tests/Benchmarks/popl17_pos/FunctionEquality101.hs"," 0.9093"," 0.9024","0"
"Tests/Benchmarks/popl17_pos/FunctorId.hs"," 1.0018"," 0.9475","0"
"Tests/Benchmarks/popl17_pos/FunctorList.hs"," 1.4946"," 1.4847","0"
"Tests/Benchmarks/popl17_pos/FunctorMaybe.hs"," 1.0954"," 1.0862","0"
"Tests/Benchmarks/popl17_pos/FunctorReader.NoExtensionality.hs"," 1.4010"," 1.3873","0"
"Tests/Benchmarks/popl17_pos/FunctorReader.hs"," 1.5023"," 1.5314","0"
"Tests/Benchmarks/popl17_pos/MapFusion.hs"," 1.2309"," 1.2108","0"
"Tests/Benchmarks/popl17_pos/MonadId.hs"," 0.9898"," 0.9703","0"
"Tests/Benchmarks/popl17_pos/MonadList.hs"," 1.7067"," 1.6634","0"
"Tests/Benchmarks/popl17_pos/MonadMaybe.hs"," 1.0809"," 1.0594","0"
"Tests/Benchmarks/popl17_pos/MonadReader.hs"," 3.2867"," 3.2814","0"
"Tests/Benchmarks/popl17_pos/MonoidList.hs"," 1.0361"," 0.9984","0"
"Tests/Benchmarks/popl17_pos/MonoidMaybe.hs"," 0.9755"," 0.9671","0"
"Tests/Benchmarks/popl17_pos/NormalForm.hs"," 0.8422"," 0.7880","0"
"Tests/Benchmarks/popl17_pos/Overview.hs"," 1.1454"," 1.1098","0"
"Tests/Benchmarks/popl17_pos/Peano.hs"," 1.1169"," 1.0997","0"
"Tests/Benchmarks/popl17_pos/ProofCombinators.hs"," 0.8703"," 0.8644","0"
"Tests/Benchmarks/popl17_pos/Solver.hs"," 6.2409"," 6.4476","0"
"Tests/Benchmarks/popl17_pos/Unification.hs"," 24.1595"," 24.8931","0"
"Tests/Benchmarks/text/Data/Text/Array.hs"," 1.6237"," 1.6506","0"
"Tests/Benchmarks/text/Data/Text/Foreign.hs"," 3.1023"," 2.8868","0"
"Tests/Benchmarks/text/Data/Text/Fusion.hs"," 18.1922"," 17.7962","0"
"Tests/Benchmarks/text/Data/Text/Fusion/Size.hs"," 1.7711"," 1.6438","0"
"Tests/Benchmarks/text/Data/Text/Internal.hs"," 5.7223"," 5.5005","0"
"Tests/Benchmarks/text/Data/Text/Lazy/Builder.hs"," 10.4451"," 10.1145","0"
"Tests/Benchmarks/text/Data/Text/Lazy/Fusion.hs"," 8.4349"," 7.6335","0"
"Tests/Benchmarks/text/Data/Text/Lazy/Internal.hs"," 5.2924"," 5.2571","0"
"Tests/Benchmarks/text/Data/Text/Private.hs"," 2.0135"," 2.0135","0"
"Tests/Benchmarks/text/Data/Text/Search.hs"," 10.8201"," 10.3104","0"
"Tests/Benchmarks/text/Data/Text/Unsafe.hs"," 2.1957"," 2.1644","0"
"Tests/Benchmarks/text/Data/Text/UnsafeChar.hs"," 2.0423"," 1.9106","0"
"Tests/Benchmarks/text/Setup.lhs"," 0.9305"," 0.9375","0"
"Tests/Benchmarks/vect-algs/Data/Vector/Algorithms/AmericanFlag.hs"," 9.0056"," 9.0134","0"
"Tests/Benchmarks/vect-algs/Data/Vector/Algorithms/Combinators.hs"," 0.7443"," 0.6857","0"
"Tests/Benchmarks/vect-algs/Data/Vector/Algorithms/Common.hs"," 1.0797"," 0.9833","0"
"Tests/Benchmarks/vect-algs/Data/Vector/Algorithms/Insertion.hs"," 1.6376"," 1.3655","0"
"Tests/Benchmarks/vect-algs/Data/Vector/Algorithms/Intro.hs"," 5.0860"," 4.9551","0"
"Tests/Benchmarks/vect-algs/Data/Vector/Algorithms/Merge.hs"," 6.4648"," 6.4207","0"
"Tests/Benchmarks/vect-algs/Data/Vector/Algorithms/Optimal.hs"," 8.2404"," 7.6323","0"
"Tests/Benchmarks/vect-algs/Data/Vector/Algorithms/Radix.hs"," 2.4472"," 2.2710","0"
"Tests/Benchmarks/vect-algs/Data/Vector/Algorithms/Search.hs"," 2.8650"," 2.6552","0"
"Tests/Benchmarks/vect-algs/Data/Vector/Algorithms/Termination.hs"," 1.0836"," 0.9686","0"
"Tests/Benchmarks/vect-algs/Setup.lhs"," 0.8722"," 0.8278","0"
"Tests/Unit/crash/AbsRef.hs"," 0.6239"," 0.6212","0"
"Tests/Unit/crash/Assume.hs"," 0.6228"," 0.6182","0"
"Tests/Unit/crash/Assume1.hs"," 0.6235"," 0.6265","0"
"Tests/Unit/crash/Ast.hs"," 0.6453"," 0.6641","0"
"Tests/Unit/crash/BadExprArg.hs"," 0.6058"," 0.5921","0"
"Tests/Unit/crash/BadPragma0.hs"," 0.3720"," 0.3786","0"
"Tests/Unit/crash/BadPragma1.hs"," 0.3788"," 0.3782","0"
"Tests/Unit/crash/BadPragma2.hs"," 0.3869"," 0.3809","0"
"Tests/Unit/crash/BadSyn1.hs"," 0.6048"," 0.5927","0"
"Tests/Unit/crash/BadSyn2.hs"," 0.5927"," 0.6010","0"
"Tests/Unit/crash/BadSyn3.hs"," 0.5953"," 0.5947","0"
"Tests/Unit/crash/BadSyn4.hs"," 0.5939"," 0.5886","0"
"Tests/Unit/crash/CyclicExprAlias0.hs"," 0.5478"," 0.5343","0"
"Tests/Unit/crash/CyclicExprAlias1.hs"," 0.5464"," 0.5418","0"
"Tests/Unit/crash/CyclicExprAlias2.hs"," 0.5393"," 0.5394","0"
"Tests/Unit/crash/CyclicExprAlias3.hs"," 0.5485"," 0.5469","0"
"Tests/Unit/crash/CyclicPredAlias0.hs"," 0.5417"," 0.5374","0"
"Tests/Unit/crash/CyclicPredAlias1.hs"," 0.5541"," 0.5503","0"
"Tests/Unit/crash/CyclicPredAlias2.hs"," 0.5431"," 0.5528","0"
"Tests/Unit/crash/CyclicPredAlias3.hs"," 0.5473"," 0.5456","0"
"Tests/Unit/crash/CyclicTypeAlias0.hs"," 0.5565"," 0.5668","0"
"Tests/Unit/crash/CyclicTypeAlias1.hs"," 0.5487"," 0.5559","0"
"Tests/Unit/crash/CyclicTypeAlias2.hs"," 0.5534"," 0.5336","0"
"Tests/Unit/crash/CyclicTypeAlias3.hs"," 0.5505"," 0.5448","0"
"Tests/Unit/crash/FunRef1.hs"," 0.6413"," 0.6338","0"
"Tests/Unit/crash/FunRef2.hs"," 0.6243"," 0.6186","0"
"Tests/Unit/crash/HaskellMeasure.hs"," 0.5917"," 0.5805","0"
"Tests/Unit/crash/HigherOrder.hs"," 0.6363"," 0.6219","0"
"Tests/Unit/crash/LocalHole.hs"," 0.6246"," 0.6163","0"
"Tests/Unit/crash/LocalTermExpr.hs"," 0.6155"," 0.6197","0"
"Tests/Unit/crash/Mismatch.hs"," 0.6226"," 0.6288","0"
"Tests/Unit/crash/MultipleRecordSelectors.hs"," 0.6518"," 0.6380","0"
"Tests/Unit/crash/Qualif.hs"," 0.6260"," 0.6328","0"
"Tests/Unit/crash/RClass.hs"," 0.6475"," 0.6388","0"
"Tests/Unit/crash/T649.hs"," 0.6527"," 0.6613","0"
"Tests/Unit/crash/T691.hs"," 0.3728"," 0.3859","0"
"Tests/Unit/crash/T773.hs"," 0.6235"," 0.6296","0"
"Tests/Unit/crash/T774.hs"," 0.6318"," 0.6211","0"
"Tests/Unit/crash/Unbound.hs"," 0.6260"," 0.6285","0"
"Tests/Unit/crash/errmsg-dc-num.hs"," 0.6202"," 0.6129","0"
"Tests/Unit/crash/errmsg-dc-type.hs"," 0.6140"," 0.6218","0"
"Tests/Unit/crash/errmsg-mismatch.hs"," 0.6439"," 0.6346","0"
"Tests/Unit/crash/funref.hs"," 0.6555"," 0.6350","0"
"Tests/Unit/crash/hole-crash1.hs"," 0.6390"," 0.6205","0"
"Tests/Unit/crash/hole-crash2.hs"," 0.5577"," 0.5624","0"
"Tests/Unit/crash/hole-crash3.hs"," 0.6155"," 0.6042","0"
"Tests/Unit/crash/issue594.hs"," 0.6283"," 0.6228","0"
"Tests/Unit/crash/num-float-error.hs"," 0.6274"," 0.6260","0"
"Tests/Unit/crash/num-float-error1.hs"," 0.6408"," 0.6266","0"
"Tests/Unit/crash/predparams.hs"," 0.5968"," 0.6013","0"
"Tests/Unit/crash/typeAliasDup.hs"," 0.6857"," 0.6835","0"
"Tests/Unit/eq_neg/Append.hs"," 2.3200"," 2.2635","0"
"Tests/Unit/eq_neg/Fibonacci.hs"," 0.6668"," 0.6770","0"
"Tests/Unit/eq_pos/AppendArrow.hs"," 46.5450"," 46.2272","0"
"Tests/Unit/eq_pos/AppendAxiom.hs"," 1.0030"," 1.0182","0"
"Tests/Unit/eq_pos/AppendVerbose.hs"," 2.8836"," 2.8140","0"
"Tests/Unit/eq_pos/Arrow.hs"," 0.6641"," 0.6498","0"
"Tests/Unit/eq_pos/ConcatMap.hs"," 16.1230"," 15.9597","0"
"Tests/Unit/eq_pos/MapAppend.hs"," 0.0000"," 0.0001","0"
"Tests/Unit/eq_pos/MonadicLawsMaybeAssoc.hs"," 1.0746"," 1.0829","0"
"Tests/Unit/error/crash/TerminationExpr.hs"," 0.6233"," 0.6334","0"
"Tests/Unit/error/crash/TerminationExpr1.hs"," 0.6226"," 0.6195","0"
"Tests/Unit/neg/AbsApp.hs"," 0.6655"," 0.6629","0"
"Tests/Unit/neg/Ast.hs"," 0.7172"," 0.6944","0"
"Tests/Unit/neg/AutoSize.hs"," 0.6985"," 0.6698","0"
"Tests/Unit/neg/AutoTerm.hs"," 0.7079"," 0.6735","0"
"Tests/Unit/neg/AutoTerm1.hs"," 0.6942"," 0.6849","0"
"Tests/Unit/neg/BadHMeas.hs"," 0.7015"," 0.6649","0"
"Tests/Unit/neg/BadNats.hs"," 0.6765"," 0.6645","0"
"Tests/Unit/neg/Baz.hs"," 0.6960"," 0.6741","0"
"Tests/Unit/neg/BigNum.hs"," 0.6823"," 0.6646","0"
"Tests/Unit/neg/Books.hs"," 0.7617"," 0.7276","0"
"Tests/Unit/neg/CastedTotality.hs"," 0.7553"," 0.7359","0"
"Tests/Unit/neg/Class1.hs"," 0.8884"," 0.8321","0"
"Tests/Unit/neg/Class2.hs"," 0.7571"," 0.7382","0"
"Tests/Unit/neg/Class3.hs"," 0.8359"," 0.7396","0"
"Tests/Unit/neg/Class4.hs"," 0.8811"," 0.7090","0"
"Tests/Unit/neg/Class5.hs"," 0.8290"," 0.6918","0"
"Tests/Unit/neg/Client.hs"," 0.8449"," 0.6660","0"
"Tests/Unit/neg/CompareConstraints.hs"," 0.9796"," 0.9197","0"
"Tests/Unit/neg/Constraints.hs"," 0.8782"," 0.7048","0"
"Tests/Unit/neg/ConstraintsAppend.hs"," 1.6958"," 1.2120","0"
"Tests/Unit/neg/DependentTypes.hs"," 0.7169"," 0.7262","0"
"Tests/Unit/neg/Eval.hs"," 0.8198"," 0.8262","0"
"Tests/Unit/neg/Even.hs"," 0.6766"," 0.6971","0"
"Tests/Unit/neg/FunSoundness.hs"," 0.6581"," 0.6677","0"
"Tests/Unit/neg/FunctionRef.hs"," 0.6715"," 0.6721","0"
"Tests/Unit/neg/GADTs.hs"," 0.6775"," 0.6672","0"
"Tests/Unit/neg/GeneralizedTermination.hs"," 0.7341"," 0.7160","0"
"Tests/Unit/neg/Gradual.hs"," 0.6633"," 0.6653","0"
"Tests/Unit/neg/HasElem.hs"," 0.7028"," 0.6984","0"
"Tests/Unit/neg/HigherOrder.hs"," 0.6739"," 0.6564","0"
"Tests/Unit/neg/HolesTop.hs"," 0.7170"," 0.7099","0"
"Tests/Unit/neg/LazyWhere.hs"," 0.7243"," 0.7291","0"
"Tests/Unit/neg/LazyWhere1.hs"," 0.7285"," 0.7207","0"
"Tests/Unit/neg/LiquidClass.hs"," 0.6953"," 0.6784","0"
"Tests/Unit/neg/LiquidClass1.hs"," 0.6989"," 0.6845","0"
"Tests/Unit/neg/ListConcat.hs"," 0.7343"," 0.7117","0"
"Tests/Unit/neg/ListElem.hs"," 0.7188"," 0.6956","0"
"Tests/Unit/neg/ListISort-LType.hs"," 0.8384"," 0.8339","0"
"Tests/Unit/neg/ListISort.hs"," 1.1466"," 1.1147","0"
"Tests/Unit/neg/ListKeys.hs"," 0.7148"," 0.7128","0"
"Tests/Unit/neg/ListMSort.hs"," 1.4983"," 1.4926","0"
"Tests/Unit/neg/ListQSort.hs"," 1.1017"," 1.1010","0"
"Tests/Unit/neg/ListRange.hs"," 0.7741"," 0.7776","0"
"Tests/Unit/neg/LocalSpec.hs"," 0.7403"," 0.7148","0"
"Tests/Unit/neg/MeasureContains.hs"," 0.8029"," 0.7396","0"
"Tests/Unit/neg/MeasureDups.hs"," 0.8097"," 0.7685","0"
"Tests/Unit/neg/MergeSort.hs"," 1.2385"," 1.1368","0"
"Tests/Unit/neg/MultiParamTypeClasses.hs"," 0.7481"," 0.6905","0"
"Tests/Unit/neg/MultipleInvariants.hs"," 0.7328"," 0.7028","0"
"Tests/Unit/neg/NoExhaustiveGuardsError.hs"," 0.7317"," 0.6718","0"
"Tests/Unit/neg/NoMethodBindingError.hs"," 0.7288"," 0.6695","0"
"Tests/Unit/neg/PairMeasure.hs"," 0.8394"," 0.6912","0"
"Tests/Unit/neg/Propability.hs"," 1.0235"," 0.7929","0"
"Tests/Unit/neg/Propability0.hs"," 0.9330"," 0.6969","0"
"Tests/Unit/neg/QQTySig.hs"," 3.2055"," 2.8376","0"
"Tests/Unit/neg/QQTySyn1.hs"," 3.2043"," 2.9232","0"
"Tests/Unit/neg/QQTySyn2.hs"," 3.2426"," 2.9237","0"
"Tests/Unit/neg/RG.hs"," 1.1427"," 0.9129","0"
"Tests/Unit/neg/RecQSort.hs"," 1.0277"," 0.8676","0"
"Tests/Unit/neg/RecSelector.hs"," 0.9118"," 0.6715","0"
"Tests/Unit/neg/SafePartialFunctions.hs"," 0.9244"," 0.6959","0"
"Tests/Unit/neg/Solver.hs"," 1.4250"," 1.1513","0"
"Tests/Unit/neg/StateConstraints.hs"," 1.3462"," 1.1319","0"
"Tests/Unit/neg/StateConstraints00.hs"," 0.7979"," 0.6940","0"
"Tests/Unit/neg/Strata.hs"," 0.7684"," 0.6871","0"
"Tests/Unit/neg/StreamInvariants.hs"," 0.7509"," 0.6700","0"
"Tests/Unit/neg/StrictPair0.hs"," 0.7508"," 0.6816","0"
"Tests/Unit/neg/StrictPair1.hs"," 1.0191"," 0.8822","0"
"Tests/Unit/neg/Strings.hs"," 0.7373"," 0.6607","0"
"Tests/Unit/neg/Sum.hs"," 0.8435"," 0.7075","0"
"Tests/Unit/neg/T602.hs"," 0.7377"," 0.6646","0"
"Tests/Unit/neg/T743-mini.hs"," 0.8273"," 0.6961","0"
"Tests/Unit/neg/T743.hs"," 0.8605"," 0.7505","0"
"Tests/Unit/neg/T745.hs"," 0.7757"," 0.6740","0"
"Tests/Unit/neg/TermReal.hs"," 0.7630"," 0.6754","0"
"Tests/Unit/neg/TerminationNum.hs"," 0.7978"," 0.6881","0"
"Tests/Unit/neg/TerminationNum0.hs"," 0.7679"," 0.7074","0"
"Tests/Unit/neg/TopLevel.hs"," 0.8534"," 0.7196","0"
"Tests/Unit/neg/Variance.hs"," 0.7953"," 0.6726","0"
"Tests/Unit/neg/Variance1.hs"," 0.7633"," 0.6881","0"
"Tests/Unit/neg/alias00.hs"," 0.7118"," 0.6839","0"
"Tests/Unit/neg/ass0.hs"," 0.6897"," 0.6604","0"
"Tests/Unit/neg/concat.hs"," 0.9263"," 0.8942","0"
"Tests/Unit/neg/concat1.hs"," 0.9693"," 0.9304","0"
"Tests/Unit/neg/concat2.hs"," 1.0057"," 0.9697","0"
"Tests/Unit/neg/contra0.hs"," 0.7941"," 0.7352","0"
"Tests/Unit/neg/coretologic.hs"," 0.7306"," 0.7175","0"
"Tests/Unit/neg/csv.hs"," 1.6324"," 1.2348","0"
"Tests/Unit/neg/datacon-eq.hs"," 0.9424"," 0.6673","0"
"Tests/Unit/neg/deppair0.hs"," 0.7590"," 0.7614","0"
"Tests/Unit/neg/deptupW.hs"," 0.7789"," 0.7699","0"
"Tests/Unit/neg/elim-ex-compose.hs"," 0.7698"," 0.7701","0"
"Tests/Unit/neg/elim-ex-let.hs"," 2.7858"," 2.7960","0"
"Tests/Unit/neg/elim-ex-list.hs"," 2.8032"," 2.8291","0"
"Tests/Unit/neg/elim-ex-map-1.hs"," 2.8961"," 2.8908","0"
"Tests/Unit/neg/elim-ex-map-2.hs"," 2.8984"," 2.9241","0"
"Tests/Unit/neg/elim-ex-map-3.hs"," 2.8754"," 2.9378","0"
"Tests/Unit/neg/elim000.hs"," 0.6963"," 0.7020","0"
"Tests/Unit/neg/errmsg.hs"," 0.7413"," 0.7315","0"
"Tests/Unit/neg/errorloc.hs"," 0.7293"," 0.7179","0"
"Tests/Unit/neg/ex0-unsafe.hs"," 0.7697"," 0.7601","0"
"Tests/Unit/neg/ex1-unsafe.hs"," 0.7663"," 0.7638","0"
"Tests/Unit/neg/filterAbs.hs"," 0.8249"," 0.8035","0"
"Tests/Unit/neg/foldN.hs"," 0.7117"," 0.7085","0"
"Tests/Unit/neg/foldN1.hs"," 0.7128"," 0.7055","0"
"Tests/Unit/neg/grty0.hs"," 0.6837"," 0.6651","0"
"Tests/Unit/neg/grty1.hs"," 0.7378"," 0.7271","0"
"Tests/Unit/neg/grty2.hs"," 0.7373"," 0.7345","0"
"Tests/Unit/neg/grty3.hs"," 0.6797"," 0.7108","0"
"Tests/Unit/neg/inc2.hs"," 0.6977"," 0.6732","0"
"Tests/Unit/neg/list00.hs"," 0.7272"," 0.7274","0"
"Tests/Unit/neg/listne.hs"," 0.6587"," 0.6598","0"
"Tests/Unit/neg/lit.hs"," 0.7011"," 0.6758","0"
"Tests/Unit/neg/mapreduce-tiny.hs"," 0.7535"," 0.7315","0"
"Tests/Unit/neg/mapreduce.hs"," 2.2293"," 1.8338","0"
"Tests/Unit/neg/maps.hs"," 1.1027"," 0.7775","0"
"Tests/Unit/neg/meas0.hs"," 0.9060"," 0.7426","0"
"Tests/Unit/neg/meas2.hs"," 0.9458"," 0.7562","0"
"Tests/Unit/neg/meas3.hs"," 0.8389"," 0.7445","0"
"Tests/Unit/neg/meas5.hs"," 1.3167"," 1.1645","0"
"Tests/Unit/neg/meas7.hs"," 0.7472"," 0.6957","0"
"Tests/Unit/neg/meas9.hs"," 0.7454"," 0.6984","0"
"Tests/Unit/neg/monad3.hs"," 0.9226"," 0.7952","0"
"Tests/Unit/neg/monad4.hs"," 0.9015"," 0.8058","0"
"Tests/Unit/neg/monad5.hs"," 0.9379"," 0.7707","0"
"Tests/Unit/neg/monad6.hs"," 0.7971"," 0.7330","0"
"Tests/Unit/neg/monad7.hs"," 0.9452"," 0.8778","0"
"Tests/Unit/neg/mr00.hs"," 0.8807"," 0.7961","0"
"Tests/Unit/neg/multi-pred-app-00.hs"," 0.7162"," 0.6573","0"
"Tests/Unit/neg/nestedRecursion.hs"," 0.7463"," 0.6889","0"
"Tests/Unit/neg/pair.hs"," 1.4075"," 1.3181","0"
"Tests/Unit/neg/pair0.hs"," 1.3638"," 1.2568","0"
"Tests/Unit/neg/pargs.hs"," 0.7904"," 0.6609","0"
"Tests/Unit/neg/pargs1.hs"," 0.8244"," 0.6719","0"
"Tests/Unit/neg/partial.hs"," 0.9421"," 0.6929","0"
"Tests/Unit/neg/poly0.hs"," 0.9328"," 0.7647","0"
"Tests/Unit/neg/poly1.hs"," 0.8661"," 0.7436","0"
"Tests/Unit/neg/poly2-degenerate.hs"," 0.8186"," 0.7253","0"
"Tests/Unit/neg/poly2.hs"," 0.7955"," 0.7351","0"
"Tests/Unit/neg/polypred.hs"," 0.8546"," 0.7145","0"
"Tests/Unit/neg/poslist.hs"," 1.0522"," 0.8540","0"
"Tests/Unit/neg/pragma0-unsafe.hs"," 0.7388"," 0.6595","0"
"Tests/Unit/neg/pred.hs"," 0.6532"," 0.5709","0"
"Tests/Unit/neg/prune0.hs"," 0.8032"," 0.7219","0"
"Tests/Unit/neg/qsloop.hs"," 0.9619"," 0.8803","0"
"Tests/Unit/neg/range.hs"," 1.2993"," 1.0228","0"
"Tests/Unit/neg/record0.hs"," 0.9759"," 0.6665","0"
"Tests/Unit/neg/revshape.hs"," 0.9771"," 0.6795","0"
"Tests/Unit/neg/risers.hs"," 0.7594"," 0.7018","0"
"Tests/Unit/neg/stacks.hs"," 1.0775"," 0.9398","0"
"Tests/Unit/neg/state0.hs"," 0.9610"," 0.6839","0"
"Tests/Unit/neg/state00.hs"," 0.7538"," 0.6890","0"
"Tests/Unit/neg/string00.hs"," 0.7931"," 0.7211","0"
"Tests/Unit/neg/sumPoly.hs"," 0.7948"," 0.7037","0"
"Tests/Unit/neg/sumk.hs"," 0.8279"," 0.7085","0"
"Tests/Unit/neg/test00.hs"," 0.8894"," 0.7296","0"
"Tests/Unit/neg/test00a.hs"," 0.8103"," 0.7310","0"
"Tests/Unit/neg/test00b.hs"," 0.8573"," 0.7346","0"
"Tests/Unit/neg/test00c.hs"," 0.7345"," 0.6826","0"
"Tests/Unit/neg/test1.hs"," 0.8285"," 0.7364","0"
"Tests/Unit/neg/test2.hs"," 0.8642"," 0.7290","0"
"Tests/Unit/neg/testRec.hs"," 0.7982"," 0.7312","0"
"Tests/Unit/neg/trans.hs"," 1.7290"," 1.5462","0"
"Tests/Unit/neg/truespec.hs"," 0.8017"," 0.7173","0"
"Tests/Unit/neg/tyclass0-unsafe.hs"," 0.7419"," 0.6576","0"
"Tests/Unit/neg/vector0.hs"," 0.9917"," 0.8508","0"
"Tests/Unit/neg/vector00.hs"," 0.8672"," 0.7805","0"
"Tests/Unit/neg/vector0a.hs"," 0.8626"," 0.8147","0"
"Tests/Unit/neg/vector1a.hs"," 1.0829"," 0.9404","0"
"Tests/Unit/neg/vector2.hs"," 1.5522"," 1.2565","0"
"Tests/Unit/neg/wrap0.hs"," 0.8457"," 0.7856","0"
"Tests/Unit/neg/wrap1.hs"," 1.0453"," 0.9340","0"
"Tests/Unit/parser/pos/Parens.hs"," 0.6660"," 0.6694","0"
"Tests/Unit/parser/pos/TokensAsPrefixes.hs"," 0.6622"," 0.6559","0"
"Tests/Unit/pos/AVL.hs"," 1.9611"," 1.7781","0"
"Tests/Unit/pos/AVLRJ.hs"," 2.1951"," 1.8594","0"
"Tests/Unit/pos/Abs.hs"," 0.8067"," 0.6774","0"
"Tests/Unit/pos/Ackermann.hs"," 0.8868"," 0.7436","0"
"Tests/Unit/pos/AmortizedQueue.hs"," 1.0340"," 0.8158","0"
"Tests/Unit/pos/Assume.hs"," 0.9177"," 0.7285","0"
"Tests/Unit/pos/AssumedRecursive.hs"," 0.7665"," 0.6604","0"
"Tests/Unit/pos/AutoSize.hs"," 0.8977"," 0.6788","0"
"Tests/Unit/pos/AutoTerm.hs"," 0.8312"," 0.7166","0"
"Tests/Unit/pos/AutoTerm1.hs"," 0.7668"," 0.6733","0"
"Tests/Unit/pos/Avg.hs"," 0.7856"," 0.6922","0"
"Tests/Unit/pos/BST.hs"," 4.9897"," 4.3067","0"
"Tests/Unit/pos/BST000.hs"," 1.2679"," 1.1335","0"
"Tests/Unit/pos/BinarySearch.hs"," 0.9221"," 0.8064","0"
"Tests/Unit/pos/Books.hs"," 0.8377"," 0.7599","0"
"Tests/Unit/pos/CasesToLogic.hs"," 0.7742"," 0.6680","0"
"Tests/Unit/pos/Cat.hs"," 0.7632"," 0.6873","0"
"Tests/Unit/pos/Chunks.hs"," 0.8843"," 0.7527","0"
"Tests/Unit/pos/Class.hs"," 1.0441"," 0.9173","0"
"Tests/Unit/pos/Class2.hs"," 0.9815"," 0.8800","0"
"Tests/Unit/pos/ClassReg.hs"," 0.7347"," 0.6842","0"
"Tests/Unit/pos/ClojurVector.hs"," 0.9823"," 0.8592","0"
"Tests/Unit/pos/Coercion.hs"," 0.7570"," 0.6808","0"
"Tests/Unit/pos/CommentedOut.hs"," 0.7376"," 0.6928","0"
"Tests/Unit/pos/CompareConstraints.hs"," 1.0616"," 0.8938","0"
"Tests/Unit/pos/Constraints.hs"," 0.8289"," 0.7372","0"
"Tests/Unit/pos/ConstraintsAppend.hs"," 1.3528"," 1.2078","0"
"Tests/Unit/pos/CountMonad.hs"," 0.9945"," 0.7585","0"
"Tests/Unit/pos/DB00.hs"," 0.7697"," 0.6887","0"
"Tests/Unit/pos/DataBase.hs"," 0.9178"," 0.7083","0"
"Tests/Unit/pos/DataKinds.hs"," 0.7407"," 0.6677","0"
"Tests/Unit/pos/DependentTypes.hs"," 0.8081"," 0.7343","0"
"Tests/Unit/pos/Eval.hs"," 0.9144"," 0.8782","0"
"Tests/Unit/pos/Even.hs"," 0.7290"," 0.7399","0"
"Tests/Unit/pos/Even0.hs"," 0.7732"," 0.7813","0"
"Tests/Unit/pos/ExactFunApp.hs"," 0.8408"," 0.7580","0"
"Tests/Unit/pos/FFI.hs"," 0.8189"," 0.8246","0"
"Tests/Unit/pos/Foldl.hs"," 6.4953"," 6.2105","0"
"Tests/Unit/pos/Foo.hs"," 0.7296"," 0.7412","0"
"Tests/Unit/pos/Fractional.hs"," 0.7560"," 0.7377","0"
"Tests/Unit/pos/FractionalInstance.hs"," 1.9972"," 2.0088","0"
"Tests/Unit/pos/GADTs.hs"," 0.8525"," 0.7372","0"
"Tests/Unit/pos/GCD.hs"," 1.0695"," 0.9093","0"
"Tests/Unit/pos/GeneralizedTermination.hs"," 0.8749"," 0.8522","0"
"Tests/Unit/pos/GhcListSort.hs"," 6.4596"," 6.4276","0"
"Tests/Unit/pos/GhcSort1.hs"," 2.7559"," 2.9035","0"
"Tests/Unit/pos/GhcSort2.hs"," 1.4318"," 1.4023","0"
"Tests/Unit/pos/GhcSort3.T.hs"," 1.4994"," 1.4653","0"
"Tests/Unit/pos/GhcSort3.hs"," 3.5069"," 3.2259","0"
"Tests/Unit/pos/Goo.hs"," 0.7313"," 0.7674","0"
"Tests/Unit/pos/GoodHMeas.hs"," 0.7853"," 0.7840","0"
"Tests/Unit/pos/Gradual.hs"," 0.0000"," 0.0000","0"
"Tests/Unit/pos/Graph.hs"," 1.0618"," 1.0599","0"
"Tests/Unit/pos/HasElem.hs"," 0.8088"," 0.8126","0"
"Tests/Unit/pos/HaskellMeasure.hs"," 0.8205"," 0.7714","0"
"Tests/Unit/pos/HedgeUnion.hs"," 0.9287"," 0.8892","0"
"Tests/Unit/pos/HigherOrderRecFun.hs"," 0.7688"," 0.7585","0"
"Tests/Unit/pos/Holes.hs"," 0.8328"," 0.7993","0"
"Tests/Unit/pos/IcfpDemo.hs"," 0.9850"," 0.9338","0"
"Tests/Unit/pos/Infinity.hs"," 0.8223"," 0.9736","0"
"Tests/Unit/pos/Invariants.hs"," 0.8572"," 0.9682","0"
"Tests/Unit/pos/Keys.hs"," 0.8476"," 0.8235","0"
"Tests/Unit/pos/LambdaDeBruijn.hs"," 1.3947"," 1.3663","0"
"Tests/Unit/pos/LambdaEval.hs"," 12.9263"," 13.6702","0"
"Tests/Unit/pos/LambdaEvalMini.hs"," 2.3141"," 2.8661","0"
"Tests/Unit/pos/LambdaEvalSuperTiny.hs"," 1.0566"," 1.3201","0"
"Tests/Unit/pos/LambdaEvalTiny.hs"," 1.1115"," 1.0672","0"
"Tests/Unit/pos/LazyWhere.hs"," 0.7817"," 0.8135","0"
"Tests/Unit/pos/LazyWhere1.hs"," 0.8151"," 0.8278","0"
"Tests/Unit/pos/LiquidArray.hs"," 0.7723"," 0.7837","0"
"Tests/Unit/pos/LiquidClass.hs"," 0.7323"," 0.7804","0"
"Tests/Unit/pos/ListConcat.hs"," 0.8573"," 0.7867","0"
"Tests/Unit/pos/ListElem.hs"," 0.7914"," 0.7948","0"
"Tests/Unit/pos/ListISort-LType.hs"," 1.2157"," 1.2277","0"
"Tests/Unit/pos/ListISort.hs"," 0.8713"," 0.8564","0"
"Tests/Unit/pos/ListKeys.hs"," 0.7746"," 0.7872","0"
"Tests/Unit/pos/ListLen-LType.hs"," 1.2154"," 1.1860","0"
"Tests/Unit/pos/ListLen.hs"," 1.3467"," 1.3230","0"
"Tests/Unit/pos/ListMSort-LType.hs"," 2.2742"," 2.2126","0"
"Tests/Unit/pos/ListMSort.hs"," 1.3495"," 1.3833","0"
"Tests/Unit/pos/ListQSort-LType.hs"," 1.3970"," 1.4062","0"
"Tests/Unit/pos/ListQSort.hs"," 1.5654"," 1.5189","0"
"Tests/Unit/pos/ListRange-LType.hs"," 0.9170"," 0.8978","0"
"Tests/Unit/pos/ListRange.hs"," 0.9017"," 0.8903","0"
"Tests/Unit/pos/ListReverse-LType.hs"," 0.8269"," 0.8292","0"
"Tests/Unit/pos/ListSort.hs"," 2.1879"," 2.0094","0"
"Tests/Unit/pos/LocalHole.hs"," 1.1500"," 0.7981","0"
"Tests/Unit/pos/LocalLazy.hs"," 0.8742"," 0.8075","0"
"Tests/Unit/pos/LocalSpec.hs"," 0.8821"," 0.8234","0"
"Tests/Unit/pos/LocalSpec0.hs"," 0.7432"," 0.7685","0"
"Tests/Unit/pos/LocalSpecImp.hs"," 0.8466"," 0.7723","0"
"Tests/Unit/pos/LocalTermExpr.hs"," 0.8068"," 0.8398","0"
"Tests/Unit/pos/LogicCurry1.hs"," 0.7384"," 0.7687","0"
"Tests/Unit/pos/Loo.hs"," 0.7424"," 0.7616","0"
"Tests/Unit/pos/Map.hs"," 9.5047"," 9.3118","0"
"Tests/Unit/pos/Map2.hs"," 10.3127"," 9.5372","0"
"Tests/Unit/pos/MeasureContains.hs"," 0.8497"," 0.8649","0"
"Tests/Unit/pos/MeasureDups.hs"," 0.8386"," 0.8289","0"
"Tests/Unit/pos/MeasureSets.hs"," 0.8325"," 0.7779","0"
"Tests/Unit/pos/Measures.hs"," 0.7596"," 0.7551","0"
"Tests/Unit/pos/Measures1.hs"," 0.7621"," 0.7404","0"
"Tests/Unit/pos/Merge1.hs"," 0.8284"," 0.8230","0"
"Tests/Unit/pos/MergeSort.hs"," 1.2996"," 1.2355","0"
"Tests/Unit/pos/Mod1.hs"," 0.7660"," 0.7460","0"
"Tests/Unit/pos/Mod2.hs"," 0.7520"," 0.7655","0"
"Tests/Unit/pos/Moo.hs"," 0.8581"," 0.7563","0"
"Tests/Unit/pos/MultipleInvariants.hs"," 0.7548"," 0.8079","0"
"Tests/Unit/pos/MutualRec.hs"," 2.1247"," 2.2290","0"
"Tests/Unit/pos/NoCaseExpand.hs"," 1.1324"," 1.1786","0"
"Tests/Unit/pos/NoExhaustiveGuardsError.hs"," 0.7461"," 0.8160","0"
"Tests/Unit/pos/Overwrite.hs"," 0.7891"," 0.7722","0"
"Tests/Unit/pos/PairMeasure.hs"," 0.7693"," 0.7772","0"
"Tests/Unit/pos/PairMeasure0.hs"," 0.7616"," 0.7710","0"
"Tests/Unit/pos/Permutation.hs"," 1.4638"," 1.4678","0"
"Tests/Unit/pos/PersistentVector.hs"," 0.8831"," 0.8609","0"
"Tests/Unit/pos/PlugHoles.hs"," 0.7054"," 0.7552","0"
"Tests/Unit/pos/PointDist.hs"," 0.8352"," 0.8405","0"
"Tests/Unit/pos/Product.hs"," 1.1172"," 1.0261","0"
"Tests/Unit/pos/PromotedDataCons.hs"," 0.7952"," 0.8213","0"
"Tests/Unit/pos/Propability.hs"," 0.8808"," 0.8409","0"
"Tests/Unit/pos/QQTySig.hs"," 3.1713"," 3.1330","0"
"Tests/Unit/pos/QQTySigTyVars.hs"," 3.7493"," 3.2467","0"
"Tests/Unit/pos/QQTySyn.hs"," 3.5128"," 3.2359","0"
"Tests/Unit/pos/RBTree-col-height.hs"," 4.3523"," 3.8760","0"
"Tests/Unit/pos/RBTree-color.hs"," 3.2901"," 3.2172","0"
"Tests/Unit/pos/RBTree-height.hs"," 2.7394"," 2.6839","0"
"Tests/Unit/pos/RBTree-ord.hs"," 6.0568"," 5.8877","0"
"Tests/Unit/pos/RBTree.hs"," 10.2172"," 9.6312","0"
"Tests/Unit/pos/RealProps.hs"," 0.8548"," 0.7919","0"
"Tests/Unit/pos/RealProps1.hs"," 0.8402"," 0.8101","0"
"Tests/Unit/pos/RecQSort.hs"," 0.9230"," 0.9305","0"
"Tests/Unit/pos/RecQSort0.hs"," 0.9227"," 0.9229","0"
"Tests/Unit/pos/RecSelector.hs"," 0.7509"," 0.7468","0"
"Tests/Unit/pos/RecordSelectorError.hs"," 0.7609"," 0.7850","0"
"Tests/Unit/pos/RelativeComplete.hs"," 0.7928"," 0.8002","0"
"Tests/Unit/pos/Repeat.hs"," 0.8477"," 0.7969","0"
"Tests/Unit/pos/Resolve.hs"," 0.7814"," 0.7686","0"
"Tests/Unit/pos/ResolveA.hs"," 0.8081"," 0.7547","0"
"Tests/Unit/pos/ResolveB.hs"," 0.7320"," 0.7377","0"
"Tests/Unit/pos/ResolvePred.hs"," 0.7853"," 0.8030","0"
"Tests/Unit/pos/SafePartialFunctions.hs"," 0.7855"," 0.7927","0"
"Tests/Unit/pos/SimplerNotation.hs"," 0.7319"," 0.7677","0"
"Tests/Unit/pos/SimplifyTup00.hs"," 0.8036"," 0.7801","0"
"Tests/Unit/pos/Solver.hs"," 1.2989"," 1.2901","0"
"Tests/Unit/pos/StackClass.hs"," 0.8019"," 0.8069","0"
"Tests/Unit/pos/State.hs"," 0.8411"," 0.8564","0"
"Tests/Unit/pos/State1.hs"," 0.7944"," 0.8028","0"
"Tests/Unit/pos/StateConstraints.hs"," 5.0527"," 4.9196","0"
"Tests/Unit/pos/StateConstraints0.hs"," 8.9448"," 8.7241","0"
"Tests/Unit/pos/StateConstraints00.hs"," 0.7956"," 0.7715","0"
"Tests/Unit/pos/StateF00.hs"," 0.8451"," 0.7931","0"
"Tests/Unit/pos/StreamInvariants.hs"," 0.7505"," 0.7543","0"
"Tests/Unit/pos/StrictPair0.hs"," 0.8380"," 0.8090","0"
"Tests/Unit/pos/StrictPair1.hs"," 1.0179"," 1.0436","0"
"Tests/Unit/pos/StringLit.hs"," 0.7387"," 0.7538","0"
"Tests/Unit/pos/Strings.hs"," 0.7820"," 0.8170","0"
"Tests/Unit/pos/StructRec.hs"," 0.7820"," 0.7740","0"
"Tests/Unit/pos/Sum.hs"," 0.8979"," 0.8237","0"
"Tests/Unit/pos/T531.hs"," 0.8030"," 0.7634","0"
"Tests/Unit/pos/T595.hs"," 0.7968"," 0.8134","0"
"Tests/Unit/pos/T595a.hs"," 0.7633"," 0.7498","0"
"Tests/Unit/pos/T598.hs"," 0.9123"," 0.8787","0"
"Tests/Unit/pos/T675.hs"," 0.9255"," 0.9272","0"
"Tests/Unit/pos/T716.hs"," 0.9328"," 0.8326","0"
"Tests/Unit/pos/TemplateHaskell.hs"," 0.8982"," 1.7828","0"
"Tests/Unit/pos/TemplateHaskellImp.hs"," 1.0984"," 1.0391","0"
"Tests/Unit/pos/Term.hs"," 0.8147"," 0.8600","0"
"Tests/Unit/pos/Termination.lhs"," 1.3330"," 1.2975","0"
"Tests/Unit/pos/TerminationNum.hs"," 0.7590"," 0.7623","0"
"Tests/Unit/pos/TerminationNum0.hs"," 0.7642"," 0.7737","0"
"Tests/Unit/pos/Test761.hs"," 0.9723"," 0.8232","0"
"Tests/Unit/pos/TokenType.hs"," 0.9369"," 0.7456","0"
"Tests/Unit/pos/TopLevel.hs"," 0.9711"," 0.8094","0"
"Tests/Unit/pos/ToyMVar.hs"," 1.2328"," 1.0433","0"
"Tests/Unit/pos/TypeAlias.hs"," 0.9185"," 0.7532","0"
"Tests/Unit/pos/TypeFamilies.hs"," 1.0294"," 0.8541","0"
"Tests/Unit/pos/UnboxedTuples.hs"," 0.8609"," 0.7390","0"
"Tests/Unit/pos/UnboxedTuplesAndTH.hs"," 0.8428"," 1.2252","0"
"Tests/Unit/pos/Variance.hs"," 0.8337"," 0.8071","0"
"Tests/Unit/pos/WBL.hs"," 1.6985"," 1.6880","0"
"Tests/Unit/pos/WBL0.hs"," 1.7832"," 1.6533","0"
"Tests/Unit/pos/Words.hs"," 0.7309"," 0.7448","0"
"Tests/Unit/pos/Words1.hs"," 0.8187"," 0.7546","0"
"Tests/Unit/pos/absref-crash.hs"," 0.7322"," 0.6657","0"
"Tests/Unit/pos/absref-crash0.hs"," 0.8962"," 0.6867","0"
"Tests/Unit/pos/adt0.hs"," 0.8074"," 0.7168","0"
"Tests/Unit/pos/alias00.hs"," 0.8794"," 0.6735","0"
"Tests/Unit/pos/alias01.hs"," 0.9186"," 0.6732","0"
"Tests/Unit/pos/alphaconvert-List.hs"," 1.3173"," 1.0384","0"
"Tests/Unit/pos/alphaconvert-Set.hs"," 1.1680"," 0.8419","0"
"Tests/Unit/pos/anfbug.hs"," 1.0550"," 0.7556","0"
"Tests/Unit/pos/anftest.hs"," 0.9392"," 0.6934","0"
"Tests/Unit/pos/anish1.hs"," 0.9653"," 0.6847","0"
"Tests/Unit/pos/bangPatterns.hs"," 0.8579"," 0.7267","0"
"Tests/Unit/pos/bar.hs"," 0.8837"," 0.6770","0"
"Tests/Unit/pos/bounds1.hs"," 0.7628"," 0.6735","0"
"Tests/Unit/pos/case-lambda-join.hs"," 0.9275"," 0.8034","0"
"Tests/Unit/pos/cmptag0.hs"," 0.8119"," 0.7515","0"
"Tests/Unit/pos/compare.hs"," 0.8196"," 0.7340","0"
"Tests/Unit/pos/compare1.hs"," 0.8446"," 0.7464","0"
"Tests/Unit/pos/compare2.hs"," 0.8124"," 0.7319","0"
"Tests/Unit/pos/comprehensionTerm.hs"," 1.2056"," 1.0621","0"
"Tests/Unit/pos/contra0.hs"," 0.9690"," 0.7435","0"
"Tests/Unit/pos/coretologic.hs"," 0.7929"," 0.7144","0"
"Tests/Unit/pos/csgordon_issue_296.hs"," 0.7232"," 0.6784","0"
"Tests/Unit/pos/cut00.hs"," 0.8041"," 0.7191","0"
"Tests/Unit/pos/data2.hs"," 0.8718"," 0.7789","0"
"Tests/Unit/pos/dataConQuals.hs"," 0.7795"," 0.6789","0"
"Tests/Unit/pos/datacon-inv.hs"," 0.8722"," 0.6689","0"
"Tests/Unit/pos/datacon0.hs"," 0.9003"," 0.7852","0"
"Tests/Unit/pos/datacon1.hs"," 0.7411"," 0.6594","0"
"Tests/Unit/pos/deepmeas0.hs"," 0.8860"," 0.8224","0"
"Tests/Unit/pos/deppair0.hs"," 0.9041"," 0.7763","0"
"Tests/Unit/pos/deppair1.hs"," 0.8458"," 0.7894","0"
"Tests/Unit/pos/deptup.hs"," 1.0486"," 0.9969","0"
"Tests/Unit/pos/deptup0.hs"," 0.8791"," 0.7847","0"
"Tests/Unit/pos/deptup1.hs"," 0.9471"," 0.8566","0"
"Tests/Unit/pos/deptup3.hs"," 0.9838"," 0.7569","0"
"Tests/Unit/pos/deptupW.hs"," 0.9880"," 0.7760","0"
"Tests/Unit/pos/div000.hs"," 0.7878"," 0.7144","0"
"Tests/Unit/pos/dropwhile.hs"," 1.0054"," 0.9564","0"
"Tests/Unit/pos/duplicate-bind.hs"," 0.7655"," 0.7547","0"
"Tests/Unit/pos/elements.hs"," 1.1764"," 1.0928","0"
"Tests/Unit/pos/elems.hs"," 0.8647"," 0.7257","0"
"Tests/Unit/pos/elim-ex-compose.hs"," 1.3359"," 1.1336","0"
"Tests/Unit/pos/elim-ex-let.hs"," 3.0092"," 3.0266","0"
"Tests/Unit/pos/elim-ex-list.hs"," 3.0239"," 3.5565","0"
"Tests/Unit/pos/elim-ex-map-1.hs"," 3.0921"," 3.4535","0"
"Tests/Unit/pos/elim-ex-map-2.hs"," 3.0895"," 3.1588","0"
"Tests/Unit/pos/elim-ex-map-3.hs"," 3.2298"," 3.2765","0"
"Tests/Unit/pos/elim00.hs"," 0.7543"," 0.8192","0"
"Tests/Unit/pos/elim01.hs"," 0.8581"," 1.0771","0"
"Tests/Unit/pos/eqelems.hs"," 0.7997"," 0.7774","0"
"Tests/Unit/pos/ex0.hs"," 0.8317"," 0.8883","0"
"Tests/Unit/pos/ex01.hs"," 0.7471"," 0.7451","0"
"Tests/Unit/pos/ex1.hs"," 0.9230"," 0.9006","0"
"Tests/Unit/pos/exp0.hs"," 0.8114"," 0.8090","0"
"Tests/Unit/pos/extype.hs"," 0.7607"," 0.7678","0"
"Tests/Unit/pos/failName.hs"," 0.7206"," 0.7819","0"
"Tests/Unit/pos/filterAbs.hs"," 0.8436"," 0.8810","0"
"Tests/Unit/pos/foldN.hs"," 0.7562"," 0.8057","0"
"Tests/Unit/pos/foldr.hs"," 0.7894"," 0.7926","0"
"Tests/Unit/pos/for.hs"," 0.9978"," 0.9763","0"
"Tests/Unit/pos/forloop.hs"," 0.9914"," 0.9716","0"
"Tests/Unit/pos/gadtEval.hs"," 1.5087"," 1.2524","0"
"Tests/Unit/pos/gimme.hs"," 0.8081"," 0.8319","0"
"Tests/Unit/pos/go.hs"," 0.8415"," 0.8172","0"
"Tests/Unit/pos/go_ugly_type.hs"," 0.8586"," 0.8410","0"
"Tests/Unit/pos/grty0.hs"," 0.7533"," 0.7493","0"
"Tests/Unit/pos/grty1.hs"," 0.7908"," 0.7763","0"
"Tests/Unit/pos/grty2.hs"," 0.7926"," 0.7490","0"
"Tests/Unit/pos/grty3.hs"," 0.7905"," 0.7459","0"
"Tests/Unit/pos/hello.hs"," 0.7748"," 0.7801","0"
"Tests/Unit/pos/hole-app.hs"," 0.7828"," 0.7707","0"
"Tests/Unit/pos/hole-fun.hs"," 0.7966"," 0.7753","0"
"Tests/Unit/pos/idNat.hs"," 0.8402"," 0.7645","0"
"Tests/Unit/pos/idNat0.hs"," 0.8558"," 0.7631","0"
"Tests/Unit/pos/imp0.hs"," 1.0345"," 0.8294","0"
"Tests/Unit/pos/implies.hs"," 0.7745"," 0.7447","0"
"Tests/Unit/pos/infix.hs"," 0.7912"," 0.8176","0"
"Tests/Unit/pos/initarray.hs"," 1.1999"," 1.0434","0"
"Tests/Unit/pos/inline.hs"," 0.8077"," 0.8094","0"
"Tests/Unit/pos/inline1.hs"," 0.7274"," 0.9014","0"
"Tests/Unit/pos/invlhs.hs"," 0.7475"," 0.7823","0"
"Tests/Unit/pos/ite.hs"," 0.9287"," 0.8157","0"
"Tests/Unit/pos/ite1.hs"," 0.9515"," 0.7801","0"
"Tests/Unit/pos/jeff.hs"," 3.9631"," 3.9849","0"
"Tests/Unit/pos/kmp.hs"," 2.2578"," 2.0277","0"
"Tests/Unit/pos/kmpVec.hs"," 1.7745"," 1.7454","0"
"Tests/Unit/pos/lets.hs"," 0.8729"," 0.9079","0"
"Tests/Unit/pos/lex.hs"," 0.7495"," 0.7842","0"
"Tests/Unit/pos/listAnf.hs"," 0.8891"," 0.8534","0"
"Tests/Unit/pos/listSet.hs"," 0.9269"," 0.9244","0"
"Tests/Unit/pos/listSetDemo.hs"," 0.9388"," 0.9039","0"
"Tests/Unit/pos/listqual.hs"," 0.8261"," 0.8487","0"
"Tests/Unit/pos/lit.hs"," 0.9839"," 0.7618","0"
"Tests/Unit/pos/lit00.hs"," 1.0745"," 0.8552","0"
"Tests/Unit/pos/malformed0.hs"," 1.0635"," 1.0722","0"
"Tests/Unit/pos/mapTvCrash.hs"," 0.9478"," 0.7788","0"
"Tests/Unit/pos/mapreduce-bare.hs"," 3.7120"," 3.3088","0"
"Tests/Unit/pos/mapreduce.hs"," 2.5068"," 2.0138","0"
"Tests/Unit/pos/maps.hs"," 1.0191"," 0.8719","0"
"Tests/Unit/pos/maps1.hs"," 0.8042"," 0.8346","0"
"Tests/Unit/pos/maybe.hs"," 1.2122"," 1.1789","0"
"Tests/Unit/pos/maybe0.hs"," 0.8232"," 0.8264","0"
"Tests/Unit/pos/maybe00.hs"," 0.7396"," 0.7634","0"
"Tests/Unit/pos/maybe000.hs"," 0.8244"," 0.8389","0"
"Tests/Unit/pos/maybe1.hs"," 0.9470"," 0.9126","0"
"Tests/Unit/pos/maybe2.hs"," 1.5264"," 1.2283","0"
"Tests/Unit/pos/maybe3.hs"," 0.7311"," 0.7602","0"
"Tests/Unit/pos/maybe4.hs"," 0.7907"," 0.7612","0"
"Tests/Unit/pos/meas0.hs"," 0.9472"," 0.8400","0"
"Tests/Unit/pos/meas00.hs"," 0.8212"," 0.8055","0"
"Tests/Unit/pos/meas00a.hs"," 0.7766"," 0.8264","0"
"Tests/Unit/pos/meas0a.hs"," 0.8357"," 0.8585","0"
"Tests/Unit/pos/meas1.hs"," 0.8252"," 0.8329","0"
"Tests/Unit/pos/meas10.hs"," 0.9483"," 0.8909","0"
"Tests/Unit/pos/meas11.hs"," 0.9068"," 0.7971","0"
"Tests/Unit/pos/meas2.hs"," 0.8235"," 0.8314","0"
"Tests/Unit/pos/meas3.hs"," 1.0809"," 0.9224","0"
"Tests/Unit/pos/meas4.hs"," 0.9584"," 0.9613","0"
"Tests/Unit/pos/meas5.hs"," 1.5982"," 1.3168","0"
"Tests/Unit/pos/meas6.hs"," 0.9748"," 0.9392","0"
"Tests/Unit/pos/meas7.hs"," 0.9860"," 0.8303","0"
"Tests/Unit/pos/meas8.hs"," 0.8227"," 0.8276","0"
"Tests/Unit/pos/meas9.hs"," 0.8541"," 0.8630","0"
"Tests/Unit/pos/modTest.hs"," 0.8208"," 0.8077","0"
"Tests/Unit/pos/monad1.hs"," 0.8170"," 0.7592","0"
"Tests/Unit/pos/monad2.hs"," 0.7630"," 0.7809","0"
"Tests/Unit/pos/monad5.hs"," 1.0301"," 1.0675","0"
"Tests/Unit/pos/monad6.hs"," 0.8300"," 0.8797","0"
"Tests/Unit/pos/monad7.hs"," 0.9891"," 0.9654","0"
"Tests/Unit/pos/multi-pred-app-00.hs"," 0.7185"," 0.7560","0"
"Tests/Unit/pos/mutrec.hs"," 0.7410"," 0.7830","0"
"Tests/Unit/pos/nats.hs"," 0.8209"," 0.8394","0"
"Tests/Unit/pos/niki.hs"," 0.7899"," 0.8357","0"
"Tests/Unit/pos/niki1.hs"," 0.8483"," 0.8444","0"
"Tests/Unit/pos/nullterm.hs"," 0.9903"," 1.0492","0"
"Tests/Unit/pos/pair.hs"," 1.4483"," 1.4817","0"
"Tests/Unit/pos/pair0.hs"," 1.3937"," 1.4427","0"
"Tests/Unit/pos/pair00.hs"," 1.1942"," 1.2430","0"
"Tests/Unit/pos/pargs.hs"," 0.7351"," 0.7552","0"
"Tests/Unit/pos/pargs1.hs"," 0.7523"," 0.7963","0"
"Tests/Unit/pos/partial-tycon.hs"," 0.7226"," 0.7698","0"
"Tests/Unit/pos/partialmeasure.hs"," 0.7732"," 0.7888","0"
"Tests/Unit/pos/poly0.hs"," 0.8726"," 0.8533","0"
"Tests/Unit/pos/poly1.hs"," 0.8441"," 0.8316","0"
"Tests/Unit/pos/poly2-degenerate.hs"," 0.8078"," 0.8340","0"
"Tests/Unit/pos/poly2.hs"," 0.8388"," 0.8259","0"
"Tests/Unit/pos/poly3.hs"," 0.7615"," 0.7893","0"
"Tests/Unit/pos/poly3a.hs"," 0.7521"," 0.7880","0"
"Tests/Unit/pos/poly4.hs"," 0.7888"," 0.8545","0"
"Tests/Unit/pos/polyfun.hs"," 0.8120"," 0.8348","0"
"Tests/Unit/pos/polyqual.hs"," 1.0787"," 1.1062","0"
"Tests/Unit/pos/poslist.hs"," 0.9430"," 0.9561","0"
"Tests/Unit/pos/poslist_dc.hs"," 0.8732"," 0.8726","0"
"Tests/Unit/pos/pragma0.hs"," 0.7398"," 0.7721","0"
"Tests/Unit/pos/pred.hs"," 0.7975"," 0.7446","0"
"Tests/Unit/pos/primInt0.hs"," 0.9036"," 0.8411","0"
"Tests/Unit/pos/profcrasher.hs"," 0.8457"," 0.7927","0"
"Tests/Unit/pos/propmeasure.hs"," 0.9167"," 0.8865","0"
"Tests/Unit/pos/propmeasure1.hs"," 0.7647"," 0.7562","0"
"Tests/Unit/pos/qualTest.hs"," 0.9280"," 0.8276","0"
"Tests/Unit/pos/range.hs"," 1.3080"," 1.0980","0"
"Tests/Unit/pos/range1.hs"," 1.1660"," 0.8328","0"
"Tests/Unit/pos/rangeAdt.hs"," 1.8556"," 1.7650","0"
"Tests/Unit/pos/rec_annot_go.hs"," 0.9530"," 0.9089","0"
"Tests/Unit/pos/record0.hs"," 0.8494"," 0.8375","0"
"Tests/Unit/pos/record1.hs"," 0.7553"," 0.7702","0"
"Tests/Unit/pos/recursion0.hs"," 0.7451"," 0.7619","0"
"Tests/Unit/pos/repeatHigherOrder.hs"," 1.1869"," 1.1863","0"
"Tests/Unit/pos/risers.hs"," 0.8425"," 0.8609","0"
"Tests/Unit/pos/scanr.hs"," 0.8667"," 0.8532","0"
"Tests/Unit/pos/selfList.hs"," 0.8682"," 0.8921","0"
"Tests/Unit/pos/spec0.hs"," 0.8231"," 0.8608","0"
"Tests/Unit/pos/stacks0.hs"," 0.8270"," 0.8387","0"
"Tests/Unit/pos/state00.hs"," 0.8128"," 0.7786","0"
"Tests/Unit/pos/stateInvarint.hs"," 1.0096"," 0.9516","0"
"Tests/Unit/pos/string00.hs"," 0.8731"," 0.8206","0"
"Tests/Unit/pos/tagBinder.hs"," 0.7508"," 0.7484","0"
"Tests/Unit/pos/take.hs"," 1.1543"," 1.0437","0"
"Tests/Unit/pos/term0.hs"," 0.9385"," 0.8808","0"
"Tests/Unit/pos/test0.hs"," 0.9008"," 0.8127","0"
"Tests/Unit/pos/test00-int.hs"," 0.9907"," 0.8175","0"
"Tests/Unit/pos/test00.hs"," 1.0113"," 0.8130","0"
"Tests/Unit/pos/test00.old.hs"," 0.9756"," 0.8130","0"
"Tests/Unit/pos/test000.hs"," 0.9616"," 0.8386","0"
"Tests/Unit/pos/test00b.hs"," 1.0488"," 0.8286","0"
"Tests/Unit/pos/test00c.hs"," 1.0880"," 0.8769","0"
"Tests/Unit/pos/test1.hs"," 1.0522"," 0.8168","0"
"Tests/Unit/pos/test2.hs"," 1.0857"," 0.8197","0"
"Tests/Unit/pos/testRec.hs"," 1.0075"," 0.8161","0"
"Tests/Unit/pos/top0.hs"," 0.9913"," 0.8669","0"
"Tests/Unit/pos/trans.hs"," 1.2210"," 0.9317","0"
"Tests/Unit/pos/transTAG.hs"," 1.8100"," 1.7792","0"
"Tests/Unit/pos/transpose.hs"," 1.4611"," 1.2065","0"
"Tests/Unit/pos/tup0.hs"," 0.9501"," 0.7497","0"
"Tests/Unit/pos/tupparse.hs"," 1.0530"," 0.8248","0"
"Tests/Unit/pos/tyExpr.hs"," 0.8249"," 0.7715","0"
"Tests/Unit/pos/tyclass0.hs"," 0.9184"," 0.7416","0"
"Tests/Unit/pos/tyfam0.hs"," 0.9579"," 0.8008","0"
"Tests/Unit/pos/tyvar.hs"," 0.8373"," 0.7489","0"
"Tests/Unit/pos/unusedtyvars.hs"," 0.7341"," 0.7648","0"
"Tests/Unit/pos/vecloop.hs"," 0.9643"," 0.9773","0"
"Tests/Unit/pos/vector0.hs"," 1.1794"," 1.1677","0"
"Tests/Unit/pos/vector00.hs"," 0.9125"," 0.8800","0"
"Tests/Unit/pos/vector1.hs"," 1.1297"," 1.1354","0"
"Tests/Unit/pos/vector1a.hs"," 1.1984"," 1.2128","0"
"Tests/Unit/pos/vector1b.hs"," 1.2488"," 1.1849","0"
"Tests/Unit/pos/vector2.hs"," 1.4857"," 1.4692","0"
"Tests/Unit/pos/wrap0.hs"," 0.8555"," 0.8662","0"
"Tests/Unit/pos/wrap1.hs"," 1.0347"," 1.0572","0"
"Tests/Unit/pos/zipSO.hs"," 0.8161"," 0.8325","0"
"Tests/Unit/pos/zipW.hs"," 0.8176"," 0.8537","0"
"Tests/Unit/pos/zipW1.hs"," 0.8623"," 0.8400","0"
"Tests/Unit/pos/zipW2.hs"," 0.9190"," 0.8834","0"
"Tests/Unit/pos/zipper.hs"," 1.5918"," 1.5752","0"
"Tests/Unit/pos/zipper0.hs"," 0.9825"," 0.9759","0"
"Tests/Unit/pos/zipper000.hs"," 0.8586"," 0.8561","0"