"test"," time-1461115964"," time-1461161168"," time-1461161168"," time-1461992518"," time-1462334945","range"
"Tests/Benchmarks/text/Data/Text/Lazy.hs"," 77.9382"," 22.3694"," 67.7892"," 19.6374"," 38.1377","58"
"Tests/Benchmarks/bytestring/Data/ByteString/Lazy.hs"," 77.0630"," 21.3155"," 56.4304"," 22.2053"," 28.5856","55"
"Tests/Benchmarks/text/Data/Text/Lazy/Search.hs"," 90.8144"," 37.8280"," 90.4680"," 38.1936"," 46.4408","52"
"Tests/Benchmarks/bytestring/Data/ByteString/Fusion.hs"," 11.7205"," 60.5894"," 11.6302"," 23.2339"," 10.1489","50"
"Tests/Benchmarks/bytestring/Data/ByteString/Fusion.T.hs"," 14.1102"," 60.9492"," 14.1096"," 23.3353"," 10.9774","49"
"Tests/Benchmarks/text/Data/Text.hs"," 68.5614"," 22.2863"," 64.4665"," 19.6565"," 23.9995","48"
"Tests/Benchmarks/text/Data/Text/Lazy/Fusion.hs"," 6.7622"," 53.6729"," 6.4198"," 24.0469"," 23.2490","47"
"Tests/Benchmarks/text/Data/Text/Encoding.hs"," 71.8703"," 33.5933"," 75.2189"," 28.9404"," 29.5873","46"
"Tests/Benchmarks/bytestring/Data/ByteString/LazyZip.hs"," 92.8435"," 57.4058"," 76.3226"," 50.3276"," 48.1508","44"
"Tests/Benchmarks/esop/Base.hs"," 95.6293"," 68.8753"," 90.8354"," 66.5693"," 68.0141","29"
"Tests/Unit/eq_pos/AppendArrow.hs"," 52.7572"," 53.9065"," 56.2571"," 40.8425"," 38.9029","17"
"Tests/Benchmarks/bytestring/Data/ByteString.T.hs"," 36.7709"," 21.4015"," 31.2578"," 20.0545"," 23.7214","16"
"Tests/Benchmarks/bytestring/Data/ByteString.hs"," 32.8084"," 18.6415"," 27.6727"," 17.1964"," 19.7431","15"
"Tests/Benchmarks/text/Data/Text/Internal.hs"," 4.9952"," 17.0658"," 3.5187"," 15.4052"," 3.0134","14"
"Tests/Benchmarks/hscolour/Language/Haskell/HsColour/LaTeX.hs"," 22.7849"," 11.2061"," 18.4244"," 10.7876"," 10.0751","12"
"Tests/Benchmarks/icfp_neg/TwiceM.hs"," 28.6388"," 38.7821"," 27.1794"," 33.9605"," 29.2212","11"
"Tests/Unit/pos/LambdaEval.hs"," 21.6091"," 13.6356"," 21.8905"," 10.9887"," 17.7729","10"
"Tests/Benchmarks/hscolour/Language/Haskell/HsColour/ACSS.hs"," 9.8836"," 10.5090"," 8.9472"," 10.1793"," 1.0388","9"
"Tests/Benchmarks/icfp_pos/FindRec.hs"," 13.8420"," 14.7916"," 9.0043"," 9.5407"," 5.6848","9"
"Tests/Benchmarks/vect-algs/Data/Vector/Algorithms/Heap.hs"," 24.1942"," 31.7217"," 24.5092"," 23.1211"," 22.9831","8"
"Tests/Benchmarks/text/Data/Text/Lazy/Builder.hs"," 13.1966"," 6.3636"," 12.3776"," 6.4425"," 6.0130","7"
"Tests/Benchmarks/vect-algs/Data/Vector/Algorithms/Optimal.hs"," 6.5527"," 14.4304"," 6.4456"," 7.1836"," 7.0576","7"
"Tests/Unit/eq_pos/ConcatMap.hs"," 4.2933"," 4.3987"," 4.5068"," 11.5887"," 10.7808","7"
"Tests/Unit/pos/jeff.hs"," 10.7548"," 4.2838"," 9.8595"," 3.7451"," 3.9989","7"
"Tests/Unit/pos/OrdList.hs"," 14.5703"," 9.9010"," 15.2710"," 9.1858"," 9.5882","6"
"Tests/Benchmarks/bytestring/Data/ByteString/Internal.hs"," 4.7992"," 10.0119"," 4.3084"," 6.5749"," 5.2114","5"
"Tests/Benchmarks/icfp_neg/IfM.hs"," 6.5112"," 6.4611"," 4.9509"," 0.7354"," 0.7832","5"
"Tests/Benchmarks/icfp_pos/IfM.hs"," 6.1692"," 6.4106"," 4.8886"," 0.7130"," 0.7307","5"
"Tests/Unit/pos/Map.hs"," 14.2898"," 19.0081"," 13.9903"," 15.8614"," 16.1743","5"
"Tests/Unit/pos/Map0.hs"," 14.5376"," 19.3987"," 14.1189"," 15.9887"," 16.3460","5"
"Tests/Benchmarks/text/Data/Text/Search.hs"," 11.7346"," 8.3229"," 12.3011"," 8.1486"," 7.9495","4"
"Tests/Unit/pos/Map2.hs"," 15.0500"," 19.5226"," 14.8691"," 15.9707"," 16.4662","4"
"Tests/Benchmarks/icfp_pos/IfM2.hs"," 4.6050"," 3.5241"," 3.0850"," 0.7267"," 0.7903","3"
"Tests/Benchmarks/icfp_pos/RIO2.hs"," 13.8815"," 16.9687"," 13.3583"," 14.9629"," 15.5460","3"
"Tests/Unit/neg/StateConstraints0.hs"," 14.9442"," 18.8300"," 14.9628"," 14.9884"," 15.2835","3"
"Tests/Benchmarks/esop/Array.hs"," 4.0641"," 1.7592"," 4.0028"," 1.7098"," 3.7070","2"
"Tests/Benchmarks/esop/Splay.hs"," 7.9526"," 5.2092"," 7.9886"," 5.2286"," 7.9726","2"
"Tests/Benchmarks/hscolour/Language/Haskell/HsColour.hs"," 5.6755"," 3.7875"," 4.8396"," 3.5744"," 3.3282","2"
"Tests/Benchmarks/icfp_pos/TwiceM.hs"," 5.2994"," 7.8358"," 5.3438"," 6.7638"," 6.2034","2"
"Tests/Benchmarks/vect-algs/Data/Vector/Algorithms/AmericanFlag.hs"," 5.9090"," 3.9934"," 4.6489"," 3.8506"," 3.5875","2"
"Tests/Benchmarks/vect-algs/Data/Vector/Algorithms/Intro.hs"," 6.4753"," 5.2311"," 6.5338"," 4.2000"," 4.1437","2"
"Tests/Unit/eq_pos/AppendVerbose.hs"," 3.3054"," 1.1857"," 3.3599"," 1.1662"," 1.5804","2"
"Tests/Unit/eq_pos/MonadicLaws.hs"," 3.3978"," 3.3708"," 3.3483"," 5.5097"," 5.7040","2"
"Tests/Unit/pos/BST.hs"," 7.3211"," 6.0371"," 7.1930"," 4.8694"," 5.1684","2"
"Tests/Unit/pos/RBTree-ord.hs"," 7.3731"," 5.5323"," 7.2193"," 5.2703"," 5.7282","2"
"Tests/Benchmarks/bytestring/Data/ByteString/Char8.hs"," 6.0534"," 4.8764"," 5.4509"," 4.8816"," 4.6709","1"
"Tests/Benchmarks/hscolour/Language/Haskell/HsColour/HTML.hs"," 4.6478"," 3.0821"," 4.2309"," 2.9344"," 2.6748","1"
"Tests/Benchmarks/hscolour/Language/Haskell/HsColour/MIRC.hs"," 2.9217"," 1.9565"," 2.4017"," 1.8281"," 1.7505","1"
"Tests/Benchmarks/icfp_neg/DBMovies.hs"," 4.0005"," 2.6244"," 3.4433"," 2.5480"," 2.5490","1"
"Tests/Benchmarks/icfp_pos/DBMovies.hs"," 4.5238"," 2.8829"," 3.7959"," 2.8348"," 2.6765","1"
"Tests/Benchmarks/text/Data/Text/UnsafeChar.hs"," 2.9527"," 2.2503"," 3.1121"," 1.9979"," 3.0164","1"
"Tests/Benchmarks/vect-algs/Data/Vector/Algorithms/Merge.hs"," 4.4669"," 6.1200"," 4.4341"," 4.7498"," 4.7512","1"
"Tests/Benchmarks/vect-algs/Data/Vector/Algorithms/Search.hs"," 3.9284"," 3.5654"," 3.9289"," 2.4122"," 2.4534","1"
"Tests/Unit/eq_neg/Append.hs"," 2.3612"," 1.1600"," 2.5261"," 1.0864"," 1.4322","1"
"Tests/Unit/neg/MergeSort.hs"," 2.0605"," 1.3438"," 2.1238"," 1.0953"," 1.5888","1"
"Tests/Unit/neg/csv.hs"," 2.9519"," 1.3080"," 2.7616"," 1.2674"," 1.3092","1"
"Tests/Unit/pos/Foldl.hs"," 5.2267"," 6.4677"," 5.1945"," 5.1949"," 5.3699","1"
"Tests/Unit/pos/ListMSort-LType.hs"," 3.6417"," 2.2009"," 3.6209"," 2.1192"," 2.5863","1"
"Tests/Unit/pos/ListMSort.hs"," 2.3306"," 1.2668"," 2.3563"," 1.2074"," 1.8161","1"
"Tests/Unit/pos/ListSort.hs"," 2.7071"," 1.9323"," 2.7651"," 1.7059"," 2.1798","1"
"Tests/Unit/pos/RBTree-col-height.hs"," 5.1579"," 3.4020"," 5.0518"," 3.2712"," 3.9093","1"
"Tests/Unit/pos/RBTree-color.hs"," 3.6532"," 2.7999"," 3.6667"," 2.6537"," 3.0187","1"
"Tests/Unit/pos/RBTree-height.hs"," 3.3241"," 2.4098"," 3.2601"," 2.2645"," 2.8382","1"
"Tests/Unit/pos/StateConstraints0.hs"," 8.0285"," 9.9467"," 8.2560"," 8.2885"," 8.5404","1"
"Tests/Unit/pos/zipper.hs"," 2.9196"," 1.6286"," 2.9313"," 1.5087"," 2.6635","1"
"Tests/Benchmarks/bytestring/Data/ByteString/Lazy/Char8.hs"," 6.5065"," 5.8915"," 6.0663"," 5.8191"," 5.6522","0"
"Tests/Benchmarks/bytestring/Data/ByteString/Lazy/Internal.hs"," 1.4277"," 1.4298"," 1.4302"," 1.3732"," 1.3129","0"
"Tests/Benchmarks/bytestring/Data/ByteString/Unsafe.hs"," 1.9144"," 1.7536"," 1.9365"," 1.5718"," 1.4594","0"
"Tests/Benchmarks/esop/Fib.hs"," 1.7214"," 1.1119"," 1.7539"," 1.0068"," 1.7814","0"
"Tests/Benchmarks/esop/GhcListSort.hs"," 4.4292"," 3.9761"," 4.3237"," 4.1020"," 4.0805","0"
"Tests/Benchmarks/esop/ListSort.hs"," 2.6867"," 1.9055"," 2.6261"," 1.8780"," 1.9671","0"
"Tests/Benchmarks/esop/Toy.hs"," 1.2977"," 1.2300"," 1.2601"," 1.2203"," 1.1703","0"
"Tests/Benchmarks/hscolour/Language/Haskell/HsColour/ANSI.hs"," 1.5467"," 1.5191"," 1.5532"," 1.5518"," 1.5505","0"
"Tests/Benchmarks/hscolour/Language/Haskell/HsColour/CSS.hs"," 1.3829"," 1.4434"," 1.4619"," 1.3506"," 1.1584","0"
"Tests/Benchmarks/hscolour/Language/Haskell/HsColour/ColourHighlight.hs"," 2.4447"," 2.2727"," 2.3818"," 2.2694"," 2.1505","0"
"Tests/Benchmarks/hscolour/Language/Haskell/HsColour/Colourise.hs"," 2.3675"," 2.5246"," 2.5275"," 2.3590"," 2.2310","0"
"Tests/Benchmarks/hscolour/Language/Haskell/HsColour/General.hs"," 0.6943"," 0.7451"," 0.7207"," 0.6975"," 0.6625","0"
"Tests/Benchmarks/hscolour/Language/Haskell/HsColour/InlineCSS.hs"," 1.4792"," 1.5086"," 1.4884"," 1.4191"," 1.2509","0"
"Tests/Benchmarks/hscolour/Language/Haskell/HsColour/Options.hs"," 0.7494"," 0.7621"," 0.7760"," 0.7551"," 0.7747","0"
"Tests/Benchmarks/hscolour/Language/Haskell/HsColour/Output.hs"," 0.8518"," 0.8352"," 0.9108"," 0.8602"," 0.8282","0"
"Tests/Benchmarks/hscolour/Language/Haskell/HsColour/TTY.hs"," 1.0476"," 1.0958"," 1.0724"," 0.9245"," 0.8871","0"
"Tests/Benchmarks/hscolour/Setup.hs"," 0.6601"," 0.6548"," 0.6743"," 0.7110"," 0.6646","0"
"Tests/Benchmarks/icfp_neg/Composition.hs"," 0.7900"," 0.7574"," 0.8173"," 0.7650"," 0.7743","0"
"Tests/Benchmarks/icfp_neg/Records.hs"," 0.8218"," 0.7952"," 0.7976"," 0.7865"," 0.8464","0"
"Tests/Benchmarks/icfp_neg/TestM.hs"," 0.7821"," 0.7585"," 0.7736"," 0.7327"," 0.7755","0"
"Tests/Benchmarks/icfp_neg/WhileM.hs"," 1.0931"," 0.9588"," 1.0355"," 0.7326"," 0.6945","0"
"Tests/Benchmarks/icfp_pos/Append.hs"," 0.9434"," 0.9298"," 0.9779"," 0.9425"," 0.8855","0"
"Tests/Benchmarks/icfp_pos/CompareConstraints.hs"," 1.0753"," 0.8866"," 1.0970"," 0.8883"," 0.8380","0"
"Tests/Benchmarks/icfp_pos/Composition.hs"," 0.8110"," 0.7566"," 0.8246"," 0.7463"," 0.6840","0"
"Tests/Benchmarks/icfp_pos/Filter.lhs"," 0.8870"," 0.8736"," 0.8860"," 0.8553"," 0.8634","0"
"Tests/Benchmarks/icfp_pos/FoldAbs.hs"," 5.0266"," 5.4453"," 4.9181"," 4.8546"," 4.9544","0"
"Tests/Benchmarks/icfp_pos/ICFP15.lhs"," 1.3248"," 1.2419"," 1.3142"," 1.2105"," 1.1535","0"
"Tests/Benchmarks/icfp_pos/Incr.hs"," 1.1968"," 1.4134"," 0.9673"," 0.7399"," 0.7941","0"
"Tests/Benchmarks/icfp_pos/Overview.lhs"," 5.5104"," 5.8916"," 5.4093"," 5.3195"," 5.3811","0"
"Tests/Benchmarks/icfp_pos/Privileges.hs"," 0.7067"," 0.7252"," 0.7297"," 0.7154"," 0.7152","0"
"Tests/Benchmarks/icfp_pos/TestM.hs"," 0.7423"," 0.7254"," 0.7559"," 0.7070"," 0.6847","0"
"Tests/Benchmarks/icfp_pos/WhileM.hs"," 0.7822"," 0.7946"," 0.7937"," 0.8912"," 0.8637","0"
"Tests/Benchmarks/icfp_pos/WhileTest.hs"," 1.2162"," 0.9628"," 1.0175"," 0.6991"," 0.6776","0"
"Tests/Benchmarks/icfp_pos/dropwhile.hs"," 0.8747"," 0.8492"," 0.8529"," 0.7790"," 0.7915","0"
"Tests/Benchmarks/text/Data/Text/Array.hs"," 1.5439"," 1.6942"," 1.7222"," 1.6483"," 1.5419","0"
"Tests/Benchmarks/text/Data/Text/Foreign.hs"," 3.0776"," 2.5749"," 3.0272"," 2.9870"," 2.3100","0"
"Tests/Benchmarks/text/Data/Text/Fusion/Size.hs"," 1.9838"," 1.2878"," 1.5536"," 1.3256"," 1.2621","0"
"Tests/Benchmarks/text/Data/Text/Lazy/Encoding.hs"," 7.2732"," 6.6576"," 7.3071"," 6.8627"," 6.5464","0"
"Tests/Benchmarks/text/Data/Text/Lazy/Internal.hs"," 3.1864"," 3.2104"," 3.3505"," 3.2234"," 3.0867","0"
"Tests/Benchmarks/text/Data/Text/Private.hs"," 1.9353"," 1.8736"," 2.1072"," 1.8467"," 1.7414","0"
"Tests/Benchmarks/text/Data/Text/Unsafe.hs"," 2.4879"," 1.9361"," 2.7116"," 1.9315"," 1.7988","0"
"Tests/Benchmarks/text/Setup.lhs"," 0.6156"," 0.6714"," 0.7065"," 0.6797"," 0.6522","0"
"Tests/Benchmarks/vect-algs/Data/Vector/Algorithms/Combinators.hs"," 0.6718"," 0.6994"," 0.6961"," 0.6892"," 0.6603","0"
"Tests/Benchmarks/vect-algs/Data/Vector/Algorithms/Common.hs"," 0.9823"," 1.0005"," 1.0392"," 0.9802"," 0.9166","0"
"Tests/Benchmarks/vect-algs/Data/Vector/Algorithms/Insertion.hs"," 1.2944"," 1.3446"," 1.3234"," 1.2944"," 1.2586","0"
"Tests/Benchmarks/vect-algs/Data/Vector/Algorithms/Radix.hs"," 2.9413"," 2.3973"," 2.5981"," 2.1826"," 2.2123","0"
"Tests/Benchmarks/vect-algs/Data/Vector/Algorithms/Termination.hs"," 0.9307"," 0.9612"," 0.9383"," 0.9483"," 0.9720","0"
"Tests/Benchmarks/vect-algs/Setup.lhs"," 0.6866"," 0.7029"," 0.6959"," 0.7026"," 0.7000","0"
"Tests/Unit/crash/AbsRef.hs"," 0.6828"," 0.6483"," 0.6719"," 0.6382"," 0.6474","0"
"Tests/Unit/crash/Assume.hs"," 0.6923"," 0.6253"," 0.6425"," 0.6097"," 0.6613","0"
"Tests/Unit/crash/Assume1.hs"," 0.7135"," 0.6569"," 0.6720"," 0.6258"," 0.6472","0"
"Tests/Unit/crash/Ast.hs"," 0.7536"," 0.6652"," 0.6713"," 0.6540"," 0.6909","0"
"Tests/Unit/crash/BadExprArg.hs"," 0.7818"," 0.6316"," 0.6511"," 0.6308"," 0.6372","0"
"Tests/Unit/crash/BadSyn1.hs"," 0.7251"," 0.5724"," 0.5960"," 0.5808"," 0.6027","0"
"Tests/Unit/crash/BadSyn2.hs"," 0.7115"," 0.5801"," 0.6045"," 0.5675"," 0.5897","0"
"Tests/Unit/crash/BadSyn3.hs"," 0.6738"," 0.5812"," 0.5849"," 0.5687"," 0.5691","0"
"Tests/Unit/crash/BadSyn4.hs"," 0.5845"," 0.6001"," 0.5841"," 0.5528"," 0.5938","0"
"Tests/Unit/crash/CyclicExprAlias0.hs"," 0.6049"," 0.5531"," 0.5797"," 0.5550"," 0.5740","0"
"Tests/Unit/crash/CyclicExprAlias1.hs"," 0.6262"," 0.5535"," 0.5736"," 0.5436"," 0.5879","0"
"Tests/Unit/crash/CyclicExprAlias2.hs"," 0.6792"," 0.5732"," 0.5695"," 0.5446"," 0.5670","0"
"Tests/Unit/crash/CyclicExprAlias3.hs"," 0.5884"," 0.5562"," 0.5763"," 0.5322"," 0.5641","0"
"Tests/Unit/crash/CyclicPredAlias0.hs"," 0.5915"," 0.5550"," 0.5593"," 0.5390"," 0.5584","0"
"Tests/Unit/crash/CyclicPredAlias1.hs"," 0.6732"," 0.5607"," 0.5706"," 0.5421"," 0.5562","0"
"Tests/Unit/crash/CyclicPredAlias2.hs"," 0.5819"," 0.5865"," 0.5787"," 0.5360"," 0.5612","0"
"Tests/Unit/crash/CyclicPredAlias3.hs"," 0.5471"," 0.5579"," 0.5676"," 0.5483"," 0.5724","0"
"Tests/Unit/crash/CyclicTypeAlias0.hs"," 0.5546"," 0.5643"," 0.5649"," 0.5595"," 0.5484","0"
"Tests/Unit/crash/CyclicTypeAlias1.hs"," 0.5752"," 0.5610"," 0.5827"," 0.5362"," 0.5621","0"
"Tests/Unit/crash/CyclicTypeAlias2.hs"," 0.5359"," 0.5896"," 0.5756"," 0.5636"," 0.5458","0"
"Tests/Unit/crash/CyclicTypeAlias3.hs"," 0.5667"," 0.5638"," 0.5630"," 0.5523"," 0.5588","0"
"Tests/Unit/crash/FunRef1.hs"," 0.7229"," 0.6558"," 0.6487"," 0.6323"," 0.6225","0"
"Tests/Unit/crash/FunRef2.hs"," 0.7695"," 0.6628"," 0.6538"," 0.6407"," 0.6304","0"
"Tests/Unit/crash/HaskellMeasure.hs"," 0.6654"," 0.6124"," 0.6226"," 0.5775"," 0.5794","0"
"Tests/Unit/crash/LocalHole.hs"," 0.6894"," 0.6259"," 0.6406"," 0.6724"," 0.6387","0"
"Tests/Unit/crash/LocalTermExpr.hs"," 0.7357"," 0.6381"," 0.6569"," 0.6307"," 0.6535","0"
"Tests/Unit/crash/Mismatch.hs"," 0.7539"," 0.6136"," 0.6296"," 0.6388"," 0.6745","0"
"Tests/Unit/crash/MultipleRecordSelectors.hs"," 0.8127"," 0.6636"," 0.6659"," 0.6264"," 0.6559","0"
"Tests/Unit/crash/Qualif.hs"," 0.7707"," 0.6052"," 0.6541"," 0.6301"," 0.6379","0"
"Tests/Unit/crash/RClass.hs"," 0.8134"," 0.6541"," 0.6619"," 0.6741"," 0.6667","0"
"Tests/Unit/crash/T649.hs"," 0.8038"," 0.6731"," 0.6731"," 0.6428"," 0.6741","0"
"Tests/Unit/crash/Unbound.hs"," 0.7522"," 0.6306"," 0.6499"," 0.6370"," 0.6906","0"
"Tests/Unit/crash/errmsg-dc-num.hs"," 0.6495"," 0.6041"," 0.6125"," 0.6320"," 0.6365","0"
"Tests/Unit/crash/errmsg-dc-type.hs"," 0.7054"," 0.6109"," 0.6054"," 0.5849"," 0.6124","0"
"Tests/Unit/crash/errmsg-mismatch.hs"," 0.7132"," 0.6478"," 0.6321"," 0.6304"," 0.6526","0"
"Tests/Unit/crash/funref.hs"," 0.7116"," 0.6404"," 0.6394"," 0.6543"," 0.6441","0"
"Tests/Unit/crash/hole-crash1.hs"," 0.6378"," 0.6249"," 0.6531"," 0.6150"," 0.6327","0"
"Tests/Unit/crash/hole-crash2.hs"," 0.6018"," 0.5916"," 0.6044"," 0.5919"," 0.5826","0"
"Tests/Unit/crash/hole-crash3.hs"," 0.6093"," 0.6015"," 0.6096"," 0.5951"," 0.6327","0"
"Tests/Unit/crash/issue594.hs"," 0.7128"," 0.6313"," 0.6518"," 0.6317"," 0.6581","0"
"Tests/Unit/crash/num-float-error.hs"," 0.7433"," 0.6409"," 0.6639"," 0.6097"," 0.6317","0"
"Tests/Unit/crash/num-float-error1.hs"," 0.7304"," 0.6418"," 0.6425"," 0.6107"," 0.6334","0"
"Tests/Unit/crash/predparams.hs"," 0.6984"," 0.5726"," 0.5913"," 0.5914"," 0.5908","0"
"Tests/Unit/crash/typeAliasDup.hs"," 0.8058"," 0.6971"," 0.7085"," 0.6703"," 0.6895","0"
"Tests/Unit/eq_pos/AppendAxiom.hs"," 0.9417"," 0.9680"," 1.0373"," 0.9755"," 0.9506","0"
"Tests/Unit/eq_pos/Arrow.hs"," 0.6631"," 0.6542"," 0.6527"," 0.6483"," 0.6529","0"
"Tests/Unit/eq_pos/BasicLambdas.hs"," 1.0132"," 1.0112"," 1.0857"," 0.9969"," 0.9282","0"
"Tests/Unit/eq_pos/MapAppend.hs"," 0.0000"," 0.0000"," 0.0000"," 0.0000"," 0.0000","0"
"Tests/Unit/eq_pos/MonadicLawsMaybe.hs"," 1.1262"," 1.0860"," 1.1118"," 1.0751"," 1.0897","0"
"Tests/Unit/eq_pos/MonadicLawsMaybeAssoc.hs"," 1.1945"," 1.0539"," 1.0730"," 1.0965"," 1.0737","0"
"Tests/Unit/error/crash/TerminationExpr.hs"," 0.6510"," 0.6407"," 0.6553"," 0.6197"," 0.6280","0"
"Tests/Unit/error/crash/TerminationExpr1.hs"," 0.6163"," 0.6468"," 0.6275"," 0.6032"," 0.6100","0"
"Tests/Unit/neg/AbsApp.hs"," 0.8254"," 0.6703"," 0.6980"," 0.6347"," 0.6833","0"
"Tests/Unit/neg/Ast.hs"," 0.8213"," 0.7129"," 0.7216"," 0.6897"," 0.7007","0"
"Tests/Unit/neg/AutoSize.hs"," 0.7924"," 0.6834"," 0.6810"," 0.6797"," 0.7588","0"
"Tests/Unit/neg/BadHMeas.hs"," 0.6714"," 0.6703"," 0.6796"," 0.6746"," 0.7024","0"
"Tests/Unit/neg/Baz.hs"," 0.7101"," 0.6670"," 0.6964"," 0.6914"," 0.6974","0"
"Tests/Unit/neg/BigNum.hs"," 0.7358"," 0.6599"," 0.6787"," 0.6524"," 0.6907","0"
"Tests/Unit/neg/Books.hs"," 0.7966"," 0.7382"," 0.7706"," 0.7290"," 0.9048","0"
"Tests/Unit/neg/CastedTotality.hs"," 0.7624"," 0.7132"," 0.7698"," 0.7085"," 0.7723","0"
"Tests/Unit/neg/Class1.hs"," 0.8840"," 0.8119"," 0.8663"," 0.8378"," 0.8595","0"
"Tests/Unit/neg/Class2.hs"," 0.8003"," 0.7615"," 0.7657"," 0.7054"," 0.7341","0"
"Tests/Unit/neg/Class3.hs"," 0.7848"," 0.7114"," 0.7597"," 0.7090"," 0.7397","0"
"Tests/Unit/neg/Class4.hs"," 0.7897"," 0.6891"," 0.7366"," 0.6812"," 0.7324","0"
"Tests/Unit/neg/Class5.hs"," 0.8092"," 0.6615"," 0.7159"," 0.6677"," 0.6812","0"
"Tests/Unit/neg/CompareConstraints.hs"," 1.3799"," 0.9040"," 1.1736"," 0.8985"," 0.9894","0"
"Tests/Unit/neg/Constraints.hs"," 0.8170"," 0.6906"," 0.7238"," 0.7081"," 0.7405","0"
"Tests/Unit/neg/ConstraintsAppend.hs"," 1.2255"," 1.1397"," 1.2646"," 1.1176"," 1.1639","0"
"Tests/Unit/neg/Eval.hs"," 0.8013"," 0.7876"," 0.8019"," 0.7813"," 0.7703","0"
"Tests/Unit/neg/Even.hs"," 0.6774"," 0.6802"," 0.7150"," 0.6871"," 0.6768","0"
"Tests/Unit/neg/FunSoundness.hs"," 0.6586"," 0.7120"," 0.6740"," 0.6737"," 0.6889","0"
"Tests/Unit/neg/GADTs.hs"," 0.6867"," 0.6875"," 0.6969"," 0.6507"," 0.6350","0"
"Tests/Unit/neg/GeneralizedTermination.hs"," 0.7521"," 0.7161"," 0.7432"," 0.6955"," 0.7143","0"
"Tests/Unit/neg/Gradual.hs"," 0.6711"," 0.6682"," 0.6729"," 0.6568"," 0.6388","0"
"Tests/Unit/neg/HasElem.hs"," 0.6702"," 0.6943"," 0.7179"," 0.6777"," 0.6909","0"
"Tests/Unit/neg/HolesTop.hs"," 0.6664"," 0.6929"," 0.7138"," 0.6714"," 0.7264","0"
"Tests/Unit/neg/LazyWhere.hs"," 0.7011"," 0.6965"," 0.7079"," 0.6919"," 0.7113","0"
"Tests/Unit/neg/LazyWhere1.hs"," 0.6950"," 0.7018"," 0.7158"," 0.6847"," 0.7192","0"
"Tests/Unit/neg/LiquidClass.hs"," 0.6753"," 0.6617"," 0.7109"," 0.7015"," 0.6926","0"
"Tests/Unit/neg/LiquidClass1.hs"," 0.6671"," 0.6731"," 0.7008"," 0.6623"," 0.6721","0"
"Tests/Unit/neg/ListConcat.hs"," 0.6665"," 0.7085"," 0.7191"," 0.6846"," 0.7101","0"
"Tests/Unit/neg/ListElem.hs"," 0.6656"," 0.7419"," 0.7133"," 0.6772"," 0.6994","0"
"Tests/Unit/neg/ListISort-LType.hs"," 0.8659"," 0.8611"," 0.8864"," 0.8361"," 0.8611","0"
"Tests/Unit/neg/ListISort.hs"," 1.2683"," 1.0671"," 1.2830"," 1.0701"," 1.0985","0"
"Tests/Unit/neg/ListKeys.hs"," 0.7026"," 0.7264"," 0.7303"," 0.6953"," 0.7137","0"
"Tests/Unit/neg/ListMSort.hs"," 2.2740"," 1.6819"," 2.3110"," 1.5706"," 1.6465","0"
"Tests/Unit/neg/ListQSort.hs"," 1.0679"," 1.0460"," 1.1141"," 1.0300"," 1.0843","0"
"Tests/Unit/neg/ListRange.hs"," 0.7380"," 0.7804"," 0.7654"," 0.7276"," 0.7678","0"
"Tests/Unit/neg/LocalSpec.hs"," 0.6830"," 0.7150"," 0.7220"," 0.6900"," 0.7120","0"
"Tests/Unit/neg/MeasureContains.hs"," 0.7112"," 0.8200"," 0.7333"," 0.7267"," 0.7766","0"
"Tests/Unit/neg/MeasureDups.hs"," 0.7345"," 0.8588"," 0.7653"," 0.7574"," 0.7981","0"
"Tests/Unit/neg/NoExhaustiveGuardsError.hs"," 0.6780"," 0.7814"," 0.6872"," 0.6744"," 0.7136","0"
"Tests/Unit/neg/NoMethodBindingError.hs"," 0.6274"," 0.7176"," 0.6504"," 0.6536"," 0.7013","0"
"Tests/Unit/neg/PairMeasure.hs"," 0.6885"," 0.7558"," 0.7029"," 0.6756"," 0.7299","0"
"Tests/Unit/neg/Propability.hs"," 0.9123"," 0.8939"," 0.9566"," 0.8130"," 0.8400","0"
"Tests/Unit/neg/Propability0.hs"," 0.6996"," 0.7487"," 0.7481"," 0.7004"," 0.7081","0"
"Tests/Unit/neg/RG.hs"," 0.9912"," 1.2135"," 1.0422"," 0.8841"," 0.9228","0"
"Tests/Unit/neg/RecQSort.hs"," 0.8605"," 0.9029"," 0.8938"," 0.8238"," 0.8664","0"
"Tests/Unit/neg/RecSelector.hs"," 0.6549"," 0.7287"," 0.6789"," 0.6676"," 0.7102","0"
"Tests/Unit/neg/SafePartialFunctions.hs"," 0.6918"," 0.7686"," 0.7189"," 0.6928"," 0.7186","0"
"Tests/Unit/neg/Solver.hs"," 1.1247"," 1.1956"," 1.1037"," 1.0895"," 1.1075","0"
"Tests/Unit/neg/StateConstraints.hs"," 1.2433"," 1.2954"," 1.2537"," 1.1473"," 1.1821","0"
"Tests/Unit/neg/StateConstraints00.hs"," 0.6791"," 0.7078"," 0.6876"," 0.6972"," 0.7338","0"
"Tests/Unit/neg/Strata.hs"," 0.6523"," 0.6898"," 0.6794"," 0.7098"," 0.6978","0"
"Tests/Unit/neg/StreamInvariants.hs"," 0.6622"," 0.7383"," 0.6888"," 0.6683"," 0.6862","0"
"Tests/Unit/neg/StrictPair0.hs"," 0.6820"," 0.7305"," 0.6928"," 0.6414"," 0.6749","0"
"Tests/Unit/neg/StrictPair1.hs"," 0.8552"," 0.9394"," 0.9041"," 0.8534"," 0.8903","0"
"Tests/Unit/neg/Strings.hs"," 0.6682"," 0.7159"," 0.6906"," 0.6535"," 0.6757","0"
"Tests/Unit/neg/Sum.hs"," 0.7439"," 0.7802"," 0.7631"," 0.6936"," 0.7347","0"
"Tests/Unit/neg/T602.hs"," 0.6645"," 0.7146"," 0.6857"," 0.6651"," 0.6798","0"
"Tests/Unit/neg/TermReal.hs"," 0.6593"," 0.7180"," 0.6863"," 0.6631"," 0.6773","0"
"Tests/Unit/neg/TerminationNum.hs"," 0.6888"," 0.7257"," 0.7007"," 0.6885"," 0.6810","0"
"Tests/Unit/neg/TerminationNum0.hs"," 0.6806"," 0.7455"," 0.7054"," 0.6860"," 0.7106","0"
"Tests/Unit/neg/TopLevel.hs"," 0.6752"," 0.7576"," 0.7244"," 0.6915"," 0.7431","0"
"Tests/Unit/neg/Variance.hs"," 0.6991"," 0.7535"," 0.7122"," 0.6853"," 0.7416","0"
"Tests/Unit/neg/Variance1.hs"," 0.7012"," 0.7672"," 0.6895"," 0.6639"," 0.6949","0"
"Tests/Unit/neg/alias00.hs"," 0.7886"," 0.6874"," 0.6807"," 0.7001"," 0.6901","0"
"Tests/Unit/neg/ass0.hs"," 0.8010"," 0.6730"," 0.6776"," 0.6538"," 0.6523","0"
"Tests/Unit/neg/concat.hs"," 1.0897"," 0.8486"," 0.9302"," 0.8719"," 0.9349","0"
"Tests/Unit/neg/concat1.hs"," 1.2639"," 0.9446"," 1.1237"," 0.9178"," 0.9801","0"
"Tests/Unit/neg/concat2.hs"," 1.2519"," 0.9585"," 1.0525"," 0.9372"," 1.0003","0"
"Tests/Unit/neg/contra0.hs"," 0.8265"," 0.7570"," 0.7659"," 0.7126"," 0.7489","0"
"Tests/Unit/neg/coretologic.hs"," 0.8082"," 0.6952"," 0.7152"," 0.7037"," 0.7125","0"
"Tests/Unit/neg/datacon-eq.hs"," 0.7966"," 0.6476"," 0.6705"," 0.6547"," 0.6705","0"
"Tests/Unit/neg/deppair0.hs"," 0.8731"," 0.8037"," 0.7623"," 0.7487"," 0.7322","0"
"Tests/Unit/neg/deptupW.hs"," 0.9290"," 0.7525"," 0.7771"," 0.7496"," 0.7614","0"
"Tests/Unit/neg/elim000.hs"," 0.8081"," 0.6934"," 0.6884"," 0.6696"," 0.6803","0"
"Tests/Unit/neg/errmsg.hs"," 0.7887"," 0.7264"," 0.7319"," 0.7266"," 0.7249","0"
"Tests/Unit/neg/errorloc.hs"," 0.7941"," 0.6939"," 0.7159"," 0.6980"," 0.7058","0"
"Tests/Unit/neg/ex0-unsafe.hs"," 0.7747"," 0.7376"," 0.7850"," 0.7216"," 0.7731","0"
"Tests/Unit/neg/ex1-unsafe.hs"," 0.8685"," 0.7522"," 0.7633"," 0.7300"," 0.7760","0"
"Tests/Unit/neg/filterAbs.hs"," 0.8498"," 0.8391"," 0.8878"," 0.7966"," 0.8166","0"
"Tests/Unit/neg/foldN.hs"," 0.6954"," 0.6986"," 0.7291"," 0.7028"," 0.7086","0"
"Tests/Unit/neg/foldN1.hs"," 0.7067"," 0.6911"," 0.7187"," 0.6836"," 0.7053","0"
"Tests/Unit/neg/grty0.hs"," 0.6756"," 0.6717"," 0.6993"," 0.6493"," 0.6316","0"
"Tests/Unit/neg/grty1.hs"," 0.7791"," 0.7284"," 0.8440"," 0.7365"," 0.7113","0"
"Tests/Unit/neg/grty2.hs"," 0.7660"," 0.7824"," 0.8398"," 0.7155"," 0.7238","0"
"Tests/Unit/neg/grty3.hs"," 0.6581"," 0.6852"," 0.6924"," 0.6679"," 0.6905","0"
"Tests/Unit/neg/inc2.hs"," 0.6781"," 0.6596"," 0.6767"," 0.6653"," 0.6611","0"
"Tests/Unit/neg/list00.hs"," 0.7151"," 0.7182"," 0.7369"," 0.7196"," 0.7209","0"
"Tests/Unit/neg/listne.hs"," 0.6415"," 0.6546"," 0.6803"," 0.6515"," 0.6476","0"
"Tests/Unit/neg/lit.hs"," 0.6471"," 0.6861"," 0.6666"," 0.6835"," 0.6728","0"
"Tests/Unit/neg/mapreduce-tiny.hs"," 0.7554"," 0.7924"," 0.7753"," 0.7030"," 0.7189","0"
"Tests/Unit/neg/mapreduce.hs"," 1.8294"," 1.9532"," 1.7726"," 1.8757"," 1.9918","0"
"Tests/Unit/neg/maps.hs"," 0.7473"," 0.7455"," 0.7724"," 0.7489"," 0.7739","0"
"Tests/Unit/neg/meas0.hs"," 0.7131"," 0.7134"," 0.7292"," 0.7073"," 0.7622","0"
"Tests/Unit/neg/meas2.hs"," 0.7097"," 0.7081"," 0.7329"," 0.7272"," 0.7735","0"
"Tests/Unit/neg/meas3.hs"," 0.7009"," 0.7302"," 0.7382"," 0.7282"," 0.7517","0"
"Tests/Unit/neg/meas5.hs"," 1.1859"," 1.1091"," 1.2038"," 1.0851"," 1.1688","0"
"Tests/Unit/neg/meas7.hs"," 0.6751"," 0.7237"," 0.6989"," 0.6783"," 0.7073","0"
"Tests/Unit/neg/meas9.hs"," 0.6959"," 0.7318"," 0.7248"," 0.6849"," 0.7293","0"
"Tests/Unit/neg/monad3.hs"," 0.7809"," 0.8896"," 0.8192"," 0.7703"," 0.8235","0"
"Tests/Unit/neg/monad4.hs"," 0.7770"," 0.9228"," 0.8037"," 0.7944"," 0.8277","0"
"Tests/Unit/neg/monad5.hs"," 0.7742"," 0.8917"," 0.7747"," 0.7683"," 0.7996","0"
"Tests/Unit/neg/monad6.hs"," 0.7137"," 0.9886"," 0.7490"," 0.7186"," 0.7513","0"
"Tests/Unit/neg/monad7.hs"," 0.8580"," 1.0216"," 0.9151"," 0.8498"," 0.8947","0"
"Tests/Unit/neg/mr00.hs"," 0.7978"," 0.9787"," 0.8350"," 0.7844"," 0.8192","0"
"Tests/Unit/neg/multi-pred-app-00.hs"," 0.6485"," 0.7699"," 0.6919"," 0.6658"," 0.6956","0"
"Tests/Unit/neg/nestedRecursion.hs"," 0.6920"," 0.8147"," 0.6862"," 0.6977"," 0.7076","0"
"Tests/Unit/neg/pair.hs"," 1.4655"," 1.5430"," 1.4050"," 1.3021"," 1.3545","0"
"Tests/Unit/neg/pair0.hs"," 1.3685"," 1.3894"," 1.3326"," 1.2252"," 1.2871","0"
"Tests/Unit/neg/pargs.hs"," 0.6389"," 0.7729"," 0.6665"," 0.6546"," 0.6727","0"
"Tests/Unit/neg/pargs1.hs"," 0.6709"," 0.7602"," 0.6777"," 0.6479"," 0.6943","0"
"Tests/Unit/neg/partial.hs"," 0.6867"," 0.8030"," 0.6974"," 0.6862"," 0.7015","0"
"Tests/Unit/neg/poly0.hs"," 0.7163"," 0.8400"," 0.7694"," 0.7367"," 0.7722","0"
"Tests/Unit/neg/poly1.hs"," 0.7317"," 0.8007"," 0.7434"," 0.7136"," 0.7496","0"
"Tests/Unit/neg/poly2-degenerate.hs"," 0.7452"," 0.7842"," 0.7343"," 0.7352"," 0.7383","0"
"Tests/Unit/neg/poly2.hs"," 0.7073"," 0.7702"," 0.7456"," 0.7163"," 0.7597","0"
"Tests/Unit/neg/polypred.hs"," 0.6934"," 0.7798"," 0.7119"," 0.7096"," 0.7378","0"
"Tests/Unit/neg/poslist.hs"," 0.9230"," 0.9086"," 0.9263"," 0.8103"," 0.8512","0"
"Tests/Unit/neg/pragma0-unsafe.hs"," 0.6433"," 0.7242"," 0.6665"," 0.6626"," 0.6673","0"
"Tests/Unit/neg/pred.hs"," 0.6167"," 0.6306"," 0.6163"," 0.6022"," 0.6184","0"
"Tests/Unit/neg/prune0.hs"," 0.6980"," 0.7831"," 0.7347"," 0.6843"," 0.7281","0"
"Tests/Unit/neg/qsloop.hs"," 0.8174"," 0.9241"," 0.8564"," 0.8335"," 0.8189","0"
"Tests/Unit/neg/range.hs"," 1.1302"," 1.1051"," 1.1529"," 0.9792"," 1.0230","0"
"Tests/Unit/neg/record0.hs"," 0.6447"," 0.7421"," 0.6991"," 0.6647"," 0.6939","0"
"Tests/Unit/neg/revshape.hs"," 0.6980"," 0.7620"," 0.7043"," 0.6595"," 0.7031","0"
"Tests/Unit/neg/risers.hs"," 0.7455"," 0.8174"," 0.7774"," 0.7505"," 0.7881","0"
"Tests/Unit/neg/stacks.hs"," 0.9570"," 1.0387"," 0.9794"," 0.9207"," 0.9594","0"
"Tests/Unit/neg/state0.hs"," 0.6756"," 0.7368"," 0.7087"," 0.6828"," 0.6954","0"
"Tests/Unit/neg/state00.hs"," 0.7030"," 0.7436"," 0.7263"," 0.6738"," 0.7059","0"
"Tests/Unit/neg/string00.hs"," 0.6747"," 0.8194"," 0.7245"," 0.7206"," 0.7136","0"
"Tests/Unit/neg/sumPoly.hs"," 0.6879"," 0.7443"," 0.7058"," 0.6741"," 0.7193","0"
"Tests/Unit/neg/sumk.hs"," 0.6865"," 0.7763"," 0.6891"," 0.6971"," 0.6859","0"
"Tests/Unit/neg/test00.hs"," 0.6996"," 0.7939"," 0.7415"," 0.7055"," 0.7284","0"
"Tests/Unit/neg/test00a.hs"," 0.7223"," 0.7766"," 0.7159"," 0.6931"," 0.7431","0"
"Tests/Unit/neg/test00b.hs"," 0.7081"," 0.7627"," 0.7588"," 0.7246"," 0.7429","0"
"Tests/Unit/neg/test00c.hs"," 0.6363"," 0.7066"," 0.6572"," 0.6623"," 0.6843","0"
"Tests/Unit/neg/test1.hs"," 0.7133"," 0.7581"," 0.7314"," 0.7002"," 0.7205","0"
"Tests/Unit/neg/test2.hs"," 0.7037"," 0.8408"," 0.7455"," 0.6868"," 0.7341","0"
"Tests/Unit/neg/testRec.hs"," 0.6852"," 0.8253"," 0.7440"," 0.7093"," 0.7268","0"
"Tests/Unit/neg/trans.hs"," 1.3905"," 1.5196"," 1.4286"," 1.3408"," 1.4284","0"
"Tests/Unit/neg/truespec.hs"," 0.6950"," 0.7685"," 0.7380"," 0.7100"," 0.7377","0"
"Tests/Unit/neg/tyclass0-unsafe.hs"," 0.6648"," 0.7319"," 0.6861"," 0.6425"," 0.6834","0"
"Tests/Unit/neg/vector0.hs"," 0.9200"," 0.9413"," 0.9785"," 0.8642"," 0.9298","0"
"Tests/Unit/neg/vector00.hs"," 0.7482"," 0.8500"," 0.7768"," 0.7503"," 0.8136","0"
"Tests/Unit/neg/vector0a.hs"," 0.7768"," 0.9486"," 0.8390"," 0.8059"," 0.8582","0"
"Tests/Unit/neg/vector1a.hs"," 0.9599"," 1.0600"," 1.0124"," 0.9170"," 0.9212","0"
"Tests/Unit/neg/vector2.hs"," 1.2998"," 1.5035"," 1.3458"," 1.1218"," 1.2017","0"
"Tests/Unit/neg/wrap0.hs"," 0.7443"," 0.8222"," 0.8062"," 0.7529"," 0.7807","0"
"Tests/Unit/neg/wrap1.hs"," 0.9193"," 1.0089"," 0.9259"," 0.8935"," 0.9325","0"
"Tests/Unit/parser/pos/Parens.hs"," 0.6602"," 0.6689"," 0.6856"," 0.6316"," 0.6770","0"
"Tests/Unit/parser/pos/TokensAsPrefixes.hs"," 0.6767"," 0.7098"," 0.6957"," 0.6725"," 0.6822","0"
"Tests/Unit/pos/AVL.hs"," 2.0079"," 1.6661"," 2.0147"," 1.4652"," 2.4284","0"
"Tests/Unit/pos/AVLRJ.hs"," 2.2632"," 1.8009"," 2.2904"," 1.6687"," 1.7689","0"
"Tests/Unit/pos/Abs.hs"," 0.6846"," 0.7389"," 0.6877"," 0.6762"," 0.6900","0"
"Tests/Unit/pos/Ackermann.hs"," 0.7509"," 0.8079"," 0.7614"," 0.7372"," 0.7142","0"
"Tests/Unit/pos/AmortizedQueue.hs"," 0.8174"," 0.8568"," 0.8345"," 0.7714"," 0.8431","0"
"Tests/Unit/pos/Assume.hs"," 0.6651"," 0.7418"," 0.6952"," 0.6943"," 0.7310","0"
"Tests/Unit/pos/AssumedRecursive.hs"," 0.6658"," 0.7279"," 0.6815"," 0.6519"," 0.7145","0"
"Tests/Unit/pos/AutoSize.hs"," 0.6610"," 0.7597"," 0.6898"," 0.6892"," 0.7142","0"
"Tests/Unit/pos/Avg.hs"," 0.6831"," 0.7518"," 0.7060"," 0.6778"," 0.7279","0"
"Tests/Unit/pos/BST000.hs"," 1.5684"," 1.3145"," 1.6018"," 1.1420"," 1.2710","0"
"Tests/Unit/pos/BinarySearch.hs"," 0.8033"," 0.9196"," 0.8346"," 0.8056"," 0.8727","0"
"Tests/Unit/pos/Books.hs"," 0.7112"," 0.8191"," 0.7530"," 0.7095"," 0.7591","0"
"Tests/Unit/pos/Class.hs"," 0.9526"," 0.9986"," 0.9546"," 0.8666"," 0.9372","0"
"Tests/Unit/pos/Class2.hs"," 0.6637"," 0.7314"," 0.6882"," 0.6759"," 0.7065","0"
"Tests/Unit/pos/ClassReg.hs"," 0.6625"," 0.7904"," 0.6806"," 0.6701"," 0.6868","0"
"Tests/Unit/pos/ClojurVector.hs"," 0.8967"," 0.9643"," 0.9281"," 0.8582"," 0.9156","0"
"Tests/Unit/pos/Coercion.hs"," 0.6704"," 0.7403"," 0.7011"," 0.6638"," 0.7148","0"
"Tests/Unit/pos/CompareConstraints.hs"," 1.0426"," 0.9612"," 1.0995"," 0.8674"," 0.8735","0"
"Tests/Unit/pos/Constraints.hs"," 0.7183"," 0.7761"," 0.7604"," 0.7175"," 0.7315","0"
"Tests/Unit/pos/ConstraintsAppend.hs"," 1.1265"," 1.2208"," 1.1806"," 1.1265"," 1.1131","0"
"Tests/Unit/pos/CountMonad.hs"," 0.8107"," 0.7995"," 0.7993"," 0.7319"," 0.7567","0"
"Tests/Unit/pos/DB00.hs"," 0.6277"," 0.7278"," 0.6977"," 0.6786"," 0.7129","0"
"Tests/Unit/pos/DataBase.hs"," 0.7162"," 0.7478"," 0.7172"," 0.7041"," 0.7265","0"
"Tests/Unit/pos/Eval.hs"," 0.7776"," 0.8652"," 0.8045"," 0.7882"," 0.8005","0"
"Tests/Unit/pos/Even.hs"," 0.6444"," 0.7465"," 0.6984"," 0.6430"," 0.6712","0"
"Tests/Unit/pos/Even0.hs"," 0.6546"," 0.7602"," 0.6886"," 0.6638"," 0.7191","0"
"Tests/Unit/pos/FFI.hs"," 0.7478"," 0.8588"," 0.7785"," 0.7457"," 0.7720","0"
"Tests/Unit/pos/Foo.hs"," 0.6340"," 0.6872"," 0.6921"," 0.6614"," 0.6544","0"
"Tests/Unit/pos/Fractional.hs"," 0.6547"," 0.7133"," 0.6776"," 0.6719"," 0.7105","0"
"Tests/Unit/pos/GADTs.hs"," 0.6554"," 0.7757"," 0.6960"," 0.6614"," 0.6591","0"
"Tests/Unit/pos/GCD.hs"," 0.8922"," 0.8696"," 0.9176"," 0.8150"," 0.8553","0"
"Tests/Unit/pos/GeneralizedTermination.hs"," 0.7845"," 0.7900"," 0.7880"," 0.7365"," 0.7713","0"
"Tests/Unit/pos/GhcListSort.hs"," 5.5847"," 5.5260"," 5.4340"," 5.0800"," 4.9035","0"
"Tests/Unit/pos/GhcSort1.hs"," 2.9264"," 2.5467"," 2.9123"," 2.3740"," 2.3816","0"
"Tests/Unit/pos/GhcSort2.hs"," 1.5389"," 1.3151"," 1.5259"," 1.2567"," 1.3656","0"
"Tests/Unit/pos/GhcSort3.T.hs"," 1.4246"," 1.2966"," 1.4538"," 1.2252"," 1.2266","0"
"Tests/Unit/pos/GhcSort3.hs"," 2.8143"," 2.7769"," 2.9255"," 2.6585"," 2.8114","0"
"Tests/Unit/pos/Goo.hs"," 0.6707"," 0.7085"," 0.7066"," 0.6538"," 0.6400","0"
"Tests/Unit/pos/GoodHMeas.hs"," 0.6748"," 0.7052"," 0.6869"," 0.6905"," 0.6531","0"
"Tests/Unit/pos/Gradual.hs"," 0.0000"," 0.0000"," 0.0001"," 0.0000"," 0.0000","0"
"Tests/Unit/pos/Graph.hs"," 0.9140"," 0.9385"," 0.9170"," 0.9185"," 0.9041","0"
"Tests/Unit/pos/HasElem.hs"," 0.6656"," 0.7012"," 0.7096"," 0.6776"," 0.7471","0"
"Tests/Unit/pos/HaskellMeasure.hs"," 0.6652"," 0.6854"," 0.7196"," 0.6856"," 0.7190","0"
"Tests/Unit/pos/HedgeUnion.hs"," 0.7585"," 0.7800"," 0.7866"," 0.7806"," 0.7509","0"
"Tests/Unit/pos/HigherOrderRecFun.hs"," 0.6604"," 0.6660"," 0.7078"," 0.6589"," 0.7100","0"
"Tests/Unit/pos/Holes.hs"," 0.7480"," 0.7278"," 0.7831"," 0.7084"," 0.7171","0"
"Tests/Unit/pos/IcfpDemo.hs"," 0.8235"," 0.9107"," 0.8382"," 0.7867"," 0.8232","0"
"Tests/Unit/pos/Infinity.hs"," 0.7157"," 0.7135"," 0.7468"," 0.7264"," 0.7334","0"
"Tests/Unit/pos/Invariants.hs"," 0.7311"," 0.7627"," 0.7846"," 0.7525"," 0.8919","0"
"Tests/Unit/pos/Keys.hs"," 0.7170"," 0.7573"," 0.7190"," 0.7020"," 0.6984","0"
"Tests/Unit/pos/LambdaDeBruijn.hs"," 1.6411"," 1.2431"," 1.5604"," 1.1603"," 1.2472","0"
"Tests/Unit/pos/LambdaEvalMini.hs"," 3.2352"," 2.5330"," 3.1994"," 2.3089"," 3.2365","0"
"Tests/Unit/pos/LambdaEvalSuperTiny.hs"," 1.2443"," 0.9585"," 1.3006"," 0.9536"," 1.3090","0"
"Tests/Unit/pos/LambdaEvalTiny.hs"," 1.3496"," 1.0513"," 1.3521"," 1.0180"," 1.3820","0"
"Tests/Unit/pos/LazyWhere.hs"," 0.6931"," 0.7231"," 0.7171"," 0.6615"," 0.7252","0"
"Tests/Unit/pos/LazyWhere1.hs"," 0.6642"," 0.7158"," 0.7182"," 0.6807"," 0.7139","0"
"Tests/Unit/pos/LiquidArray.hs"," 0.6826"," 0.6770"," 0.6960"," 0.6680"," 0.6967","0"
"Tests/Unit/pos/LiquidClass.hs"," 0.6598"," 0.6690"," 0.6934"," 0.6608"," 0.6966","0"
"Tests/Unit/pos/ListConcat.hs"," 0.7106"," 0.7079"," 0.7154"," 0.7048"," 0.7254","0"
"Tests/Unit/pos/ListElem.hs"," 0.6887"," 0.6970"," 0.7102"," 0.6938"," 0.7105","0"
"Tests/Unit/pos/ListISort-LType.hs"," 1.1735"," 1.0542"," 1.1850"," 1.0402"," 1.0651","0"
"Tests/Unit/pos/ListISort.hs"," 0.7892"," 0.7743"," 0.8170"," 0.7353"," 0.7416","0"
"Tests/Unit/pos/ListKeys.hs"," 0.7011"," 0.6862"," 0.7244"," 0.6834"," 0.6943","0"
"Tests/Unit/pos/ListLen-LType.hs"," 1.1133"," 1.0268"," 1.1868"," 1.0006"," 1.0498","0"
"Tests/Unit/pos/ListLen.hs"," 1.2148"," 1.0834"," 1.2579"," 1.0887"," 1.1002","0"
"Tests/Unit/pos/ListQSort-LType.hs"," 1.2459"," 1.2122"," 1.2753"," 1.1732"," 1.1801","0"
"Tests/Unit/pos/ListQSort.hs"," 1.3081"," 1.2650"," 1.3819"," 1.2297"," 1.2740","0"
"Tests/Unit/pos/ListRange-LType.hs"," 0.8188"," 0.8336"," 0.8216"," 0.7914"," 0.7783","0"
"Tests/Unit/pos/ListRange.hs"," 0.7911"," 0.9125"," 0.8320"," 0.8046"," 0.8213","0"
"Tests/Unit/pos/ListReverse-LType.hs"," 0.6981"," 0.9056"," 0.7359"," 0.7153"," 0.7356","0"
"Tests/Unit/pos/LocalHole.hs"," 0.7249"," 0.8467"," 0.7450"," 0.6855"," 0.7271","0"
"Tests/Unit/pos/LocalLazy.hs"," 0.6865"," 0.8021"," 0.7292"," 0.7247"," 0.7183","0"
"Tests/Unit/pos/LocalSpec.hs"," 0.6950"," 0.7869"," 0.7112"," 0.6770"," 0.7189","0"
"Tests/Unit/pos/LocalSpec0.hs"," 0.6600"," 0.8036"," 0.6695"," 0.6434"," 0.6650","0"
"Tests/Unit/pos/LocalSpecImp.hs"," 0.6520"," 0.7112"," 0.6929"," 0.6554"," 0.6791","0"
"Tests/Unit/pos/LocalTermExpr.hs"," 0.7209"," 0.7468"," 0.7638"," 0.7377"," 0.7579","0"
"Tests/Unit/pos/Loo.hs"," 0.6853"," 0.6847"," 0.6882"," 0.6851"," 0.6763","0"
"Tests/Unit/pos/MeasureContains.hs"," 0.7430"," 0.7298"," 0.7555"," 0.7083"," 0.7547","0"
"Tests/Unit/pos/MeasureDups.hs"," 0.7111"," 0.7478"," 0.7541"," 0.7231"," 0.7537","0"
"Tests/Unit/pos/MeasureSets.hs"," 0.6809"," 0.6979"," 0.7050"," 0.7006"," 0.7111","0"
"Tests/Unit/pos/Measures.hs"," 0.6428"," 0.6906"," 0.6702"," 0.6322"," 0.6961","0"
"Tests/Unit/pos/Measures1.hs"," 0.6597"," 0.6773"," 0.6882"," 0.6606"," 0.6952","0"
"Tests/Unit/pos/Merge1.hs"," 0.7783"," 0.7222"," 0.8102"," 0.6973"," 0.7243","0"
"Tests/Unit/pos/MergeSort.hs"," 2.0819"," 1.1928"," 2.0942"," 1.0951"," 1.5667","0"
"Tests/Unit/pos/Mod1.hs"," 0.6598"," 0.6615"," 0.6915"," 0.6515"," 0.6551","0"
"Tests/Unit/pos/Mod2.hs"," 0.6432"," 0.6723"," 0.6865"," 0.6598"," 0.6764","0"
"Tests/Unit/pos/Moo.hs"," 0.6695"," 0.6691"," 0.6645"," 0.6469"," 0.6713","0"
"Tests/Unit/pos/MutualRec.hs"," 1.8111"," 1.9118"," 1.7764"," 1.8806"," 1.9396","0"
"Tests/Unit/pos/NoCaseExpand.hs"," 0.9889"," 0.9650"," 0.9832"," 0.9978"," 1.0146","0"
"Tests/Unit/pos/NoExhaustiveGuardsError.hs"," 0.6700"," 0.6683"," 0.6866"," 0.6704"," 0.6919","0"
"Tests/Unit/pos/Overwrite.hs"," 0.6737"," 0.6986"," 0.7347"," 0.6800"," 0.7192","0"
"Tests/Unit/pos/PairMeasure.hs"," 0.6957"," 0.7031"," 0.7317"," 0.6720"," 0.6944","0"
"Tests/Unit/pos/PairMeasure0.hs"," 0.6800"," 0.7032"," 0.7179"," 0.6831"," 0.6908","0"
"Tests/Unit/pos/Permutation.hs"," 1.8100"," 1.3108"," 1.8789"," 1.2662"," 1.3219","0"
"Tests/Unit/pos/PersistentVector.hs"," 0.7583"," 0.7891"," 0.7893"," 0.7583"," 0.8026","0"
"Tests/Unit/pos/PlugHoles.hs"," 0.6640"," 0.6808"," 0.6669"," 0.6484"," 0.6619","0"
"Tests/Unit/pos/PointDist.hs"," 0.9486"," 0.7238"," 0.9839"," 0.7088"," 0.7294","0"
"Tests/Unit/pos/Product.hs"," 0.8879"," 0.8393"," 0.9247"," 0.8183"," 0.8712","0"
"Tests/Unit/pos/Propability.hs"," 0.7447"," 0.7269"," 0.7795"," 0.6884"," 0.7385","0"
"Tests/Unit/pos/RBTree.hs"," 0.9642"," 0.9683"," 1.0013"," 0.9749"," 1.1792","0"
"Tests/Unit/pos/RealProps.hs"," 0.6808"," 0.7094"," 0.7191"," 0.6694"," 0.7194","0"
"Tests/Unit/pos/RealProps1.hs"," 0.6907"," 0.7014"," 0.7342"," 0.6713"," 0.7424","0"
"Tests/Unit/pos/RecQSort.hs"," 0.8403"," 0.8180"," 0.8806"," 0.7675"," 0.8334","0"
"Tests/Unit/pos/RecQSort0.hs"," 0.8440"," 0.8297"," 0.8920"," 0.8156"," 0.8290","0"
"Tests/Unit/pos/RecSelector.hs"," 0.6502"," 0.6851"," 0.6933"," 0.6814"," 0.6830","0"
"Tests/Unit/pos/RecordSelectorError.hs"," 0.6528"," 0.6903"," 0.7058"," 0.7065"," 0.7194","0"
"Tests/Unit/pos/RelativeComplete.hs"," 0.6871"," 0.7314"," 0.7352"," 0.6859"," 0.7241","0"
"Tests/Unit/pos/Repeat.hs"," 0.6619"," 0.7117"," 0.7154"," 0.6818"," 0.7048","0"
"Tests/Unit/pos/Resolve.hs"," 0.6309"," 0.6673"," 0.6778"," 0.6676"," 0.6659","0"
"Tests/Unit/pos/ResolveA.hs"," 0.6379"," 0.6843"," 0.6927"," 0.6642"," 0.6671","0"
"Tests/Unit/pos/ResolveB.hs"," 0.6167"," 0.6651"," 0.6723"," 0.6331"," 0.6638","0"
"Tests/Unit/pos/ResolvePred.hs"," 0.6682"," 0.6970"," 0.7428"," 0.6769"," 0.7283","0"
"Tests/Unit/pos/SafePartialFunctions.hs"," 0.6701"," 0.6960"," 0.7156"," 0.6976"," 0.7082","0"
"Tests/Unit/pos/SimplerNotation.hs"," 0.6377"," 0.6818"," 0.6823"," 0.6708"," 0.6842","0"
"Tests/Unit/pos/Solver.hs"," 1.0941"," 1.1239"," 1.1330"," 1.0998"," 1.1655","0"
"Tests/Unit/pos/StackClass.hs"," 0.6772"," 0.7129"," 0.7041"," 0.6857"," 0.7098","0"
"Tests/Unit/pos/State.hs"," 0.8122"," 0.8983"," 0.8720"," 0.7709"," 0.8649","0"
"Tests/Unit/pos/State1.hs"," 0.6969"," 0.7097"," 0.7478"," 0.7138"," 0.7145","0"
"Tests/Unit/pos/StateConstraints.hs"," 4.6101"," 5.5122"," 4.7170"," 4.6504"," 4.7994","0"
"Tests/Unit/pos/StateConstraints00.hs"," 0.6909"," 0.6944"," 0.7206"," 0.6752"," 0.7147","0"
"Tests/Unit/pos/StateF00.hs"," 0.7241"," 0.6968"," 0.7258"," 0.6731"," 0.7108","0"
"Tests/Unit/pos/StreamInvariants.hs"," 0.6467"," 0.6898"," 0.6859"," 0.6595"," 0.6801","0"
"Tests/Unit/pos/StrictPair0.hs"," 0.6804"," 0.7118"," 0.7138"," 0.6751"," 0.7287","0"
"Tests/Unit/pos/StrictPair1.hs"," 0.8659"," 0.9232"," 0.9222"," 0.8782"," 0.9313","0"
"Tests/Unit/pos/StringLit.hs"," 0.6443"," 0.6598"," 0.6745"," 0.6366"," 0.6634","0"
"Tests/Unit/pos/Strings.hs"," 0.6975"," 0.7562"," 0.7347"," 0.6892"," 0.7611","0"
"Tests/Unit/pos/StructRec.hs"," 0.6643"," 0.8512"," 0.6978"," 0.6659"," 0.7094","0"
"Tests/Unit/pos/Sum.hs"," 0.6973"," 0.7326"," 0.7546"," 0.6896"," 0.7334","0"
"Tests/Unit/pos/T531.hs"," 0.6483"," 0.6620"," 0.6825"," 0.6718"," 0.6875","0"
"Tests/Unit/pos/T595.hs"," 0.7052"," 0.7583"," 0.7634"," 0.7321"," 0.7807","0"
"Tests/Unit/pos/T595a.hs"," 0.6366"," 0.6510"," 0.6500"," 0.6560"," 0.7042","0"
"Tests/Unit/pos/T598.hs"," 0.7929"," 0.8357"," 0.8468"," 0.7936"," 0.8338","0"
"Tests/Unit/pos/Term.hs"," 0.6887"," 0.7500"," 0.7196"," 0.6955"," 0.7200","0"
"Tests/Unit/pos/Termination.lhs"," 0.7798"," 0.8036"," 0.7721"," 0.7637"," 0.7641","0"
"Tests/Unit/pos/TerminationNum.hs"," 0.6700"," 0.6850"," 0.6680"," 0.6736"," 0.6747","0"
"Tests/Unit/pos/TerminationNum0.hs"," 0.6818"," 0.7332"," 0.7231"," 0.6774"," 0.6880","0"
"Tests/Unit/pos/Test761.hs"," 0.6979"," 0.7390"," 0.7447"," 0.7663"," 0.7299","0"
"Tests/Unit/pos/TokenType.hs"," 0.6370"," 0.6646"," 0.6815"," 0.6699"," 0.6928","0"
"Tests/Unit/pos/TopLevel.hs"," 0.6877"," 0.7152"," 0.7136"," 0.6706"," 0.7039","0"
"Tests/Unit/pos/ToyMVar.hs"," 0.9153"," 0.9051"," 0.9167"," 0.8699"," 0.9103","0"
"Tests/Unit/pos/TypeAlias.hs"," 0.6617"," 0.6870"," 0.6698"," 0.6343"," 0.6722","0"
"Tests/Unit/pos/Variance.hs"," 0.6633"," 0.7495"," 0.6810"," 0.6591"," 0.7107","0"
"Tests/Unit/pos/WBL.hs"," 1.6760"," 1.4536"," 1.6593"," 1.4365"," 1.4864","0"
"Tests/Unit/pos/WBL0.hs"," 1.6664"," 1.4489"," 1.6932"," 1.3617"," 1.4446","0"
"Tests/Unit/pos/Words.hs"," 0.6516"," 0.7137"," 0.6700"," 0.6509"," 0.6689","0"
"Tests/Unit/pos/Words1.hs"," 0.6679"," 0.6963"," 0.6944"," 0.6880"," 0.6960","0"
"Tests/Unit/pos/absref-crash.hs"," 0.6487"," 0.7184"," 0.6726"," 0.6586"," 0.7010","0"
"Tests/Unit/pos/absref-crash0.hs"," 0.6629"," 0.7374"," 0.6997"," 0.6768"," 0.7086","0"
"Tests/Unit/pos/adt0.hs"," 0.6775"," 0.7832"," 0.7265"," 0.6825"," 0.6982","0"
"Tests/Unit/pos/alias00.hs"," 0.6511"," 0.7385"," 0.6952"," 0.6739"," 0.7038","0"
"Tests/Unit/pos/alias01.hs"," 0.6599"," 0.7621"," 0.6846"," 0.6851"," 0.6960","0"
"Tests/Unit/pos/alphaconvert-List.hs"," 1.1848"," 1.0906"," 1.2240"," 1.0000"," 1.0778","0"
"Tests/Unit/pos/alphaconvert-Set.hs"," 1.0136"," 0.9116"," 1.0425"," 0.8397"," 0.8916","0"
"Tests/Unit/pos/anfbug.hs"," 0.7319"," 0.7919"," 0.7531"," 0.7184"," 0.7964","0"
"Tests/Unit/pos/anftest.hs"," 0.6893"," 0.7538"," 0.6997"," 0.6896"," 0.7312","0"
"Tests/Unit/pos/anish1.hs"," 0.6594"," 0.7461"," 0.6804"," 0.6696"," 0.7379","0"
"Tests/Unit/pos/bangPatterns.hs"," 0.7126"," 0.7858"," 0.7300"," 0.6662"," 0.7354","0"
"Tests/Unit/pos/bar.hs"," 0.6428"," 0.7401"," 0.7088"," 0.6740"," 0.7214","0"
"Tests/Unit/pos/bounds1.hs"," 0.6744"," 0.7105"," 0.6821"," 0.6597"," 0.7280","0"
"Tests/Unit/pos/case-lambda-join.hs"," 0.8063"," 0.8988"," 0.8163"," 0.8011"," 0.8231","0"
"Tests/Unit/pos/cmptag0.hs"," 0.6920"," 0.7792"," 0.7436"," 0.6932"," 0.7700","0"
"Tests/Unit/pos/compare.hs"," 0.7135"," 0.7929"," 0.7414"," 0.6991"," 0.7232","0"
"Tests/Unit/pos/compare1.hs"," 0.7280"," 0.7907"," 0.7536"," 0.7572"," 0.7271","0"
"Tests/Unit/pos/compare2.hs"," 0.7194"," 0.8186"," 0.7388"," 0.6870"," 0.7353","0"
"Tests/Unit/pos/comprehensionTerm.hs"," 0.9888"," 1.0894"," 1.0188"," 0.9698"," 0.9806","0"
"Tests/Unit/pos/contra0.hs"," 0.7727"," 0.8462"," 0.7718"," 0.7066"," 0.7688","0"
"Tests/Unit/pos/coretologic.hs"," 0.6940"," 0.7673"," 0.7148"," 0.6886"," 0.7010","0"
"Tests/Unit/pos/csgordon_issue_296.hs"," 0.6500"," 0.7258"," 0.6646"," 0.6512"," 0.7023","0"
"Tests/Unit/pos/cut00.hs"," 0.6986"," 0.7576"," 0.7307"," 0.6802"," 0.7035","0"
"Tests/Unit/pos/data2.hs"," 0.7551"," 0.8144"," 0.7872"," 0.7462"," 0.7535","0"
"Tests/Unit/pos/dataConQuals.hs"," 0.6617"," 0.7493"," 0.6930"," 0.6714"," 0.7274","0"
"Tests/Unit/pos/datacon-inv.hs"," 0.6464"," 0.7554"," 0.6850"," 0.6561"," 0.6946","0"
"Tests/Unit/pos/datacon0.hs"," 0.7784"," 0.8380"," 0.7865"," 0.7649"," 0.7936","0"
"Tests/Unit/pos/datacon1.hs"," 0.6332"," 0.7554"," 0.6707"," 0.6676"," 0.7076","0"
"Tests/Unit/pos/deepmeas0.hs"," 0.7515"," 0.8248"," 0.7873"," 0.7599"," 0.7803","0"
"Tests/Unit/pos/deppair0.hs"," 0.7553"," 0.8153"," 0.7704"," 0.7169"," 0.7813","0"
"Tests/Unit/pos/deppair1.hs"," 0.6995"," 0.7670"," 0.7469"," 0.7160"," 0.7300","0"
"Tests/Unit/pos/deptup.hs"," 1.0741"," 1.0552"," 1.0574"," 0.9101"," 0.9323","0"
"Tests/Unit/pos/deptup0.hs"," 0.7493"," 0.8398"," 0.8007"," 0.7361"," 0.7393","0"
"Tests/Unit/pos/deptup1.hs"," 0.8202"," 0.9359"," 0.8722"," 0.7998"," 0.8341","0"
"Tests/Unit/pos/deptup3.hs"," 0.7153"," 0.8763"," 0.7625"," 0.7545"," 0.7588","0"
"Tests/Unit/pos/deptupW.hs"," 0.7232"," 0.7520"," 0.7827"," 0.7129"," 0.7509","0"
"Tests/Unit/pos/div000.hs"," 0.6612"," 0.6835"," 0.6710"," 0.6486"," 0.7024","0"
"Tests/Unit/pos/dropwhile.hs"," 0.9803"," 0.9934"," 0.9819"," 0.8786"," 0.9222","0"
"Tests/Unit/pos/duplicate-bind.hs"," 0.7009"," 0.7948"," 0.7170"," 0.6891"," 0.7214","0"
"Tests/Unit/pos/elements.hs"," 1.0176"," 0.9696"," 1.0140"," 0.9299"," 0.9630","0"
"Tests/Unit/pos/elems.hs"," 0.6699"," 0.6826"," 0.6986"," 0.6714"," 0.6818","0"
"Tests/Unit/pos/elim00.hs"," 0.8123"," 0.7309"," 0.8487"," 0.7021"," 0.9858","0"
"Tests/Unit/pos/elim01.hs"," 0.6789"," 0.8035"," 0.7174"," 0.6940"," 0.6918","0"
"Tests/Unit/pos/eqelems.hs"," 0.7103"," 0.7177"," 0.7147"," 0.6835"," 0.6938","0"
"Tests/Unit/pos/ex0.hs"," 0.7382"," 0.7850"," 0.7567"," 0.7354"," 0.7496","0"
"Tests/Unit/pos/ex01.hs"," 0.6585"," 0.7173"," 0.6668"," 0.6686"," 0.6982","0"
"Tests/Unit/pos/ex1.hs"," 0.7585"," 0.8415"," 0.7758"," 0.7631"," 0.7991","0"
"Tests/Unit/pos/exp0.hs"," 0.7144"," 0.7778"," 0.7246"," 0.7056"," 0.7199","0"
"Tests/Unit/pos/extype.hs"," 0.6822"," 0.7511"," 0.6927"," 0.6731"," 0.6724","0"
"Tests/Unit/pos/failName.hs"," 0.6748"," 0.7546"," 0.6874"," 0.6335"," 0.6813","0"
"Tests/Unit/pos/filterAbs.hs"," 0.8810"," 0.8905"," 0.8391"," 0.8046"," 0.8283","0"
"Tests/Unit/pos/foldN.hs"," 0.6732"," 0.7970"," 0.7527"," 0.6918"," 0.7094","0"
"Tests/Unit/pos/foldr.hs"," 0.6939"," 0.7397"," 0.7286"," 0.7146"," 0.7187","0"
"Tests/Unit/pos/for.hs"," 0.8444"," 0.8862"," 0.9044"," 0.8418"," 0.8671","0"
"Tests/Unit/pos/forloop.hs"," 0.8236"," 0.9251"," 0.8471"," 0.8078"," 0.8702","0"
"Tests/Unit/pos/gadtEval.hs"," 1.1110"," 1.1958"," 1.1423"," 1.0970"," 1.1404","0"
"Tests/Unit/pos/gimme.hs"," 0.7250"," 0.7272"," 0.7258"," 0.6987"," 0.6777","0"
"Tests/Unit/pos/go.hs"," 0.6641"," 0.7475"," 0.7400"," 0.6911"," 0.6691","0"
"Tests/Unit/pos/go_ugly_type.hs"," 0.6976"," 0.7354"," 0.7278"," 0.7082"," 0.6882","0"
"Tests/Unit/pos/grty0.hs"," 0.6446"," 0.6752"," 0.7059"," 0.6394"," 0.7064","0"
"Tests/Unit/pos/grty1.hs"," 0.6602"," 0.6946"," 0.6787"," 0.6537"," 0.7262","0"
"Tests/Unit/pos/grty2.hs"," 0.6775"," 0.6908"," 0.6961"," 0.6639"," 0.7218","0"
"Tests/Unit/pos/grty3.hs"," 0.6580"," 0.6642"," 0.6911"," 0.6563"," 0.7126","0"
"Tests/Unit/pos/hello.hs"," 0.6762"," 0.6953"," 0.7006"," 0.6581"," 0.7283","0"
"Tests/Unit/pos/hole-app.hs"," 0.6656"," 0.6888"," 0.6923"," 0.6606"," 0.6844","0"
"Tests/Unit/pos/hole-fun.hs"," 0.6732"," 0.6932"," 0.7046"," 0.6601"," 0.6720","0"
"Tests/Unit/pos/idNat.hs"," 0.6603"," 0.6695"," 0.6856"," 0.6362"," 0.6747","0"
"Tests/Unit/pos/idNat0.hs"," 0.6536"," 0.6751"," 0.6775"," 0.6704"," 0.6748","0"
"Tests/Unit/pos/imp0.hs"," 0.7110"," 0.7203"," 0.7273"," 0.7032"," 0.7136","0"
"Tests/Unit/pos/implies.hs"," 0.6679"," 0.6947"," 0.6854"," 0.6591"," 0.6820","0"
"Tests/Unit/pos/infix.hs"," 0.7004"," 0.7233"," 0.7403"," 0.6866"," 0.7664","0"
"Tests/Unit/pos/initarray.hs"," 1.0005"," 0.9420"," 1.0668"," 0.8806"," 0.9595","0"
"Tests/Unit/pos/inline.hs"," 0.7749"," 0.7475"," 0.7623"," 0.7300"," 0.7476","0"
"Tests/Unit/pos/inline1.hs"," 0.6477"," 0.6786"," 0.6901"," 0.6622"," 0.7272","0"
"Tests/Unit/pos/invlhs.hs"," 0.6695"," 0.7034"," 0.6820"," 0.6546"," 0.6777","0"
"Tests/Unit/pos/ite.hs"," 0.6646"," 0.6909"," 0.6988"," 0.6682"," 0.6827","0"
"Tests/Unit/pos/ite1.hs"," 0.6716"," 0.6618"," 0.6815"," 0.6588"," 0.6731","0"
"Tests/Unit/pos/kmp.hs"," 1.7589"," 1.9618"," 1.6891"," 1.7686"," 1.8286","0"
"Tests/Unit/pos/kmpIO.hs"," 0.8101"," 0.8905"," 0.8444"," 0.8288"," 0.8524","0"
"Tests/Unit/pos/kmpVec.hs"," 1.3452"," 1.6219"," 1.3539"," 1.5067"," 1.5328","0"
"Tests/Unit/pos/lets.hs"," 0.8730"," 0.8130"," 0.9166"," 0.8000"," 0.8025","0"
"Tests/Unit/pos/lex.hs"," 0.6993"," 0.7003"," 0.7117"," 0.6675"," 0.7098","0"
"Tests/Unit/pos/listAnf.hs"," 0.7470"," 0.7529"," 0.7741"," 0.7510"," 0.7540","0"
"Tests/Unit/pos/listSet.hs"," 0.7774"," 0.8533"," 0.8288"," 0.7728"," 0.8257","0"
"Tests/Unit/pos/listSetDemo.hs"," 0.7874"," 0.9566"," 0.8391"," 0.7908"," 0.7853","0"
"Tests/Unit/pos/listqual.hs"," 0.7222"," 0.7463"," 0.7409"," 0.7008"," 0.7185","0"
"Tests/Unit/pos/lit.hs"," 0.6620"," 0.7848"," 0.6807"," 0.6712"," 0.6732","0"
"Tests/Unit/pos/malformed0.hs"," 0.9901"," 1.0641"," 1.0277"," 0.9463"," 0.9836","0"
"Tests/Unit/pos/mapTvCrash.hs"," 0.6927"," 0.6779"," 0.7178"," 0.6946"," 0.7073","0"
"Tests/Unit/pos/mapreduce-bare.hs"," 3.2435"," 3.0433"," 3.2066"," 2.9819"," 3.0017","0"
"Tests/Unit/pos/mapreduce.hs"," 1.7927"," 1.9524"," 1.7399"," 1.8574"," 1.8876","0"
"Tests/Unit/pos/maps.hs"," 0.7513"," 0.7631"," 0.8058"," 0.7835"," 0.7663","0"
"Tests/Unit/pos/maps1.hs"," 0.7405"," 0.7413"," 0.7908"," 0.7227"," 0.7565","0"
"Tests/Unit/pos/maybe.hs"," 1.0676"," 1.0074"," 1.0837"," 0.9937"," 0.9928","0"
"Tests/Unit/pos/maybe0.hs"," 0.6961"," 0.6958"," 0.7030"," 0.6696"," 0.7199","0"
"Tests/Unit/pos/maybe00.hs"," 0.6432"," 0.6508"," 0.6596"," 0.6875"," 0.6634","0"
"Tests/Unit/pos/maybe000.hs"," 0.7031"," 0.7091"," 0.7165"," 0.6825"," 0.7102","0"
"Tests/Unit/pos/maybe1.hs"," 0.7855"," 0.7876"," 0.8114"," 0.7672"," 0.7875","0"
"Tests/Unit/pos/maybe2.hs"," 1.0648"," 1.0569"," 1.0803"," 1.0286"," 1.0316","0"
"Tests/Unit/pos/maybe3.hs"," 0.6746"," 0.6962"," 0.7177"," 0.6710"," 0.6831","0"
"Tests/Unit/pos/maybe4.hs"," 0.6924"," 0.6782"," 0.6981"," 0.6710"," 0.7055","0"
"Tests/Unit/pos/meas0.hs"," 0.7197"," 0.7391"," 0.7397"," 0.7141"," 0.7206","0"
"Tests/Unit/pos/meas00.hs"," 0.7254"," 0.7241"," 0.7419"," 0.7012"," 0.7147","0"
"Tests/Unit/pos/meas00a.hs"," 0.6865"," 0.7178"," 0.7021"," 0.6983"," 0.6987","0"
"Tests/Unit/pos/meas0a.hs"," 0.7352"," 0.7405"," 0.7523"," 0.7092"," 0.7646","0"
"Tests/Unit/pos/meas1.hs"," 0.7127"," 0.7404"," 0.7538"," 0.6976"," 0.7237","0"
"Tests/Unit/pos/meas10.hs"," 0.7768"," 0.7730"," 0.7902"," 0.7429"," 0.7742","0"
"Tests/Unit/pos/meas11.hs"," 0.6819"," 0.7149"," 0.7333"," 0.6793"," 0.7151","0"
"Tests/Unit/pos/meas2.hs"," 0.6862"," 0.7360"," 0.7499"," 0.7099"," 0.7356","0"
"Tests/Unit/pos/meas3.hs"," 0.7946"," 0.8013"," 0.8380"," 0.7923"," 0.9202","0"
"Tests/Unit/pos/meas4.hs"," 0.8144"," 0.7880"," 0.8288"," 0.7808"," 0.8497","0"
"Tests/Unit/pos/meas5.hs"," 1.1834"," 1.1316"," 1.2038"," 1.0722"," 1.1029","0"
"Tests/Unit/pos/meas6.hs"," 0.7993"," 0.8368"," 0.8519"," 0.7895"," 0.8077","0"
"Tests/Unit/pos/meas7.hs"," 0.6898"," 0.7082"," 0.7117"," 0.6837"," 0.7076","0"
"Tests/Unit/pos/meas8.hs"," 0.7255"," 0.7183"," 0.7463"," 0.6958"," 0.7180","0"
"Tests/Unit/pos/meas9.hs"," 0.7570"," 0.7616"," 0.7924"," 0.7409"," 0.7527","0"
"Tests/Unit/pos/modTest.hs"," 0.7053"," 0.7255"," 0.7537"," 0.7029"," 0.7099","0"
"Tests/Unit/pos/monad1.hs"," 0.6838"," 0.6911"," 0.6899"," 0.6683"," 0.6959","0"
"Tests/Unit/pos/monad2.hs"," 0.6845"," 0.6882"," 0.7035"," 0.6752"," 0.7067","0"
"Tests/Unit/pos/monad5.hs"," 0.8987"," 0.8925"," 0.9016"," 0.8753"," 0.8950","0"
"Tests/Unit/pos/monad6.hs"," 0.7302"," 0.7630"," 0.7759"," 0.7141"," 0.7493","0"
"Tests/Unit/pos/monad7.hs"," 0.8948"," 0.8683"," 0.9352"," 0.8127"," 0.8161","0"
"Tests/Unit/pos/multi-pred-app-00.hs"," 0.6583"," 0.6703"," 0.6823"," 0.6552"," 0.6702","0"
"Tests/Unit/pos/mutrec.hs"," 0.6793"," 0.6944"," 0.7003"," 0.6728"," 0.7113","0"
"Tests/Unit/pos/nats.hs"," 1.1023"," 0.7425"," 1.1185"," 0.7330"," 0.7439","0"
"Tests/Unit/pos/niki.hs"," 0.6965"," 0.7157"," 0.7385"," 0.7106"," 0.7307","0"
"Tests/Unit/pos/niki1.hs"," 0.7410"," 0.7270"," 0.7492"," 0.7420"," 0.7382","0"
"Tests/Unit/pos/nullterm.hs"," 1.0147"," 0.8750"," 1.0597"," 0.8696"," 0.8936","0"
"Tests/Unit/pos/pair.hs"," 1.4870"," 1.2815"," 1.4404"," 1.3141"," 1.3270","0"
"Tests/Unit/pos/pair0.hs"," 1.3624"," 1.2441"," 1.3715"," 1.2345"," 1.2383","0"
"Tests/Unit/pos/pair00.hs"," 1.2079"," 1.0983"," 1.2296"," 1.0686"," 1.1202","0"
"Tests/Unit/pos/pargs.hs"," 0.6591"," 0.6625"," 0.6877"," 0.6557"," 0.6969","0"
"Tests/Unit/pos/pargs1.hs"," 0.6443"," 0.6703"," 0.6697"," 0.6360"," 0.6806","0"
"Tests/Unit/pos/partial-tycon.hs"," 0.6522"," 0.6653"," 0.6715"," 0.6502"," 0.6846","0"
"Tests/Unit/pos/partialmeasure.hs"," 0.6751"," 0.6816"," 0.7029"," 0.6746"," 0.6979","0"
"Tests/Unit/pos/poly0.hs"," 0.7541"," 0.7250"," 0.7617"," 0.7542"," 0.7570","0"
"Tests/Unit/pos/poly1.hs"," 0.7147"," 0.7324"," 0.7459"," 0.7307"," 0.7495","0"
"Tests/Unit/pos/poly2-degenerate.hs"," 0.7094"," 0.7363"," 0.7494"," 0.7074"," 0.7267","0"
"Tests/Unit/pos/poly2.hs"," 0.7242"," 0.7327"," 0.7664"," 0.7041"," 0.7650","0"
"Tests/Unit/pos/poly3.hs"," 0.6751"," 0.6985"," 0.7358"," 0.6858"," 0.7205","0"
"Tests/Unit/pos/poly3a.hs"," 0.7038"," 0.6993"," 0.7039"," 0.6976"," 0.7059","0"
"Tests/Unit/pos/poly4.hs"," 0.6916"," 0.7342"," 0.7157"," 0.7051"," 0.7102","0"
"Tests/Unit/pos/polyfun.hs"," 0.7160"," 0.7537"," 0.7491"," 0.7135"," 0.7200","0"
"Tests/Unit/pos/polyqual.hs"," 0.9255"," 0.9807"," 0.9047"," 0.9311"," 0.9150","0"
"Tests/Unit/pos/poslist.hs"," 0.8917"," 0.8363"," 0.9418"," 0.7984"," 0.8532","0"
"Tests/Unit/pos/poslist_dc.hs"," 0.7448"," 0.7504"," 0.7907"," 0.7481"," 0.7623","0"
"Tests/Unit/pos/pragma0.hs"," 0.6568"," 0.6837"," 0.6776"," 0.6383"," 0.6873","0"
"Tests/Unit/pos/pred.hs"," 0.6305"," 0.6650"," 0.6718"," 0.6347"," 0.6662","0"
"Tests/Unit/pos/primInt0.hs"," 0.8568"," 0.7848"," 0.8597"," 0.7585"," 0.8085","0"
"Tests/Unit/pos/profcrasher.hs"," 0.6970"," 0.7099"," 0.7053"," 0.6716"," 0.6905","0"
"Tests/Unit/pos/propmeasure.hs"," 0.7363"," 0.7489"," 0.7668"," 0.7645"," 0.7780","0"
"Tests/Unit/pos/propmeasure1.hs"," 0.6538"," 0.6705"," 0.6719"," 0.6402"," 0.6550","0"
"Tests/Unit/pos/qualTest.hs"," 0.7044"," 0.7460"," 0.7297"," 0.7175"," 0.7199","0"
"Tests/Unit/pos/range.hs"," 0.9409"," 0.9234"," 0.9510"," 0.9229"," 0.9255","0"
"Tests/Unit/pos/range1.hs"," 0.7530"," 0.7442"," 0.7787"," 0.7094"," 0.7386","0"
"Tests/Unit/pos/rangeAdt.hs"," 1.6151"," 1.5297"," 1.5811"," 1.5145"," 1.5022","0"
"Tests/Unit/pos/rec_annot_go.hs"," 0.7491"," 0.7831"," 0.8155"," 0.7585"," 0.8053","0"
"Tests/Unit/pos/record0.hs"," 0.7218"," 0.7493"," 0.7701"," 0.7262"," 0.7315","0"
"Tests/Unit/pos/record1.hs"," 0.6377"," 0.6616"," 0.6715"," 0.6679"," 0.6871","0"
"Tests/Unit/pos/recursion0.hs"," 0.6404"," 0.6911"," 0.6908"," 0.6606"," 0.6988","0"
"Tests/Unit/pos/repeatHigherOrder.hs"," 0.9433"," 1.0781"," 1.0070"," 0.9774"," 1.0184","0"
"Tests/Unit/pos/risers.hs"," 1.1464"," 0.9327"," 1.1796"," 0.8966"," 1.3142","0"
"Tests/Unit/pos/scanr.hs"," 0.7818"," 0.7609"," 0.8349"," 0.7371"," 0.9326","0"
"Tests/Unit/pos/selfList.hs"," 0.8952"," 0.7918"," 0.9719"," 0.7406"," 0.7685","0"
"Tests/Unit/pos/spec0.hs"," 0.6954"," 0.8817"," 0.7334"," 0.6838"," 0.7192","0"
"Tests/Unit/pos/stacks0.hs"," 0.7180"," 0.7753"," 0.7734"," 0.7265"," 0.7520","0"
"Tests/Unit/pos/state00.hs"," 0.6837"," 0.7135"," 0.7063"," 0.6737"," 0.7311","0"
"Tests/Unit/pos/stateInvarint.hs"," 0.8477"," 0.8379"," 0.8792"," 0.8049"," 0.8413","0"
"Tests/Unit/pos/string00.hs"," 0.6828"," 0.7273"," 0.7265"," 0.6882"," 0.7449","0"
"Tests/Unit/pos/tagBinder.hs"," 0.6507"," 0.6997"," 0.6834"," 0.6220"," 0.6705","0"
"Tests/Unit/pos/take.hs"," 0.9682"," 0.9001"," 0.9644"," 0.8558"," 0.9286","0"
"Tests/Unit/pos/term0.hs"," 0.7522"," 0.8703"," 0.7768"," 0.7760"," 0.7631","0"
"Tests/Unit/pos/test0.hs"," 0.7022"," 0.7483"," 0.7312"," 0.7044"," 0.7354","0"
"Tests/Unit/pos/test00-int.hs"," 0.6949"," 0.7813"," 0.7251"," 0.6947"," 0.7283","0"
"Tests/Unit/pos/test00.hs"," 0.6902"," 0.7803"," 0.7119"," 0.6853"," 0.7295","0"
"Tests/Unit/pos/test00.old.hs"," 0.6865"," 0.7324"," 0.7398"," 0.7130"," 0.7162","0"
"Tests/Unit/pos/test000.hs"," 0.7027"," 0.7355"," 0.7445"," 0.7105"," 0.7292","0"
"Tests/Unit/pos/test00b.hs"," 0.7072"," 0.7304"," 0.7297"," 0.7237"," 0.7128","0"
"Tests/Unit/pos/test00c.hs"," 0.8462"," 0.8246"," 0.8807"," 0.7641"," 0.7730","0"
"Tests/Unit/pos/test1.hs"," 0.6944"," 0.7385"," 0.7267"," 0.7005"," 0.7274","0"
"Tests/Unit/pos/test2.hs"," 0.7053"," 0.7323"," 0.7188"," 0.7042"," 0.6950","0"
"Tests/Unit/pos/testRec.hs"," 0.7214"," 0.7003"," 0.7048"," 0.7127"," 0.7354","0"
"Tests/Unit/pos/top0.hs"," 0.7359"," 0.7492"," 0.7569"," 0.7335"," 0.7373","0"
"Tests/Unit/pos/trans.hs"," 0.9899"," 0.8185"," 0.9801"," 0.7880"," 0.8024","0"
"Tests/Unit/pos/transTAG.hs"," 1.6473"," 1.4886"," 1.5408"," 1.4278"," 1.4245","0"
"Tests/Unit/pos/transpose.hs"," 1.7741"," 1.1283"," 1.7057"," 1.0267"," 1.0639","0"
"Tests/Unit/pos/tup0.hs"," 0.7254"," 0.7170"," 0.6961"," 0.6502"," 0.6690","0"
"Tests/Unit/pos/tupparse.hs"," 0.7123"," 0.7464"," 0.7264"," 0.7523"," 0.7298","0"
"Tests/Unit/pos/tyExpr.hs"," 0.6446"," 0.6760"," 0.6670"," 0.6518"," 0.6466","0"
"Tests/Unit/pos/tyclass0.hs"," 0.6393"," 0.6788"," 0.6728"," 0.6524"," 0.6531","0"
"Tests/Unit/pos/tyfam0.hs"," 0.6736"," 0.7032"," 0.7094"," 0.6730"," 0.7434","0"
"Tests/Unit/pos/tyvar.hs"," 0.6566"," 0.6555"," 0.6737"," 0.6514"," 0.6938","0"
"Tests/Unit/pos/unusedtyvars.hs"," 0.6804"," 0.7201"," 0.7016"," 0.6473"," 0.6882","0"
"Tests/Unit/pos/vecloop.hs"," 0.9008"," 0.8537"," 0.8724"," 0.8635"," 0.8467","0"
"Tests/Unit/pos/vector0.hs"," 1.1481"," 1.1198"," 1.2002"," 0.9809"," 0.9771","0"
"Tests/Unit/pos/vector00.hs"," 0.7661"," 0.9187"," 0.7622"," 0.7661"," 0.7759","0"
"Tests/Unit/pos/vector1.hs"," 1.0560"," 1.0606"," 1.0442"," 0.9706"," 0.9757","0"
"Tests/Unit/pos/vector1a.hs"," 1.0691"," 1.0171"," 1.0900"," 1.0063"," 1.0077","0"
"Tests/Unit/pos/vector1b.hs"," 1.0803"," 0.9857"," 1.0949"," 0.9739"," 1.0164","0"
"Tests/Unit/pos/vector2.hs"," 1.2986"," 1.2289"," 1.2703"," 1.1692"," 1.2571","0"
"Tests/Unit/pos/wrap0.hs"," 0.7621"," 0.7507"," 0.7706"," 0.7384"," 0.7464","0"
"Tests/Unit/pos/wrap1.hs"," 0.9166"," 0.9291"," 0.9188"," 0.8836"," 0.9366","0"
"Tests/Unit/pos/zipSO.hs"," 0.8373"," 0.7256"," 0.8322"," 0.7178"," 0.7235","0"
"Tests/Unit/pos/zipW.hs"," 0.7256"," 0.7280"," 0.7486"," 0.6900"," 0.7216","0"
"Tests/Unit/pos/zipW1.hs"," 0.7059"," 0.7192"," 0.7123"," 0.6969"," 0.7181","0"
"Tests/Unit/pos/zipW2.hs"," 0.7218"," 0.7235"," 0.7403"," 0.7606"," 0.7779","0"
"Tests/Unit/pos/zipper0.hs"," 1.2407"," 1.1036"," 1.2488"," 1.0121"," 1.4725","0"
"Tests/Unit/pos/zipper000.hs"," 0.9805"," 0.9223"," 0.9653"," 0.8876"," 1.1439","0"