"test"," time-1464925730"," time-1465445492","range"
"Tests/Benchmarks/bytestring/Data/ByteString/Fusion.T.hs"," 23.0520"," 10.4017","12"
"Tests/Benchmarks/esop/Base.hs"," 89.0208"," 76.4684","12"
"Tests/Benchmarks/bytestring/Data/ByteString/Fusion.hs"," 20.2073"," 9.2230","10"
"Tests/Unit/eq_pos/AppendArrow.hs"," 59.8227"," 50.7777","9"
"Tests/Unit/pos/RBTree.hs"," 10.7347"," 1.3949","9"
"Tests/Benchmarks/bytestring/Data/ByteString.T.hs"," 41.8455"," 32.8716","8"
"Tests/Benchmarks/text/Data/Text/Encoding.hs"," 36.5879"," 29.0734","7"
"Tests/Benchmarks/vect-algs/Data/Vector/Algorithms/Heap.hs"," 22.6725"," 15.2510","7"
"Tests/Benchmarks/haskell16_pos/Ackermann.hs"," 13.8410"," 7.4648","6"
"Tests/Benchmarks/hscolour/Language/Haskell/HsColour/HTML.hs"," 9.7280"," 3.3124","6"
"Tests/Benchmarks/icfp_neg/TwiceM.hs"," 37.8226"," 30.9929","6"
"Tests/Benchmarks/bytestring/Data/ByteString/Lazy.hs"," 41.6703"," 37.2315","4"
"Tests/Benchmarks/icfp_pos/FindRec.hs"," 14.2647"," 9.3463","4"
"Tests/Benchmarks/haskell16_neg/ApplicativeList.hs"," 15.4124"," 12.2125","3"
"Tests/Benchmarks/haskell16_neg/MonadMaybe.hs"," 9.3200"," 6.2635","3"
"Tests/Benchmarks/text/Data/Text/Internal.hs"," 6.3536"," 2.4518","3"
"Tests/Unit/pos/LambdaEval.hs"," 9.6856"," 5.8126","3"
"Tests/Unit/pos/filterAbs.hs"," 4.1265"," 0.9126","3"
"Tests/Benchmarks/bytestring/Data/ByteString/Internal.hs"," 6.2122"," 3.8699","2"
"Tests/Benchmarks/haskell16_neg/BasicLambdas.hs"," 8.8260"," 6.6616","2"
"Tests/Benchmarks/haskell16_pos/ApplicativeList.hs"," 11.5762"," 9.1524","2"
"Tests/Benchmarks/icfp_pos/CopyRec.hs"," 20.7358"," 17.9995","2"
"Tests/Benchmarks/icfp_pos/RIO2.hs"," 16.1144"," 14.0516","2"
"Tests/Benchmarks/text/Data/Text/Lazy.hs"," 52.4353"," 50.2344","2"
"Tests/Unit/eq_pos/ConcatMap.hs"," 19.1722"," 16.4230","2"
"Tests/Unit/neg/StateConstraints0.hs"," 19.6817"," 16.9574","2"
"Tests/Unit/neg/vector2.hs"," 4.2953"," 1.3978","2"
"Tests/Unit/pos/AVLRJ.hs"," 4.1999"," 2.0875","2"
"Tests/Unit/pos/FFI.hs"," 3.1450"," 0.8985","2"
"Tests/Unit/pos/Foldl.hs"," 9.8908"," 7.1931","2"
"Tests/Unit/pos/Map2.hs"," 10.8521"," 13.0924","2"
"Tests/Unit/pos/failName.hs"," 3.6773"," 0.6899","2"
"Tests/Unit/pos/gadtEval.hs"," 4.0140"," 1.4633","2"
"Tests/Unit/pos/kmpIO.hs"," 3.1375"," 0.8366","2"
"Tests/Benchmarks/bytestring/Data/ByteString/Lazy/Char8.hs"," 10.7024"," 8.8291","1"
"Tests/Benchmarks/haskell16_pos/ApplicativeMaybe.hs"," 3.3439"," 2.0701","1"
"Tests/Benchmarks/hscolour/Language/Haskell/HsColour/CSS.hs"," 2.6739"," 1.6679","1"
"Tests/Benchmarks/hscolour/Language/Haskell/HsColour/InlineCSS.hs"," 3.3618"," 1.7235","1"
"Tests/Benchmarks/hscolour/Language/Haskell/HsColour/LaTeX.hs"," 14.6002"," 13.1628","1"
"Tests/Benchmarks/icfp_neg/IfM.hs"," 5.7695"," 4.5746","1"
"Tests/Benchmarks/icfp_pos/DBMovies.hs"," 4.5496"," 3.0978","1"
"Tests/Benchmarks/icfp_pos/IfM.hs"," 5.5031"," 4.4894","1"
"Tests/Benchmarks/icfp_pos/Overview.lhs"," 7.4559"," 6.4235","1"
"Tests/Benchmarks/text/Data/Text/Lazy/Fusion.hs"," 7.8125"," 6.6678","1"
"Tests/Benchmarks/text/Data/Text/Lazy/Search.hs"," 46.0169"," 47.8452","1"
"Tests/Benchmarks/vect-algs/Data/Vector/Algorithms/Optimal.hs"," 8.6390"," 7.2072","1"
"Tests/Unit/pos/BinarySearch.hs"," 2.3148"," 0.8238","1"
"Tests/Unit/pos/ListMSort-LType.hs"," 2.1955"," 3.7214","1"
"Tests/Unit/pos/Map0.hs"," 11.9538"," 10.3620","1"
"Tests/Unit/pos/StateConstraints0.hs"," 10.0282"," 8.7911","1"
"Tests/Unit/pos/exp0.hs"," 1.9371"," 0.7303","1"
"Tests/Unit/pos/extype.hs"," 2.2368"," 0.7330","1"
"Tests/Unit/pos/for.hs"," 2.2693"," 0.9933","1"
"Tests/Unit/pos/jeff.hs"," 4.6639"," 2.9419","1"
"Tests/Unit/pos/mapreduce.hs"," 3.2442"," 2.1170","1"
"Tests/Unit/pos/meas9.hs"," 2.5191"," 0.8412","1"
"Tests/Unit/pos/transTAG.hs"," 2.8791"," 1.7774","1"
"Tests/Benchmarks/bytestring/Data/ByteString.hs"," 27.3956"," 27.0765","0"
"Tests/Benchmarks/bytestring/Data/ByteString/Char8.hs"," 7.1300"," 7.4671","0"
"Tests/Benchmarks/bytestring/Data/ByteString/Lazy/Internal.hs"," 1.6992"," 1.6429","0"
"Tests/Benchmarks/bytestring/Data/ByteString/LazyZip.hs"," 7.7825"," 7.7688","0"
"Tests/Benchmarks/bytestring/Data/ByteString/Unsafe.hs"," 1.9499"," 1.8390","0"
"Tests/Benchmarks/esop/Array.hs"," 2.3061"," 2.6525","0"
"Tests/Benchmarks/esop/Fib.hs"," 1.3819"," 1.2136","0"
"Tests/Benchmarks/esop/GhcListSort.hs"," 6.8368"," 6.3095","0"
"Tests/Benchmarks/esop/ListSort.hs"," 2.0383"," 2.1203","0"
"Tests/Benchmarks/esop/Splay.hs"," 5.9536"," 6.2250","0"
"Tests/Benchmarks/esop/Toy.hs"," 1.5234"," 1.5161","0"
"Tests/Benchmarks/haskell16_neg/Ackermann.hs"," 11.0940"," 10.7832","0"
"Tests/Benchmarks/haskell16_neg/Append.hs"," 1.7579"," 1.8572","0"
"Tests/Benchmarks/haskell16_neg/ApplicativeMaybe.hs"," 3.3509"," 2.4132","0"
"Tests/Benchmarks/haskell16_neg/Fibonacci.hs"," 2.4640"," 2.7960","0"
"Tests/Benchmarks/haskell16_neg/FunctorList.hs"," 1.8491"," 1.7693","0"
"Tests/Benchmarks/haskell16_neg/FunctorMaybe.hs"," 1.2312"," 1.2910","0"
"Tests/Benchmarks/haskell16_neg/MapFusion.hs"," 1.9203"," 1.6832","0"
"Tests/Benchmarks/haskell16_neg/MonadList.hs"," 8.4163"," 8.6927","0"
"Tests/Benchmarks/haskell16_pos/Append.hs"," 1.4174"," 1.4823","0"
"Tests/Benchmarks/haskell16_pos/BasicLambdas.hs"," 1.0806"," 0.7903","0"
"Tests/Benchmarks/haskell16_pos/Compose.hs"," 1.3818"," 0.8128","0"
"Tests/Benchmarks/haskell16_pos/Fibonacci.hs"," 2.9925"," 2.7017","0"
"Tests/Benchmarks/haskell16_pos/FoldrUniversal.hs"," 2.8414"," 2.2006","0"
"Tests/Benchmarks/haskell16_pos/FunctorList.hs"," 1.6123"," 1.5377","0"
"Tests/Benchmarks/haskell16_pos/FunctorMaybe.hs"," 1.2788"," 1.2615","0"
"Tests/Benchmarks/haskell16_pos/Helper.hs"," 1.3267"," 1.3583","0"
"Tests/Benchmarks/haskell16_pos/MapFusion.hs"," 1.3881"," 1.2558","0"
"Tests/Benchmarks/haskell16_pos/MonadList.hs"," 1.6421"," 1.6961","0"
"Tests/Benchmarks/haskell16_pos/MonadMaybe.hs"," 1.1458"," 1.0576","0"
"Tests/Benchmarks/haskell16_pos/MonoidList.hs"," 1.1851"," 1.0884","0"
"Tests/Benchmarks/haskell16_pos/MonoidMaybe.hs"," 1.0032"," 1.0231","0"
"Tests/Benchmarks/haskell16_pos/Overview.hs"," 1.1290"," 1.1592","0"
"Tests/Benchmarks/haskell16_pos/Proves.hs"," 0.8289"," 0.8917","0"
"Tests/Benchmarks/haskell16_pos/Solver.hs"," 1.6619"," 1.6594","0"
"Tests/Benchmarks/haskell16_pos/Unification.hs"," 5.8710"," 6.4485","0"
"Tests/Benchmarks/hscolour/Language/Haskell/HsColour.hs"," 4.2150"," 4.1728","0"
"Tests/Benchmarks/hscolour/Language/Haskell/HsColour/ANSI.hs"," 2.1834"," 1.8525","0"
"Tests/Benchmarks/hscolour/Language/Haskell/HsColour/ColourHighlight.hs"," 3.0979"," 2.8331","0"
"Tests/Benchmarks/hscolour/Language/Haskell/HsColour/Colourise.hs"," 3.0563"," 3.0926","0"
"Tests/Benchmarks/hscolour/Language/Haskell/HsColour/General.hs"," 1.3658"," 0.7770","0"
"Tests/Benchmarks/hscolour/Language/Haskell/HsColour/MIRC.hs"," 2.3364"," 2.1685","0"
"Tests/Benchmarks/hscolour/Language/Haskell/HsColour/Options.hs"," 0.8592"," 0.8402","0"
"Tests/Benchmarks/hscolour/Language/Haskell/HsColour/Output.hs"," 0.9573"," 0.9602","0"
"Tests/Benchmarks/hscolour/Language/Haskell/HsColour/TTY.hs"," 1.2212"," 1.2185","0"
"Tests/Benchmarks/hscolour/Setup.hs"," 0.7419"," 0.8110","0"
"Tests/Benchmarks/icfp_neg/Composition.hs"," 0.8861"," 0.8482","0"
"Tests/Benchmarks/icfp_neg/DBMovies.hs"," 3.3603"," 2.7811","0"
"Tests/Benchmarks/icfp_neg/Records.hs"," 0.9090"," 0.9112","0"
"Tests/Benchmarks/icfp_neg/TestM.hs"," 0.9807"," 0.9474","0"
"Tests/Benchmarks/icfp_neg/WhileM.hs"," 1.1578"," 1.1640","0"
"Tests/Benchmarks/icfp_pos/Append.hs"," 1.1854"," 1.1564","0"
"Tests/Benchmarks/icfp_pos/CompareConstraints.hs"," 1.0022"," 0.9874","0"
"Tests/Benchmarks/icfp_pos/Composition.hs"," 0.8404"," 0.8426","0"
"Tests/Benchmarks/icfp_pos/Filter.lhs"," 1.3545"," 1.0546","0"
"Tests/Benchmarks/icfp_pos/FoldAbs.hs"," 5.8465"," 5.5694","0"
"Tests/Benchmarks/icfp_pos/ICFP15.lhs"," 1.5567"," 1.6435","0"
"Tests/Benchmarks/icfp_pos/IfM2.hs"," 2.6381"," 2.2585","0"
"Tests/Benchmarks/icfp_pos/Incr-elim.hs"," 1.1179"," 0.9070","0"
"Tests/Benchmarks/icfp_pos/Incr.hs"," 1.2933"," 0.9358","0"
"Tests/Benchmarks/icfp_pos/Privileges.hs"," 1.0700"," 0.8020","0"
"Tests/Benchmarks/icfp_pos/TestM.hs"," 1.0448"," 0.8308","0"
"Tests/Benchmarks/icfp_pos/TwiceM.hs"," 6.8861"," 6.0222","0"
"Tests/Benchmarks/icfp_pos/WhileM.hs"," 1.0715"," 1.0002","0"
"Tests/Benchmarks/icfp_pos/WhileTest.hs"," 1.0262"," 0.9643","0"
"Tests/Benchmarks/icfp_pos/dropwhile.hs"," 1.2563"," 0.9683","0"
"Tests/Benchmarks/text/Data/Text.hs"," 34.9188"," 35.3815","0"
"Tests/Benchmarks/text/Data/Text/Array.hs"," 1.9103"," 1.9322","0"
"Tests/Benchmarks/text/Data/Text/Foreign.hs"," 3.2274"," 3.1092","0"
"Tests/Benchmarks/text/Data/Text/Fusion-debug-sel.hs"," 3.3065"," 2.9160","0"
"Tests/Benchmarks/text/Data/Text/Fusion/Size.hs"," 2.0940"," 1.9532","0"
"Tests/Benchmarks/text/Data/Text/Lazy/Builder.hs"," 10.5905"," 10.1822","0"
"Tests/Benchmarks/text/Data/Text/Lazy/Encoding.hs"," 13.0587"," 12.6806","0"
"Tests/Benchmarks/text/Data/Text/Lazy/Internal.hs"," 5.1417"," 5.1713","0"
"Tests/Benchmarks/text/Data/Text/Private.hs"," 2.3593"," 2.1391","0"
"Tests/Benchmarks/text/Data/Text/Search.hs"," 11.7556"," 10.8127","0"
"Tests/Benchmarks/text/Data/Text/Unsafe.hs"," 2.3415"," 2.3221","0"
"Tests/Benchmarks/text/Data/Text/UnsafeChar.hs"," 2.1241"," 1.6981","0"
"Tests/Benchmarks/text/Setup.lhs"," 1.5842"," 1.1249","0"
"Tests/Benchmarks/vect-algs/Data/Vector/Algorithms/AmericanFlag.hs"," 4.3265"," 4.8080","0"
"Tests/Benchmarks/vect-algs/Data/Vector/Algorithms/Combinators.hs"," 0.7693"," 0.7943","0"
"Tests/Benchmarks/vect-algs/Data/Vector/Algorithms/Common.hs"," 1.0978"," 1.1314","0"
"Tests/Benchmarks/vect-algs/Data/Vector/Algorithms/Insertion.hs"," 1.6289"," 1.4852","0"
"Tests/Benchmarks/vect-algs/Data/Vector/Algorithms/Intro.hs"," 4.8514"," 4.9474","0"
"Tests/Benchmarks/vect-algs/Data/Vector/Algorithms/Merge.hs"," 6.6163"," 7.2482","0"
"Tests/Benchmarks/vect-algs/Data/Vector/Algorithms/Radix.hs"," 2.7921"," 3.0304","0"
"Tests/Benchmarks/vect-algs/Data/Vector/Algorithms/Search.hs"," 2.8862"," 3.1441","0"
"Tests/Benchmarks/vect-algs/Data/Vector/Algorithms/Termination.hs"," 1.1544"," 1.2501","0"
"Tests/Benchmarks/vect-algs/Setup.lhs"," 1.2019"," 1.2992","0"
"Tests/Unit/crash/AbsRef.hs"," 0.6687"," 0.6835","0"
"Tests/Unit/crash/Assume.hs"," 0.6888"," 0.7185","0"
"Tests/Unit/crash/Assume1.hs"," 0.6705"," 0.7104","0"
"Tests/Unit/crash/Ast.hs"," 0.7158"," 0.7244","0"
"Tests/Unit/crash/BadExprArg.hs"," 0.6853"," 0.7003","0"
"Tests/Unit/crash/BadPragma0.hs"," 0.4074"," 0.4072","0"
"Tests/Unit/crash/BadPragma1.hs"," 0.4155"," 0.4079","0"
"Tests/Unit/crash/BadPragma2.hs"," 0.4117"," 0.4375","0"
"Tests/Unit/crash/BadSyn1.hs"," 0.6037"," 0.6590","0"
"Tests/Unit/crash/BadSyn2.hs"," 0.6101"," 0.6442","0"
"Tests/Unit/crash/BadSyn3.hs"," 0.6296"," 0.6440","0"
"Tests/Unit/crash/BadSyn4.hs"," 0.9606"," 0.6607","0"
"Tests/Unit/crash/CyclicExprAlias0.hs"," 0.6259"," 0.6071","0"
"Tests/Unit/crash/CyclicExprAlias1.hs"," 0.6183"," 0.6044","0"
"Tests/Unit/crash/CyclicExprAlias2.hs"," 0.5813"," 0.6391","0"
"Tests/Unit/crash/CyclicExprAlias3.hs"," 0.5922"," 0.6502","0"
"Tests/Unit/crash/CyclicPredAlias0.hs"," 0.6080"," 0.6053","0"
"Tests/Unit/crash/CyclicPredAlias1.hs"," 0.5898"," 0.6254","0"
"Tests/Unit/crash/CyclicPredAlias2.hs"," 0.6076"," 0.5939","0"
"Tests/Unit/crash/CyclicPredAlias3.hs"," 0.6123"," 0.6287","0"
"Tests/Unit/crash/CyclicTypeAlias0.hs"," 0.6399"," 0.5931","0"
"Tests/Unit/crash/CyclicTypeAlias1.hs"," 0.8262"," 0.5929","0"
"Tests/Unit/crash/CyclicTypeAlias2.hs"," 0.6720"," 0.5933","0"
"Tests/Unit/crash/CyclicTypeAlias3.hs"," 0.5946"," 0.6332","0"
"Tests/Unit/crash/FunRef1.hs"," 1.1122"," 0.6816","0"
"Tests/Unit/crash/FunRef2.hs"," 0.8649"," 0.6855","0"
"Tests/Unit/crash/HaskellMeasure.hs"," 0.6515"," 0.6640","0"
"Tests/Unit/crash/HigherOrder.hs"," 0.7437"," 0.6697","0"
"Tests/Unit/crash/LocalHole.hs"," 0.6610"," 0.6702","0"
"Tests/Unit/crash/LocalTermExpr.hs"," 0.6594"," 0.6626","0"
"Tests/Unit/crash/Mismatch.hs"," 0.7254"," 0.6835","0"
"Tests/Unit/crash/MultipleRecordSelectors.hs"," 0.7537"," 0.6878","0"
"Tests/Unit/crash/Qualif.hs"," 0.7256"," 0.7006","0"
"Tests/Unit/crash/RClass.hs"," 0.7116"," 0.7017","0"
"Tests/Unit/crash/T649.hs"," 0.7272"," 0.7517","0"
"Tests/Unit/crash/T691.hs"," 0.4279"," 0.4203","0"
"Tests/Unit/crash/Unbound.hs"," 0.6835"," 0.7140","0"
"Tests/Unit/crash/errmsg-dc-num.hs"," 0.6627"," 0.6884","0"
"Tests/Unit/crash/errmsg-dc-type.hs"," 0.6977"," 0.7034","0"
"Tests/Unit/crash/errmsg-mismatch.hs"," 0.6988"," 0.7133","0"
"Tests/Unit/crash/funref.hs"," 1.0264"," 0.6695","0"
"Tests/Unit/crash/hole-crash1.hs"," 0.6671"," 0.6809","0"
"Tests/Unit/crash/hole-crash2.hs"," 0.5983"," 0.6208","0"
"Tests/Unit/crash/hole-crash3.hs"," 0.6608"," 0.6757","0"
"Tests/Unit/crash/issue594.hs"," 0.6919"," 0.7097","0"
"Tests/Unit/crash/num-float-error.hs"," 0.6971"," 0.6798","0"
"Tests/Unit/crash/num-float-error1.hs"," 0.7417"," 0.6786","0"
"Tests/Unit/crash/predparams.hs"," 0.6567"," 0.6642","0"
"Tests/Unit/crash/typeAliasDup.hs"," 0.7848"," 0.7495","0"
"Tests/Unit/eq_neg/Append.hs"," 2.7843"," 2.4911","0"
"Tests/Unit/eq_neg/Fibonacci.hs"," 0.9253"," 0.7359","0"
"Tests/Unit/eq_pos/AppendAxiom.hs"," 1.0609"," 1.0964","0"
"Tests/Unit/eq_pos/AppendVerbose.hs"," 3.1062"," 3.1528","0"
"Tests/Unit/eq_pos/Arrow.hs"," 0.7321"," 0.7324","0"
"Tests/Unit/eq_pos/MapAppend.hs"," 0.0000"," 0.0001","0"
"Tests/Unit/eq_pos/MonadicLaws.hs"," 7.9927"," 8.1565","0"
"Tests/Unit/eq_pos/MonadicLawsMaybe.hs"," 1.2089"," 1.2120","0"
"Tests/Unit/eq_pos/MonadicLawsMaybeAssoc.hs"," 1.3228"," 1.1932","0"
"Tests/Unit/error/crash/TerminationExpr.hs"," 0.6922"," 0.6879","0"
"Tests/Unit/error/crash/TerminationExpr1.hs"," 0.6886"," 0.7329","0"
"Tests/Unit/neg/AbsApp.hs"," 0.7202"," 0.7120","0"
"Tests/Unit/neg/Ast.hs"," 0.7505"," 0.7925","0"
"Tests/Unit/neg/AutoSize.hs"," 0.7330"," 0.7344","0"
"Tests/Unit/neg/AutoTerm.hs"," 0.7668"," 0.7626","0"
"Tests/Unit/neg/AutoTerm1.hs"," 0.9357"," 0.7536","0"
"Tests/Unit/neg/BadHMeas.hs"," 0.7629"," 0.7695","0"
"Tests/Unit/neg/Baz.hs"," 0.7536"," 0.7241","0"
"Tests/Unit/neg/BigNum.hs"," 0.7629"," 0.7230","0"
"Tests/Unit/neg/Books.hs"," 0.8809"," 0.8384","0"
"Tests/Unit/neg/CastedTotality.hs"," 0.7960"," 0.8130","0"
"Tests/Unit/neg/Class1.hs"," 0.9142"," 0.9790","0"
"Tests/Unit/neg/Class2.hs"," 0.7872"," 0.8227","0"
"Tests/Unit/neg/Class3.hs"," 0.9131"," 0.8174","0"
"Tests/Unit/neg/Class4.hs"," 0.9114"," 0.7682","0"
"Tests/Unit/neg/Class5.hs"," 0.7430"," 0.7464","0"
"Tests/Unit/neg/CompareConstraints.hs"," 1.3029"," 1.0062","0"
"Tests/Unit/neg/Constraints.hs"," 0.8990"," 0.7730","0"
"Tests/Unit/neg/ConstraintsAppend.hs"," 1.7592"," 1.3340","0"
"Tests/Unit/neg/Eval.hs"," 0.9470"," 0.9347","0"
"Tests/Unit/neg/Even.hs"," 0.7887"," 0.7671","0"
"Tests/Unit/neg/FunSoundness.hs"," 0.9666"," 0.7440","0"
"Tests/Unit/neg/FunctionRef.hs"," 0.7509"," 0.7733","0"
"Tests/Unit/neg/GADTs.hs"," 1.0165"," 0.7629","0"
"Tests/Unit/neg/GeneralizedTermination.hs"," 0.9038"," 0.7875","0"
"Tests/Unit/neg/Gradual.hs"," 0.7655"," 0.7262","0"
"Tests/Unit/neg/HasElem.hs"," 0.8000"," 0.7820","0"
"Tests/Unit/neg/HigherOrder.hs"," 1.0545"," 0.7257","0"
"Tests/Unit/neg/HolesTop.hs"," 1.0062"," 1.2579","0"
"Tests/Unit/neg/LazyWhere.hs"," 0.9010"," 1.1432","0"
"Tests/Unit/neg/LazyWhere1.hs"," 1.1380"," 1.3531","0"
"Tests/Unit/neg/LiquidClass.hs"," 1.1718"," 0.7870","0"
"Tests/Unit/neg/LiquidClass1.hs"," 0.9979"," 0.7697","0"
"Tests/Unit/neg/ListConcat.hs"," 1.0515"," 0.7828","0"
"Tests/Unit/neg/ListElem.hs"," 0.8245"," 0.7917","0"
"Tests/Unit/neg/ListISort-LType.hs"," 0.9038"," 0.9602","0"
"Tests/Unit/neg/ListISort.hs"," 1.2009"," 1.3206","0"
"Tests/Unit/neg/ListKeys.hs"," 0.7571"," 0.7934","0"
"Tests/Unit/neg/ListMSort.hs"," 1.6078"," 1.8098","0"
"Tests/Unit/neg/ListQSort.hs"," 1.1827"," 1.2602","0"
"Tests/Unit/neg/ListRange.hs"," 0.8317"," 0.8962","0"
"Tests/Unit/neg/LocalSpec.hs"," 0.8188"," 0.7587","0"
"Tests/Unit/neg/MeasureContains.hs"," 0.9191"," 0.8700","0"
"Tests/Unit/neg/MeasureDups.hs"," 0.8543"," 0.8657","0"
"Tests/Unit/neg/MergeSort.hs"," 1.9771"," 1.4689","0"
"Tests/Unit/neg/MultiParamTypeClasses.hs"," 0.7988"," 0.7267","0"
"Tests/Unit/neg/MultipleInvariants.hs"," 0.7754"," 0.7227","0"
"Tests/Unit/neg/NoExhaustiveGuardsError.hs"," 0.8362"," 0.7081","0"
"Tests/Unit/neg/NoMethodBindingError.hs"," 0.8506"," 0.7039","0"
"Tests/Unit/neg/PairMeasure.hs"," 0.8403"," 0.7330","0"
"Tests/Unit/neg/Propability.hs"," 0.9123"," 0.8353","0"
"Tests/Unit/neg/Propability0.hs"," 0.7803"," 0.7648","0"
"Tests/Unit/neg/QQTySig.hs"," 3.9958"," 3.2266","0"
"Tests/Unit/neg/QQTySyn1.hs"," 3.9267"," 3.0118","0"
"Tests/Unit/neg/QQTySyn2.hs"," 4.0643"," 3.4547","0"
"Tests/Unit/neg/RG.hs"," 1.2197"," 0.9082","0"
"Tests/Unit/neg/RecQSort.hs"," 0.9816"," 1.0475","0"
"Tests/Unit/neg/RecSelector.hs"," 0.8353"," 0.6908","0"
"Tests/Unit/neg/SafePartialFunctions.hs"," 0.8513"," 0.7169","0"
"Tests/Unit/neg/Solver.hs"," 1.6396"," 1.2330","0"
"Tests/Unit/neg/StateConstraints.hs"," 1.3064"," 1.1650","0"
"Tests/Unit/neg/StateConstraints00.hs"," 0.9235"," 0.7422","0"
"Tests/Unit/neg/Strata.hs"," 0.8322"," 0.7229","0"
"Tests/Unit/neg/StreamInvariants.hs"," 0.8890"," 0.7202","0"
"Tests/Unit/neg/StrictPair0.hs"," 0.7719"," 0.7114","0"
"Tests/Unit/neg/StrictPair1.hs"," 1.0308"," 0.9772","0"
"Tests/Unit/neg/Strings.hs"," 0.7535"," 0.7138","0"
"Tests/Unit/neg/Sum.hs"," 0.8211"," 0.7658","0"
"Tests/Unit/neg/T602.hs"," 0.8215"," 0.7156","0"
"Tests/Unit/neg/TermReal.hs"," 0.9881"," 0.7090","0"
"Tests/Unit/neg/TerminationNum.hs"," 0.7704"," 0.7361","0"
"Tests/Unit/neg/TerminationNum0.hs"," 0.9185"," 0.7420","0"
"Tests/Unit/neg/TopLevel.hs"," 1.0478"," 0.7423","0"
"Tests/Unit/neg/Variance.hs"," 1.0513"," 0.7263","0"
"Tests/Unit/neg/Variance1.hs"," 0.7273"," 0.7909","0"
"Tests/Unit/neg/alias00.hs"," 0.7238"," 0.7462","0"
"Tests/Unit/neg/ass0.hs"," 0.7329"," 0.7043","0"
"Tests/Unit/neg/avg-bug.hs"," 0.7732"," 0.7565","0"
"Tests/Unit/neg/avg-bug.lhs"," 1.5659"," 1.6089","0"
"Tests/Unit/neg/concat.hs"," 1.2366"," 1.0169","0"
"Tests/Unit/neg/concat1.hs"," 1.4265"," 1.0452","0"
"Tests/Unit/neg/concat2.hs"," 1.5717"," 1.0565","0"
"Tests/Unit/neg/contra0.hs"," 0.8004"," 0.8322","0"
"Tests/Unit/neg/coretologic.hs"," 0.8041"," 0.7827","0"
"Tests/Unit/neg/csv.hs"," 1.5350"," 1.4611","0"
"Tests/Unit/neg/datacon-eq.hs"," 0.7308"," 0.7723","0"
"Tests/Unit/neg/deppair0.hs"," 0.8466"," 0.8253","0"
"Tests/Unit/neg/deptupW.hs"," 0.8377"," 0.8686","0"
"Tests/Unit/neg/elim00.hs"," 0.7476"," 0.7628","0"
"Tests/Unit/neg/elim000.hs"," 0.7294"," 0.7433","0"
"Tests/Unit/neg/errmsg.hs"," 0.8453"," 0.8102","0"
"Tests/Unit/neg/errorloc.hs"," 0.8572"," 0.7860","0"
"Tests/Unit/neg/ex0-unsafe.hs"," 0.8907"," 0.8476","0"
"Tests/Unit/neg/ex1-unsafe.hs"," 0.9237"," 0.8315","0"
"Tests/Unit/neg/filterAbs.hs"," 0.9514"," 0.9409","0"
"Tests/Unit/neg/foldN.hs"," 1.0410"," 0.8038","0"
"Tests/Unit/neg/foldN1.hs"," 1.1702"," 0.7943","0"
"Tests/Unit/neg/grty0.hs"," 0.8599"," 0.7423","0"
"Tests/Unit/neg/grty1.hs"," 0.8688"," 0.8523","0"
"Tests/Unit/neg/grty2.hs"," 0.7886"," 0.8326","0"
"Tests/Unit/neg/grty3.hs"," 0.7226"," 0.7503","0"
"Tests/Unit/neg/inc2.hs"," 0.7619"," 1.2828","0"
"Tests/Unit/neg/list00.hs"," 0.8044"," 0.8240","0"
"Tests/Unit/neg/listne.hs"," 0.7222"," 0.6947","0"
"Tests/Unit/neg/lit.hs"," 0.7270"," 0.7250","0"
"Tests/Unit/neg/mapreduce-tiny.hs"," 0.8241"," 0.9619","0"
"Tests/Unit/neg/mapreduce.hs"," 2.0902"," 2.0190","0"
"Tests/Unit/neg/maps.hs"," 0.8398"," 0.8209","0"
"Tests/Unit/neg/meas0.hs"," 0.8224"," 0.7886","0"
"Tests/Unit/neg/meas2.hs"," 0.7847"," 0.7844","0"
"Tests/Unit/neg/meas3.hs"," 0.8229"," 0.8056","0"
"Tests/Unit/neg/meas5.hs"," 1.3433"," 1.3314","0"
"Tests/Unit/neg/meas7.hs"," 0.8509"," 0.7468","0"
"Tests/Unit/neg/meas9.hs"," 0.8219"," 0.8656","0"
"Tests/Unit/neg/monad3.hs"," 1.0369"," 0.9137","0"
"Tests/Unit/neg/monad4.hs"," 0.9278"," 0.8842","0"
"Tests/Unit/neg/monad5.hs"," 1.0087"," 0.8326","0"
"Tests/Unit/neg/monad6.hs"," 0.7931"," 0.7718","0"
"Tests/Unit/neg/monad7.hs"," 0.9976"," 0.9025","0"
"Tests/Unit/neg/mr00.hs"," 1.1886"," 0.8346","0"
"Tests/Unit/neg/multi-pred-app-00.hs"," 0.8066"," 0.6971","0"
"Tests/Unit/neg/nestedRecursion.hs"," 0.8786"," 0.7243","0"
"Tests/Unit/neg/pair.hs"," 1.6133"," 1.3739","0"
"Tests/Unit/neg/pair0.hs"," 1.4955"," 1.3136","0"
"Tests/Unit/neg/pargs.hs"," 0.7832"," 0.6930","0"
"Tests/Unit/neg/pargs1.hs"," 0.7752"," 0.7081","0"
"Tests/Unit/neg/partial.hs"," 0.9227"," 0.7203","0"
"Tests/Unit/neg/poly0.hs"," 0.9761"," 0.8006","0"
"Tests/Unit/neg/poly1.hs"," 1.1381"," 0.7899","0"
"Tests/Unit/neg/poly2-degenerate.hs"," 0.8318"," 0.7604","0"
"Tests/Unit/neg/poly2.hs"," 0.8693"," 0.7768","0"
"Tests/Unit/neg/polypred.hs"," 0.8062"," 0.7487","0"
"Tests/Unit/neg/poslist.hs"," 1.0474"," 0.8987","0"
"Tests/Unit/neg/pragma0-unsafe.hs"," 0.9187"," 0.6930","0"
"Tests/Unit/neg/pred.hs"," 0.7877"," 0.6389","0"
"Tests/Unit/neg/prune0.hs"," 0.9366"," 0.7853","0"
"Tests/Unit/neg/qsloop.hs"," 0.9377"," 0.9241","0"
"Tests/Unit/neg/range.hs"," 1.0865"," 1.0624","0"
"Tests/Unit/neg/record0.hs"," 0.7693"," 0.7418","0"
"Tests/Unit/neg/revshape.hs"," 0.8667"," 0.6969","0"
"Tests/Unit/neg/risers.hs"," 0.8153"," 0.7309","0"
"Tests/Unit/neg/stacks.hs"," 1.1052"," 0.9597","0"
"Tests/Unit/neg/state0.hs"," 0.7295"," 0.6836","0"
"Tests/Unit/neg/state00.hs"," 0.8057"," 0.7129","0"
"Tests/Unit/neg/string00.hs"," 0.8232"," 0.7535","0"
"Tests/Unit/neg/sumPoly.hs"," 0.8565"," 0.7508","0"
"Tests/Unit/neg/sumk.hs"," 0.8462"," 0.7505","0"
"Tests/Unit/neg/test00.hs"," 1.0292"," 0.8051","0"
"Tests/Unit/neg/test00a.hs"," 0.8641"," 0.7639","0"
"Tests/Unit/neg/test00b.hs"," 0.9356"," 0.7600","0"
"Tests/Unit/neg/test00c.hs"," 1.0795"," 0.6951","0"
"Tests/Unit/neg/test1.hs"," 1.0664"," 0.7447","0"
"Tests/Unit/neg/test2.hs"," 1.0341"," 0.7833","0"
"Tests/Unit/neg/testRec.hs"," 1.1460"," 0.7773","0"
"Tests/Unit/neg/trans.hs"," 2.5159"," 1.9106","0"
"Tests/Unit/neg/truespec.hs"," 1.1143"," 0.9301","0"
"Tests/Unit/neg/tyclass0-unsafe.hs"," 1.0976"," 0.7013","0"
"Tests/Unit/neg/vector0.hs"," 0.9081"," 0.8781","0"
"Tests/Unit/neg/vector00.hs"," 1.0385"," 0.8283","0"
"Tests/Unit/neg/vector0a.hs"," 0.8413"," 0.8006","0"
"Tests/Unit/neg/vector1a.hs"," 1.0935"," 1.0289","0"
"Tests/Unit/neg/wrap0.hs"," 0.8480"," 0.7929","0"
"Tests/Unit/neg/wrap1.hs"," 1.1981"," 1.0022","0"
"Tests/Unit/parser/pos/Parens.hs"," 0.7289"," 0.8321","0"
"Tests/Unit/parser/pos/TokensAsPrefixes.hs"," 0.8661"," 0.7616","0"
"Tests/Unit/pos/AVL.hs"," 2.5308"," 1.8477","0"
"Tests/Unit/pos/Abs.hs"," 0.9322"," 0.7067","0"
"Tests/Unit/pos/Ackermann.hs"," 0.9291"," 0.7749","0"
"Tests/Unit/pos/AmortizedQueue.hs"," 0.9786"," 0.8452","0"
"Tests/Unit/pos/Assume.hs"," 0.8231"," 0.7392","0"
"Tests/Unit/pos/AssumedRecursive.hs"," 0.8705"," 0.6794","0"
"Tests/Unit/pos/AutoSize.hs"," 0.9113"," 0.7127","0"
"Tests/Unit/pos/AutoTerm.hs"," 0.9013"," 0.7395","0"
"Tests/Unit/pos/AutoTerm1.hs"," 0.8643"," 0.7268","0"
"Tests/Unit/pos/Avg.hs"," 0.8300"," 0.7960","0"
"Tests/Unit/pos/BST.hs"," 6.6360"," 6.1441","0"
"Tests/Unit/pos/BST000.hs"," 1.5062"," 1.2240","0"
"Tests/Unit/pos/Books.hs"," 1.4122"," 0.7439","0"
"Tests/Unit/pos/Class.hs"," 1.5478"," 1.0397","0"
"Tests/Unit/pos/Class2.hs"," 0.7602"," 0.7289","0"
"Tests/Unit/pos/ClassReg.hs"," 0.9573"," 0.7297","0"
"Tests/Unit/pos/ClojurVector.hs"," 0.9665"," 1.1416","0"
"Tests/Unit/pos/Coercion.hs"," 0.7820"," 0.7992","0"
"Tests/Unit/pos/CommentedOut.hs"," 0.7702"," 0.7716","0"
"Tests/Unit/pos/CompareConstraints.hs"," 1.1477"," 0.9760","0"
"Tests/Unit/pos/Constraints.hs"," 1.0134"," 0.7866","0"
"Tests/Unit/pos/ConstraintsAppend.hs"," 1.3469"," 1.3270","0"
"Tests/Unit/pos/CountMonad.hs"," 1.2326"," 0.7832","0"
"Tests/Unit/pos/DB00.hs"," 0.9834"," 0.8429","0"
"Tests/Unit/pos/DataBase.hs"," 0.7986"," 0.8450","0"
"Tests/Unit/pos/Eval.hs"," 0.9537"," 1.0307","0"
"Tests/Unit/pos/Even.hs"," 0.8229"," 0.6595","0"
"Tests/Unit/pos/Even0.hs"," 0.8304"," 0.6758","0"
"Tests/Unit/pos/ExactFunApp.hs"," 0.9868"," 0.6681","0"
"Tests/Unit/pos/Foo.hs"," 0.9570"," 0.6877","0"
"Tests/Unit/pos/Fractional.hs"," 1.1549"," 0.7057","0"
"Tests/Unit/pos/GADTs.hs"," 1.3547"," 0.7005","0"
"Tests/Unit/pos/GCD.hs"," 1.7604"," 0.8545","0"
"Tests/Unit/pos/GeneralizedTermination.hs"," 1.1683"," 0.7875","0"
"Tests/Unit/pos/GhcListSort.hs"," 6.3747"," 6.3802","0"
"Tests/Unit/pos/GhcSort1.hs"," 2.6533"," 3.0432","0"
"Tests/Unit/pos/GhcSort2.hs"," 1.3751"," 1.2590","0"
"Tests/Unit/pos/GhcSort3.T.hs"," 1.4513"," 1.4754","0"
"Tests/Unit/pos/GhcSort3.hs"," 3.4113"," 3.6740","0"
"Tests/Unit/pos/Goo.hs"," 0.7043"," 0.7167","0"
"Tests/Unit/pos/GoodHMeas.hs"," 0.7620"," 0.7108","0"
"Tests/Unit/pos/Gradual.hs"," 0.0003"," 0.0003","0"
"Tests/Unit/pos/Graph.hs"," 1.0394"," 1.1171","0"
"Tests/Unit/pos/HasElem.hs"," 1.1471"," 0.7392","0"
"Tests/Unit/pos/HaskellMeasure.hs"," 1.2707"," 0.8124","0"
"Tests/Unit/pos/HedgeUnion.hs"," 1.1520"," 0.8364","0"
"Tests/Unit/pos/HigherOrderRecFun.hs"," 0.7422"," 0.7108","0"
"Tests/Unit/pos/Holes.hs"," 0.9834"," 0.7416","0"
"Tests/Unit/pos/IcfpDemo.hs"," 1.2358"," 0.9118","0"
"Tests/Unit/pos/Infinity.hs"," 0.8772"," 0.9362","0"
"Tests/Unit/pos/Invariants.hs"," 0.7710"," 0.7943","0"
"Tests/Unit/pos/Keys.hs"," 0.8840"," 0.7089","0"
"Tests/Unit/pos/LambdaDeBruijn.hs"," 1.2841"," 1.2110","0"
"Tests/Unit/pos/LambdaEvalMini.hs"," 1.9869"," 1.6708","0"
"Tests/Unit/pos/LambdaEvalSuperTiny.hs"," 0.9040"," 1.0338","0"
"Tests/Unit/pos/LambdaEvalTiny.hs"," 1.0187"," 1.1755","0"
"Tests/Unit/pos/LazyWhere.hs"," 0.7414"," 0.7302","0"
"Tests/Unit/pos/LazyWhere1.hs"," 0.7718"," 0.7253","0"
"Tests/Unit/pos/LiquidArray.hs"," 0.8918"," 0.7144","0"
"Tests/Unit/pos/LiquidClass.hs"," 0.7232"," 0.7225","0"
"Tests/Unit/pos/ListConcat.hs"," 0.8181"," 0.8203","0"
"Tests/Unit/pos/ListElem.hs"," 0.7525"," 0.7689","0"
"Tests/Unit/pos/ListISort-LType.hs"," 1.3661"," 1.4140","0"
"Tests/Unit/pos/ListISort.hs"," 1.0286"," 0.9989","0"
"Tests/Unit/pos/ListKeys.hs"," 0.8007"," 0.9307","0"
"Tests/Unit/pos/ListLen-LType.hs"," 1.3140"," 1.3183","0"
"Tests/Unit/pos/ListLen.hs"," 1.1930"," 1.2191","0"
"Tests/Unit/pos/ListMSort.hs"," 1.4280"," 1.5500","0"
"Tests/Unit/pos/ListQSort-LType.hs"," 1.6335"," 1.5565","0"
"Tests/Unit/pos/ListQSort.hs"," 1.6794"," 1.9074","0"
"Tests/Unit/pos/ListRange-LType.hs"," 0.9338"," 1.0540","0"
"Tests/Unit/pos/ListRange.hs"," 0.9225"," 1.4851","0"
"Tests/Unit/pos/ListReverse-LType.hs"," 0.9520"," 0.8716","0"
"Tests/Unit/pos/ListSort.hs"," 2.0266"," 2.1647","0"
"Tests/Unit/pos/LocalHole.hs"," 0.7872"," 0.8270","0"
"Tests/Unit/pos/LocalLazy.hs"," 0.9431"," 0.9182","0"
"Tests/Unit/pos/LocalSpec.hs"," 0.9349"," 0.7455","0"
"Tests/Unit/pos/LocalSpec0.hs"," 0.9712"," 0.8747","0"
"Tests/Unit/pos/LocalSpecImp.hs"," 0.9332"," 0.8615","0"
"Tests/Unit/pos/LocalTermExpr.hs"," 0.8802"," 0.9616","0"
"Tests/Unit/pos/LogicCurry1.hs"," 0.7525"," 0.8036","0"
"Tests/Unit/pos/Loo.hs"," 0.7514"," 0.7429","0"
"Tests/Unit/pos/Map.hs"," 10.7203"," 11.7031","0"
"Tests/Unit/pos/MeasureContains.hs"," 1.0954"," 0.8239","0"
"Tests/Unit/pos/MeasureDups.hs"," 1.0982"," 0.8084","0"
"Tests/Unit/pos/MeasureSets.hs"," 0.7833"," 0.8723","0"
"Tests/Unit/pos/Measures.hs"," 1.0053"," 0.7287","0"
"Tests/Unit/pos/Measures1.hs"," 0.9076"," 1.0841","0"
"Tests/Unit/pos/Merge1.hs"," 0.9772"," 0.8236","0"
"Tests/Unit/pos/MergeSort.hs"," 1.1606"," 1.4026","0"
"Tests/Unit/pos/Mod1.hs"," 0.7032"," 0.8111","0"
"Tests/Unit/pos/Mod2.hs"," 0.7337"," 0.7938","0"
"Tests/Unit/pos/Moo.hs"," 0.6815"," 0.7680","0"
"Tests/Unit/pos/MultipleInvariants.hs"," 0.7100"," 0.7947","0"
"Tests/Unit/pos/MutualRec.hs"," 2.9533"," 2.1540","0"
"Tests/Unit/pos/NoCaseExpand.hs"," 1.0217"," 1.2733","0"
"Tests/Unit/pos/NoExhaustiveGuardsError.hs"," 0.6775"," 0.7518","0"
"Tests/Unit/pos/OrdList.hs"," 13.5998"," 14.4132","0"
"Tests/Unit/pos/Overwrite.hs"," 0.7511"," 1.3072","0"
"Tests/Unit/pos/PairMeasure.hs"," 0.7451"," 1.1813","0"
"Tests/Unit/pos/PairMeasure0.hs"," 0.7223"," 0.8967","0"
"Tests/Unit/pos/Permutation.hs"," 1.5523"," 1.7323","0"
"Tests/Unit/pos/PersistentVector.hs"," 0.8215"," 0.8312","0"
"Tests/Unit/pos/PlugHoles.hs"," 0.7167"," 0.7032","0"
"Tests/Unit/pos/PointDist.hs"," 0.7720"," 0.7602","0"
"Tests/Unit/pos/Product.hs"," 1.3260"," 1.0482","0"
"Tests/Unit/pos/Propability.hs"," 0.7949"," 0.8004","0"
"Tests/Unit/pos/QQTySig.hs"," 3.3628"," 3.2501","0"
"Tests/Unit/pos/QQTySigTyVars.hs"," 3.2770"," 3.0682","0"
"Tests/Unit/pos/QQTySyn.hs"," 3.6871"," 3.2200","0"
"Tests/Unit/pos/RBTree-col-height.hs"," 4.3551"," 4.3374","0"
"Tests/Unit/pos/RBTree-color.hs"," 3.4253"," 3.5191","0"
"Tests/Unit/pos/RBTree-height.hs"," 2.5569"," 3.1309","0"
"Tests/Unit/pos/RBTree-ord.hs"," 6.3475"," 6.9559","0"
"Tests/Unit/pos/RealProps.hs"," 0.7030"," 0.8257","0"
"Tests/Unit/pos/RealProps1.hs"," 0.7164"," 0.9436","0"
"Tests/Unit/pos/RecQSort.hs"," 0.8587"," 0.9630","0"
"Tests/Unit/pos/RecQSort0.hs"," 0.8803"," 0.9482","0"
"Tests/Unit/pos/RecSelector.hs"," 1.0857"," 0.7315","0"
"Tests/Unit/pos/RecordSelectorError.hs"," 0.6786"," 0.9138","0"
"Tests/Unit/pos/RelativeComplete.hs"," 0.8167"," 0.9626","0"
"Tests/Unit/pos/Repeat.hs"," 0.9097"," 0.8064","0"
"Tests/Unit/pos/Resolve.hs"," 0.6908"," 0.7329","0"
"Tests/Unit/pos/ResolveA.hs"," 0.7030"," 0.7279","0"
"Tests/Unit/pos/ResolveB.hs"," 0.8778"," 0.9156","0"
"Tests/Unit/pos/ResolvePred.hs"," 0.8096"," 0.8318","0"
"Tests/Unit/pos/SafePartialFunctions.hs"," 0.8522"," 0.7159","0"
"Tests/Unit/pos/SimplerNotation.hs"," 0.8700"," 0.6870","0"
"Tests/Unit/pos/Solver.hs"," 1.7493"," 1.3238","0"
"Tests/Unit/pos/StackClass.hs"," 0.7681"," 0.7063","0"
"Tests/Unit/pos/State.hs"," 0.8386"," 0.8921","0"
"Tests/Unit/pos/State1.hs"," 0.9972"," 0.7051","0"
"Tests/Unit/pos/StateConstraints.hs"," 5.4286"," 4.9477","0"
"Tests/Unit/pos/StateConstraints00.hs"," 0.7544"," 0.7184","0"
"Tests/Unit/pos/StateF00.hs"," 0.8033"," 0.7213","0"
"Tests/Unit/pos/StreamInvariants.hs"," 0.7508"," 0.7659","0"
"Tests/Unit/pos/StrictPair0.hs"," 0.7883"," 0.7373","0"
"Tests/Unit/pos/StrictPair1.hs"," 1.0621"," 1.0622","0"
"Tests/Unit/pos/StringLit.hs"," 0.8042"," 0.7077","0"
"Tests/Unit/pos/Strings.hs"," 0.8908"," 0.7707","0"
"Tests/Unit/pos/StructRec.hs"," 0.8302"," 0.7475","0"
"Tests/Unit/pos/Sum.hs"," 0.8215"," 0.7618","0"
"Tests/Unit/pos/T531.hs"," 0.7323"," 0.6814","0"
"Tests/Unit/pos/T595.hs"," 0.8486"," 0.7845","0"
"Tests/Unit/pos/T595a.hs"," 0.7650"," 0.8052","0"
"Tests/Unit/pos/T598.hs"," 0.9985"," 0.8959","0"
"Tests/Unit/pos/Term.hs"," 0.7747"," 0.7265","0"
"Tests/Unit/pos/Termination.lhs"," 1.2859"," 1.3022","0"
"Tests/Unit/pos/TerminationNum.hs"," 0.7757"," 0.7422","0"
"Tests/Unit/pos/TerminationNum0.hs"," 0.9033"," 0.7692","0"
"Tests/Unit/pos/Test761.hs"," 0.8472"," 0.7611","0"
"Tests/Unit/pos/TokenType.hs"," 0.9038"," 0.7215","0"
"Tests/Unit/pos/TopLevel.hs"," 1.0080"," 0.7595","0"
"Tests/Unit/pos/ToyMVar.hs"," 1.1105"," 0.9692","0"
"Tests/Unit/pos/TypeAlias.hs"," 0.7677"," 0.6813","0"
"Tests/Unit/pos/Variance.hs"," 0.7558"," 0.7296","0"
"Tests/Unit/pos/WBL.hs"," 1.7008"," 1.7228","0"
"Tests/Unit/pos/WBL0.hs"," 1.7466"," 1.6295","0"
"Tests/Unit/pos/Words.hs"," 0.8205"," 0.7505","0"
"Tests/Unit/pos/Words1.hs"," 0.7810"," 0.7254","0"
"Tests/Unit/pos/absref-crash.hs"," 0.7069"," 0.6844","0"
"Tests/Unit/pos/absref-crash0.hs"," 0.9053"," 0.7060","0"
"Tests/Unit/pos/adt0.hs"," 1.4838"," 0.7787","0"
"Tests/Unit/pos/alias00.hs"," 1.5369"," 0.7335","0"
"Tests/Unit/pos/alias01.hs"," 1.2532"," 0.7192","0"
"Tests/Unit/pos/alphaconvert-List.hs"," 1.1856"," 1.2080","0"
"Tests/Unit/pos/alphaconvert-Set.hs"," 0.9371"," 0.9889","0"
"Tests/Unit/pos/anfbug.hs"," 0.8698"," 0.7799","0"
"Tests/Unit/pos/anftest.hs"," 0.8792"," 0.7132","0"
"Tests/Unit/pos/anish1.hs"," 0.9368"," 0.7267","0"
"Tests/Unit/pos/bangPatterns.hs"," 1.5075"," 0.7290","0"
"Tests/Unit/pos/bar.hs"," 1.3668"," 0.6834","0"
"Tests/Unit/pos/bounds1.hs"," 1.0432"," 0.6832","0"
"Tests/Unit/pos/case-lambda-join.hs"," 1.0082"," 0.9307","0"
"Tests/Unit/pos/cmptag0.hs"," 0.8027"," 1.1520","0"
"Tests/Unit/pos/compare.hs"," 0.7834"," 0.8474","0"
"Tests/Unit/pos/compare1.hs"," 1.1223"," 0.7828","0"
"Tests/Unit/pos/compare2.hs"," 0.8201"," 0.7551","0"
"Tests/Unit/pos/comprehensionTerm.hs"," 1.7509"," 1.2113","0"
"Tests/Unit/pos/contra0.hs"," 0.8078"," 0.7712","0"
"Tests/Unit/pos/coretologic.hs"," 1.0996"," 0.7358","0"
"Tests/Unit/pos/csgordon_issue_296.hs"," 1.0644"," 0.7177","0"
"Tests/Unit/pos/cut00.hs"," 0.8091"," 0.9494","0"
"Tests/Unit/pos/data2.hs"," 0.9026"," 0.9002","0"
"Tests/Unit/pos/dataConQuals.hs"," 0.9072"," 0.8851","0"
"Tests/Unit/pos/datacon-inv.hs"," 0.7732"," 0.7549","0"
"Tests/Unit/pos/datacon0.hs"," 1.3922"," 0.8160","0"
"Tests/Unit/pos/datacon1.hs"," 0.9112"," 0.8392","0"
"Tests/Unit/pos/deepmeas0.hs"," 0.9030"," 0.8057","0"
"Tests/Unit/pos/deppair0.hs"," 0.9055"," 0.7936","0"
"Tests/Unit/pos/deppair1.hs"," 0.9201"," 0.7713","0"
"Tests/Unit/pos/deptup.hs"," 1.1057"," 1.0454","0"
"Tests/Unit/pos/deptup0.hs"," 0.9379"," 1.0652","0"
"Tests/Unit/pos/deptup1.hs"," 1.2181"," 1.1593","0"
"Tests/Unit/pos/deptup3.hs"," 1.0260"," 0.8723","0"
"Tests/Unit/pos/deptupW.hs"," 1.1029"," 0.9709","0"
"Tests/Unit/pos/div000.hs"," 1.1362"," 0.7114","0"
"Tests/Unit/pos/dropwhile.hs"," 1.1512"," 0.9813","0"
"Tests/Unit/pos/duplicate-bind.hs"," 0.8576"," 0.7729","0"
"Tests/Unit/pos/elements.hs"," 1.1816"," 1.0764","0"
"Tests/Unit/pos/elems.hs"," 0.7962"," 0.7631","0"
"Tests/Unit/pos/elim00.hs"," 0.7955"," 0.8519","0"
"Tests/Unit/pos/elim01.hs"," 0.8890"," 0.7382","0"
"Tests/Unit/pos/eqelems.hs"," 0.8443"," 0.7708","0"
"Tests/Unit/pos/ex0.hs"," 0.8819"," 0.7571","0"
"Tests/Unit/pos/ex01.hs"," 0.7790"," 0.6609","0"
"Tests/Unit/pos/ex1.hs"," 1.0003"," 0.7793","0"
"Tests/Unit/pos/foldN.hs"," 1.2728"," 0.9744","0"
"Tests/Unit/pos/foldr.hs"," 1.3410"," 0.9344","0"
"Tests/Unit/pos/forloop.hs"," 1.4053"," 0.9410","0"
"Tests/Unit/pos/gimme.hs"," 0.8107"," 0.7384","0"
"Tests/Unit/pos/go.hs"," 0.7842"," 0.7632","0"
"Tests/Unit/pos/go_ugly_type.hs"," 0.8019"," 0.8489","0"
"Tests/Unit/pos/grty0.hs"," 0.7016"," 0.7694","0"
"Tests/Unit/pos/grty1.hs"," 0.7263"," 0.7450","0"
"Tests/Unit/pos/grty2.hs"," 0.7342"," 0.7179","0"
"Tests/Unit/pos/grty3.hs"," 0.9021"," 0.8779","0"
"Tests/Unit/pos/hello.hs"," 0.7598"," 0.7064","0"
"Tests/Unit/pos/hole-app.hs"," 0.6911"," 0.7031","0"
"Tests/Unit/pos/hole-fun.hs"," 0.7662"," 0.7052","0"
"Tests/Unit/pos/idNat.hs"," 0.7421"," 0.7079","0"
"Tests/Unit/pos/idNat0.hs"," 0.8269"," 0.7621","0"
"Tests/Unit/pos/imp0.hs"," 0.8643"," 0.8981","0"
"Tests/Unit/pos/implies.hs"," 0.8293"," 0.7246","0"
"Tests/Unit/pos/infix.hs"," 0.7150"," 0.7523","0"
"Tests/Unit/pos/initarray.hs"," 0.9006"," 0.9937","0"
"Tests/Unit/pos/inline.hs"," 0.7231"," 0.7804","0"
"Tests/Unit/pos/inline1.hs"," 0.6787"," 0.7778","0"
"Tests/Unit/pos/invlhs.hs"," 0.7262"," 0.7164","0"
"Tests/Unit/pos/ite.hs"," 0.9165"," 0.7372","0"
"Tests/Unit/pos/ite1.hs"," 0.8255"," 0.6646","0"
"Tests/Unit/pos/kmp.hs"," 2.0396"," 1.6998","0"
"Tests/Unit/pos/kmpVec.hs"," 1.8698"," 1.4238","0"
"Tests/Unit/pos/kvparam00.hs"," 0.7142"," 0.6760","0"
"Tests/Unit/pos/lets.hs"," 0.8053"," 0.8253","0"
"Tests/Unit/pos/lex.hs"," 0.7219"," 0.6872","0"
"Tests/Unit/pos/listAnf.hs"," 0.8981"," 0.9817","0"
"Tests/Unit/pos/listSet.hs"," 0.9579"," 1.0460","0"
"Tests/Unit/pos/listSetDemo.hs"," 0.8986"," 0.9653","0"
"Tests/Unit/pos/listqual.hs"," 0.8895"," 0.9836","0"
"Tests/Unit/pos/lit.hs"," 0.7447"," 0.8479","0"
"Tests/Unit/pos/malformed0.hs"," 1.1703"," 1.2566","0"
"Tests/Unit/pos/mapTvCrash.hs"," 0.7097"," 0.8099","0"
"Tests/Unit/pos/mapreduce-bare.hs"," 3.7055"," 4.5087","0"
"Tests/Unit/pos/maps.hs"," 1.1214"," 0.9052","0"
"Tests/Unit/pos/maps1.hs"," 0.8814"," 0.9050","0"
"Tests/Unit/pos/maybe.hs"," 1.3120"," 1.3008","0"
"Tests/Unit/pos/maybe0.hs"," 0.7961"," 0.8555","0"
"Tests/Unit/pos/maybe00.hs"," 0.7348"," 0.8160","0"
"Tests/Unit/pos/maybe000.hs"," 0.7496"," 1.3639","0"
"Tests/Unit/pos/maybe1.hs"," 0.8861"," 1.2658","0"
"Tests/Unit/pos/maybe2.hs"," 1.3805"," 1.3861","0"
"Tests/Unit/pos/maybe3.hs"," 1.3171"," 0.7215","0"
"Tests/Unit/pos/maybe4.hs"," 0.9221"," 0.9214","0"
"Tests/Unit/pos/meas0.hs"," 0.7840"," 1.0893","0"
"Tests/Unit/pos/meas00.hs"," 0.7542"," 0.7683","0"
"Tests/Unit/pos/meas00a.hs"," 0.7447"," 0.8743","0"
"Tests/Unit/pos/meas0a.hs"," 0.7717"," 1.1762","0"
"Tests/Unit/pos/meas1.hs"," 0.7694"," 1.0553","0"
"Tests/Unit/pos/meas10.hs"," 0.8078"," 1.2219","0"
"Tests/Unit/pos/meas11.hs"," 0.7535"," 1.1123","0"
"Tests/Unit/pos/meas2.hs"," 0.8425"," 0.8324","0"
"Tests/Unit/pos/meas3.hs"," 0.9554"," 1.0682","0"
"Tests/Unit/pos/meas4.hs"," 0.8016"," 1.0123","0"
"Tests/Unit/pos/meas5.hs"," 1.2353"," 1.6061","0"
"Tests/Unit/pos/meas6.hs"," 0.8394"," 0.8847","0"
"Tests/Unit/pos/meas7.hs"," 0.7211"," 1.0402","0"
"Tests/Unit/pos/meas8.hs"," 0.8486"," 0.9808","0"
"Tests/Unit/pos/modTest.hs"," 1.4782"," 0.7910","0"
"Tests/Unit/pos/monad1.hs"," 0.8228"," 0.7205","0"
"Tests/Unit/pos/monad2.hs"," 0.7441"," 0.7334","0"
"Tests/Unit/pos/monad5.hs"," 1.0282"," 1.0659","0"
"Tests/Unit/pos/monad6.hs"," 0.8063"," 0.8465","0"
"Tests/Unit/pos/monad7.hs"," 0.9555"," 1.0471","0"
"Tests/Unit/pos/multi-pred-app-00.hs"," 0.6800"," 0.7449","0"
"Tests/Unit/pos/mutrec.hs"," 0.7135"," 0.7774","0"
"Tests/Unit/pos/nats.hs"," 0.7813"," 0.7798","0"
"Tests/Unit/pos/niki.hs"," 0.7433"," 0.9537","0"
"Tests/Unit/pos/niki1.hs"," 0.7562"," 0.9795","0"
"Tests/Unit/pos/nullterm.hs"," 0.9331"," 1.0508","0"
"Tests/Unit/pos/pair.hs"," 1.5077"," 1.8488","0"
"Tests/Unit/pos/pair0.hs"," 1.4292"," 1.8013","0"
"Tests/Unit/pos/pair00.hs"," 1.1887"," 1.2278","0"
"Tests/Unit/pos/pargs.hs"," 0.7021"," 0.7903","0"
"Tests/Unit/pos/pargs1.hs"," 0.7177"," 0.8283","0"
"Tests/Unit/pos/partial-tycon.hs"," 0.8098"," 0.7245","0"
"Tests/Unit/pos/partialmeasure.hs"," 0.7493"," 0.7531","0"
"Tests/Unit/pos/poly0.hs"," 0.8259"," 0.7991","0"
"Tests/Unit/pos/poly1.hs"," 0.7837"," 0.7702","0"
"Tests/Unit/pos/poly2-degenerate.hs"," 0.7786"," 0.7753","0"
"Tests/Unit/pos/poly2.hs"," 0.8187"," 0.7926","0"
"Tests/Unit/pos/poly3.hs"," 0.8017"," 0.8557","0"
"Tests/Unit/pos/poly3a.hs"," 0.7058"," 0.9088","0"
"Tests/Unit/pos/poly4.hs"," 0.7157"," 0.8001","0"
"Tests/Unit/pos/polyfun.hs"," 0.7317"," 0.9600","0"
"Tests/Unit/pos/polyqual.hs"," 0.9473"," 1.2018","0"
"Tests/Unit/pos/poslist.hs"," 0.8391"," 1.0677","0"
"Tests/Unit/pos/poslist_dc.hs"," 0.7809"," 0.9712","0"
"Tests/Unit/pos/pragma0.hs"," 0.7066"," 0.8036","0"
"Tests/Unit/pos/pred.hs"," 1.0471"," 0.7876","0"
"Tests/Unit/pos/primInt0.hs"," 1.6264"," 0.9146","0"
"Tests/Unit/pos/profcrasher.hs"," 0.7734"," 0.8136","0"
"Tests/Unit/pos/propmeasure.hs"," 0.8775"," 0.8949","0"
"Tests/Unit/pos/propmeasure1.hs"," 0.8191"," 0.7479","0"
"Tests/Unit/pos/qualTest.hs"," 0.8731"," 0.7955","0"
"Tests/Unit/pos/range.hs"," 1.5565"," 1.0951","0"
"Tests/Unit/pos/range1.hs"," 0.9337"," 0.8522","0"
"Tests/Unit/pos/rangeAdt.hs"," 2.1984"," 2.1085","0"
"Tests/Unit/pos/rec_annot_go.hs"," 0.8015"," 0.9943","0"
"Tests/Unit/pos/record0.hs"," 0.7356"," 0.8429","0"
"Tests/Unit/pos/record1.hs"," 0.6600"," 0.8086","0"
"Tests/Unit/pos/recursion0.hs"," 0.9031"," 1.0607","0"
"Tests/Unit/pos/repeatHigherOrder.hs"," 1.3629"," 1.5990","0"
"Tests/Unit/pos/risers.hs"," 0.9483"," 0.8405","0"
"Tests/Unit/pos/scanr.hs"," 0.8600"," 0.8276","0"
"Tests/Unit/pos/selfList.hs"," 0.8968"," 0.7847","0"
"Tests/Unit/pos/spec0.hs"," 0.9409"," 0.7507","0"
"Tests/Unit/pos/stacks0.hs"," 0.8529"," 0.7994","0"
"Tests/Unit/pos/state00.hs"," 0.7520"," 0.7169","0"
"Tests/Unit/pos/stateInvarint.hs"," 0.9060"," 0.8838","0"
"Tests/Unit/pos/string00.hs"," 0.8382"," 0.8409","0"
"Tests/Unit/pos/tagBinder.hs"," 0.7260"," 0.7499","0"
"Tests/Unit/pos/take.hs"," 1.1771"," 0.9848","0"
"Tests/Unit/pos/term0.hs"," 0.8857"," 0.7898","0"
"Tests/Unit/pos/test0.hs"," 0.9147"," 0.7772","0"
"Tests/Unit/pos/test00-int.hs"," 0.7877"," 0.8547","0"
"Tests/Unit/pos/test00.hs"," 0.8841"," 0.7628","0"
"Tests/Unit/pos/test00.old.hs"," 0.8029"," 0.7534","0"
"Tests/Unit/pos/test000.hs"," 0.8405"," 0.7860","0"
"Tests/Unit/pos/test00b.hs"," 0.8045"," 0.7759","0"
"Tests/Unit/pos/test00c.hs"," 0.9788"," 0.7846","0"
"Tests/Unit/pos/test1.hs"," 0.8445"," 0.7535","0"
"Tests/Unit/pos/test2.hs"," 0.8393"," 0.7462","0"
"Tests/Unit/pos/testRec.hs"," 0.8175"," 0.7301","0"
"Tests/Unit/pos/timebind00.hs"," 1.0141"," 0.6728","0"
"Tests/Unit/pos/timebind01.hs"," 0.9797"," 0.6972","0"
"Tests/Unit/pos/top0.hs"," 1.3456"," 0.8220","0"
"Tests/Unit/pos/trans.hs"," 1.0424"," 0.8981","0"
"Tests/Unit/pos/transpose.hs"," 1.5491"," 1.1838","0"
"Tests/Unit/pos/tup0.hs"," 0.9115"," 0.7608","0"
"Tests/Unit/pos/tupparse.hs"," 0.8313"," 0.8210","0"
"Tests/Unit/pos/tyExpr.hs"," 0.7232"," 0.7067","0"
"Tests/Unit/pos/tyclass0.hs"," 0.7718"," 0.6979","0"
"Tests/Unit/pos/tyfam0.hs"," 0.9730"," 0.7849","0"
"Tests/Unit/pos/tyvar.hs"," 0.8906"," 0.7154","0"
"Tests/Unit/pos/unusedtyvars.hs"," 0.8645"," 0.7029","0"
"Tests/Unit/pos/vecloop.hs"," 1.0539"," 0.9144","0"
"Tests/Unit/pos/vector0.hs"," 1.2587"," 0.9188","0"
"Tests/Unit/pos/vector00.hs"," 0.9015"," 0.7974","0"
"Tests/Unit/pos/vector1.hs"," 1.4334"," 1.1494","0"
"Tests/Unit/pos/vector1a.hs"," 1.4155"," 1.2251","0"
"Tests/Unit/pos/vector1b.hs"," 1.5512"," 1.1717","0"
"Tests/Unit/pos/vector2.hs"," 1.8758"," 1.5263","0"
"Tests/Unit/pos/wrap0.hs"," 0.8808"," 1.1009","0"
"Tests/Unit/pos/wrap1.hs"," 1.1121"," 1.5945","0"
"Tests/Unit/pos/zipSO.hs"," 0.8631"," 0.8035","0"
"Tests/Unit/pos/zipW.hs"," 0.8639"," 0.7919","0"
"Tests/Unit/pos/zipW1.hs"," 1.0295"," 0.7646","0"
"Tests/Unit/pos/zipW2.hs"," 0.7652"," 0.8344","0"
"Tests/Unit/pos/zipper.hs"," 1.8034"," 2.2025","0"
"Tests/Unit/pos/zipper0.hs"," 1.0677"," 1.0165","0"
"Tests/Unit/pos/zipper000.hs"," 0.8712"," 0.8711","0"