 (HEAD, origin/develop, develop) : ceab39a0a405493a3ba2c3686be4b21ddd9646a6
Timestamp: 2016-07-24 11:33:19 +0530
Epoch Timestamp: 1469340199
--------------------------------------------------------------------------------
test, time(s), result

Tests/Unit/pos/zipW2.hs, 0.8834, True
Tests/Unit/pos/zipW1.hs, 0.8400, True
Tests/Unit/pos/zipW.hs, 0.8537, True
Tests/Unit/pos/zipSO.hs, 0.8325, True
Tests/Unit/pos/zipper000.hs, 0.8561, True
Tests/Unit/pos/zipper0.hs, 0.9759, True
Tests/Unit/pos/zipper.hs, 1.5752, True
Tests/Unit/pos/wrap1.hs, 1.0572, True
Tests/Unit/pos/wrap0.hs, 0.8662, True
Tests/Unit/pos/Words1.hs, 0.7546, True
Tests/Unit/pos/Words.hs, 0.7448, True
Tests/Unit/pos/WBL0.hs, 1.6533, True
Tests/Unit/pos/WBL.hs, 1.6880, True
Tests/Unit/pos/vector2.hs, 1.4692, True
Tests/Unit/pos/vector1b.hs, 1.1849, True
Tests/Unit/pos/vector1a.hs, 1.2128, True
Tests/Unit/pos/vector1.hs, 1.1354, True
Tests/Unit/pos/vector00.hs, 0.8800, True
Tests/Unit/pos/vector0.hs, 1.1677, True
Tests/Unit/pos/vecloop.hs, 0.9773, True
Tests/Unit/pos/Variance2.hs, 0.7980, True
Tests/Unit/pos/Variance.hs, 0.8071, True
Tests/Unit/pos/unusedtyvars.hs, 0.7648, True
Tests/Unit/pos/UnboxedTuplesAndTH.hs, 1.2252, True
Tests/Unit/pos/UnboxedTuples.hs, 0.7390, True
Tests/Unit/pos/tyvar.hs, 0.7489, True
Tests/Unit/pos/TypeFamilies.hs, 0.8541, True
Tests/Unit/pos/TypeAlias.hs, 0.7532, True
Tests/Unit/pos/tyfam0.hs, 0.8008, True
Tests/Unit/pos/tyExpr.hs, 0.7715, True
Tests/Unit/pos/tyclass0.hs, 0.7416, True
Tests/Unit/pos/tupparse.hs, 0.8248, True
Tests/Unit/pos/tup0.hs, 0.7497, True
Tests/Unit/pos/transTAG.hs, 1.7792, True
Tests/Unit/pos/transpose.hs, 1.2065, True
Tests/Unit/pos/trans.hs, 0.9317, True
Tests/Unit/pos/ToyMVar.hs, 1.0433, True
Tests/Unit/pos/TopLevel.hs, 0.8094, True
Tests/Unit/pos/top0.hs, 0.8669, True
Tests/Unit/pos/TokenType.hs, 0.7456, True
Tests/Unit/pos/testRec.hs, 0.8161, True
Tests/Unit/pos/Test761.hs, 0.8232, True
Tests/Unit/pos/test2.hs, 0.8197, True
Tests/Unit/pos/test1.hs, 0.8168, True
Tests/Unit/pos/test00c.hs, 0.8769, True
Tests/Unit/pos/test00b.hs, 0.8286, True
Tests/Unit/pos/test000.hs, 0.8386, True
Tests/Unit/pos/test00.old.hs, 0.8130, True
Tests/Unit/pos/test00.hs, 0.8130, True
Tests/Unit/pos/test00-int.hs, 0.8175, True
Tests/Unit/pos/test0.hs, 0.8127, True
Tests/Unit/pos/TerminationNum0.hs, 0.7737, True
Tests/Unit/pos/TerminationNum.hs, 0.7623, True
Tests/Unit/pos/Termination.lhs, 1.2975, True
Tests/Unit/pos/term0.hs, 0.8808, True
Tests/Unit/pos/Term.hs, 0.8600, True
Tests/Unit/pos/TemplateHaskellImp.hs, 1.0391, True
Tests/Unit/pos/TemplateHaskell.hs, 1.7828, True
Tests/Unit/pos/take.hs, 1.0437, True
Tests/Unit/pos/tagBinder.hs, 0.7484, True
Tests/Unit/pos/T716.hs, 0.8326, True
Tests/Unit/pos/T675.hs, 0.9272, True
Tests/Unit/pos/T598.hs, 0.8787, True
Tests/Unit/pos/T595a.hs, 0.7498, True
Tests/Unit/pos/T595.hs, 0.8134, True
Tests/Unit/pos/T531.hs, 0.7634, True
Tests/Unit/pos/Sum.hs, 0.8237, True
Tests/Unit/pos/StructRec.hs, 0.7740, True
Tests/Unit/pos/Strings.hs, 0.8170, True
Tests/Unit/pos/StringLit.hs, 0.7538, True
Tests/Unit/pos/string00.hs, 0.8206, True
Tests/Unit/pos/StrictPair1.hs, 1.0436, True
Tests/Unit/pos/StrictPair0.hs, 0.8090, True
Tests/Unit/pos/StreamInvariants.hs, 0.7543, True
Tests/Unit/pos/stateInvarint.hs, 0.9516, True
Tests/Unit/pos/StateF00.hs, 0.7931, True
Tests/Unit/pos/StateConstraints00.hs, 0.7715, True
Tests/Unit/pos/StateConstraints0.hs, 8.7241, True
Tests/Unit/pos/StateConstraints.hs, 4.9196, True
Tests/Unit/pos/State1.hs, 0.8028, True
Tests/Unit/pos/state00.hs, 0.7786, True
Tests/Unit/pos/State.hs, 0.8564, True
Tests/Unit/pos/stacks0.hs, 0.8387, True
Tests/Unit/pos/StackClass.hs, 0.8069, True
Tests/Unit/pos/spec0.hs, 0.8608, True
Tests/Unit/pos/Solver.hs, 1.2901, True
Tests/Unit/pos/SimplifyTup00.hs, 0.7801, True
Tests/Unit/pos/SimplerNotation.hs, 0.7677, True
Tests/Unit/pos/selfList.hs, 0.8921, True
Tests/Unit/pos/scanr.hs, 0.8532, True
Tests/Unit/pos/SafePartialFunctions.hs, 0.7927, True
Tests/Unit/pos/risers.hs, 0.8609, True
Tests/Unit/pos/ResolvePred.hs, 0.8030, True
Tests/Unit/pos/ResolveB.hs, 0.7377, True
Tests/Unit/pos/ResolveA.hs, 0.7547, True
Tests/Unit/pos/Resolve.hs, 0.7686, True
Tests/Unit/pos/repeatHigherOrder.hs, 1.1863, True
Tests/Unit/pos/Repeat.hs, 0.7969, True
Tests/Unit/pos/RelativeComplete.hs, 0.8002, True
Tests/Unit/pos/recursion0.hs, 0.7619, True
Tests/Unit/pos/RecSelector.hs, 0.7468, True
Tests/Unit/pos/RecQSort0.hs, 0.9229, True
Tests/Unit/pos/RecQSort.hs, 0.9305, True
Tests/Unit/pos/RecordSelectorError.hs, 0.7850, True
Tests/Unit/pos/record1.hs, 0.7702, True
Tests/Unit/pos/record0.hs, 0.8375, True
Tests/Unit/pos/rec_annot_go.hs, 0.9089, True
Tests/Unit/pos/RealProps1.hs, 0.8101, True
Tests/Unit/pos/RealProps.hs, 0.7919, True
Tests/Unit/pos/RBTree.hs, 9.6312, True
Tests/Unit/pos/RBTree-ord.hs, 5.8877, True
Tests/Unit/pos/RBTree-height.hs, 2.6839, True
Tests/Unit/pos/RBTree-color.hs, 3.2172, True
Tests/Unit/pos/RBTree-col-height.hs, 3.8760, True
Tests/Unit/pos/rangeAdt.hs, 1.7650, True
Tests/Unit/pos/range1.hs, 0.8328, True
Tests/Unit/pos/range.hs, 1.0980, True
Tests/Unit/pos/qualTest.hs, 0.8276, True
Tests/Unit/pos/QQTySyn.hs, 3.2359, True
Tests/Unit/pos/QQTySigTyVars.hs, 3.2467, True
Tests/Unit/pos/QQTySig.hs, 3.1330, True
Tests/Unit/pos/propmeasure1.hs, 0.7562, True
Tests/Unit/pos/propmeasure.hs, 0.8865, True
Tests/Unit/pos/Propability.hs, 0.8409, True
Tests/Unit/pos/PromotedDataCons.hs, 0.8213, True
Tests/Unit/pos/profcrasher.hs, 0.7927, True
Tests/Unit/pos/Product.hs, 1.0261, True
Tests/Unit/pos/primInt0.hs, 0.8411, True
Tests/Unit/pos/pred.hs, 0.7446, True
Tests/Unit/pos/pragma0.hs, 0.7721, True
Tests/Unit/pos/poslist_dc.hs, 0.8726, True
Tests/Unit/pos/poslist.hs, 0.9561, True
Tests/Unit/pos/polyqual.hs, 1.1062, True
Tests/Unit/pos/polyfun.hs, 0.8348, True
Tests/Unit/pos/poly4.hs, 0.8545, True
Tests/Unit/pos/poly3a.hs, 0.7880, True
Tests/Unit/pos/poly3.hs, 0.7893, True
Tests/Unit/pos/poly2.hs, 0.8259, True
Tests/Unit/pos/poly2-degenerate.hs, 0.8340, True
Tests/Unit/pos/poly1.hs, 0.8316, True
Tests/Unit/pos/poly0.hs, 0.8533, True
Tests/Unit/pos/PointDist.hs, 0.8405, True
Tests/Unit/pos/PlugHoles.hs, 0.7552, True
Tests/Unit/pos/PersistentVector.hs, 0.8609, True
Tests/Unit/pos/Permutation.hs, 1.4678, True
Tests/Unit/pos/partialmeasure.hs, 0.7888, True
Tests/Unit/pos/partial-tycon.hs, 0.7698, True
Tests/Unit/pos/pargs1.hs, 0.7963, True
Tests/Unit/pos/pargs.hs, 0.7552, True
Tests/Unit/pos/PairMeasure0.hs, 0.7710, True
Tests/Unit/pos/PairMeasure.hs, 0.7772, True
Tests/Unit/pos/pair00.hs, 1.2430, True
Tests/Unit/pos/pair0.hs, 1.4427, True
Tests/Unit/pos/pair.hs, 1.4817, True
Tests/Unit/pos/Overwrite.hs, 0.7722, True
Tests/Unit/pos/OrdList.hs, 13.6786, True
Tests/Unit/pos/nullterm.hs, 1.0492, True
Tests/Unit/pos/NoExhaustiveGuardsError.hs, 0.8160, True
Tests/Unit/pos/NoCaseExpand.hs, 1.1786, True
Tests/Unit/pos/niki1.hs, 0.8444, True
Tests/Unit/pos/niki.hs, 0.8357, True
Tests/Unit/pos/nats.hs, 0.8394, True
Tests/Unit/pos/MutualRec.hs, 2.2290, True
Tests/Unit/pos/mutrec.hs, 0.7830, True
Tests/Unit/pos/MultipleInvariants.hs, 0.8079, True
Tests/Unit/pos/multi-pred-app-00.hs, 0.7560, True
Tests/Unit/pos/Moo.hs, 0.7563, True
Tests/Unit/pos/monad7.hs, 0.9654, True
Tests/Unit/pos/monad6.hs, 0.8797, True
Tests/Unit/pos/monad5.hs, 1.0675, True
Tests/Unit/pos/monad2.hs, 0.7809, True
Tests/Unit/pos/monad1.hs, 0.7592, True
Tests/Unit/pos/modTest.hs, 0.8077, True
Tests/Unit/pos/Mod2.hs, 0.7655, True
Tests/Unit/pos/Mod1.hs, 0.7460, True
Tests/Unit/pos/MergeSort.hs, 1.2355, True
Tests/Unit/pos/Merge1.hs, 0.8230, True
Tests/Unit/pos/MeasureSets.hs, 0.7779, True
Tests/Unit/pos/Measures1.hs, 0.7404, True
Tests/Unit/pos/Measures.hs, 0.7551, True
Tests/Unit/pos/MeasureDups.hs, 0.8289, True
Tests/Unit/pos/MeasureContains.hs, 0.8649, True
Tests/Unit/pos/meas9.hs, 0.8630, True
Tests/Unit/pos/meas8.hs, 0.8276, True
Tests/Unit/pos/meas7.hs, 0.8303, True
Tests/Unit/pos/meas6.hs, 0.9392, True
Tests/Unit/pos/meas5.hs, 1.3168, True
Tests/Unit/pos/meas4.hs, 0.9613, True
Tests/Unit/pos/meas3.hs, 0.9224, True
Tests/Unit/pos/meas2.hs, 0.8314, True
Tests/Unit/pos/meas11.hs, 0.7971, True
Tests/Unit/pos/meas10.hs, 0.8909, True
Tests/Unit/pos/meas1.hs, 0.8329, True
Tests/Unit/pos/meas0a.hs, 0.8585, True
Tests/Unit/pos/meas00a.hs, 0.8264, True
Tests/Unit/pos/meas00.hs, 0.8055, True
Tests/Unit/pos/meas0.hs, 0.8400, True
Tests/Unit/pos/maybe4.hs, 0.7612, True
Tests/Unit/pos/maybe3.hs, 0.7602, True
Tests/Unit/pos/maybe2.hs, 1.2283, True
Tests/Unit/pos/maybe1.hs, 0.9126, True
Tests/Unit/pos/maybe000.hs, 0.8389, True
Tests/Unit/pos/maybe00.hs, 0.7634, True
Tests/Unit/pos/maybe0.hs, 0.8264, True
Tests/Unit/pos/maybe.hs, 1.1789, True
Tests/Unit/pos/mapTvCrash.hs, 0.7788, True
Tests/Unit/pos/maps1.hs, 0.8346, True
Tests/Unit/pos/maps.hs, 0.8719, True
Tests/Unit/pos/mapreduce.hs, 2.0138, True
Tests/Unit/pos/mapreduce-bare.hs, 3.3088, True
Tests/Unit/pos/Map2.hs, 9.5372, True
Tests/Unit/pos/Map0.hs, 9.4912, True
Tests/Unit/pos/Map.hs, 9.3118, True
Tests/Unit/pos/malformed0.hs, 1.0722, True
Tests/Unit/pos/Loo.hs, 0.7616, True
Tests/Unit/pos/LogicCurry1.hs, 0.7687, True
Tests/Unit/pos/LocalTermExpr.hs, 0.8398, True
Tests/Unit/pos/LocalSpecImp.hs, 0.7723, True
Tests/Unit/pos/LocalSpec0.hs, 0.7685, True
Tests/Unit/pos/LocalSpec.hs, 0.8234, True
Tests/Unit/pos/LocalLazy.hs, 0.8075, True
Tests/Unit/pos/LocalHole.hs, 0.7981, True
Tests/Unit/pos/lit00.hs, 0.8552, True
Tests/Unit/pos/lit.hs, 0.7618, True
Tests/Unit/pos/ListSort.hs, 2.0094, True
Tests/Unit/pos/listSetDemo.hs, 0.9039, True
Tests/Unit/pos/listSet.hs, 0.9244, True
Tests/Unit/pos/ListReverse-LType.hs, 0.8292, True
Tests/Unit/pos/ListRange.hs, 0.8903, True
Tests/Unit/pos/ListRange-LType.hs, 0.8978, True
Tests/Unit/pos/listqual.hs, 0.8487, True
Tests/Unit/pos/ListQSort.hs, 1.5189, True
Tests/Unit/pos/ListQSort-LType.hs, 1.4062, True
Tests/Unit/pos/ListMSort.hs, 1.3833, True
Tests/Unit/pos/ListMSort-LType.hs, 2.2126, True
Tests/Unit/pos/ListLen.hs, 1.3230, True
Tests/Unit/pos/ListLen-LType.hs, 1.1860, True
Tests/Unit/pos/ListKeys.hs, 0.7872, True
Tests/Unit/pos/ListISort.hs, 0.8564, True
Tests/Unit/pos/ListISort-LType.hs, 1.2277, True
Tests/Unit/pos/ListElem.hs, 0.7948, True
Tests/Unit/pos/ListConcat.hs, 0.7867, True
Tests/Unit/pos/listAnf.hs, 0.8534, True
Tests/Unit/pos/LiquidClass.hs, 0.7804, True
Tests/Unit/pos/LiquidArray.hs, 0.7837, True
Tests/Unit/pos/lex.hs, 0.7842, True
Tests/Unit/pos/lets.hs, 0.9079, True
Tests/Unit/pos/LazyWhere1.hs, 0.8278, True
Tests/Unit/pos/LazyWhere.hs, 0.8135, True
Tests/Unit/pos/LambdaEvalTiny.hs, 1.0672, True
Tests/Unit/pos/LambdaEvalSuperTiny.hs, 1.3201, True
Tests/Unit/pos/LambdaEvalMini.hs, 2.8661, True
Tests/Unit/pos/LambdaEval.hs, 13.6702, True
Tests/Unit/pos/LambdaDeBruijn.hs, 1.3663, True
Tests/Unit/pos/kmpVec.hs, 1.7454, True
Tests/Unit/pos/kmpIO.hs, 2.8081, True
Tests/Unit/pos/kmp.hs, 2.0277, True
Tests/Unit/pos/Keys.hs, 0.8235, True
Tests/Unit/pos/jeff.hs, 3.9849, True
Tests/Unit/pos/ite1.hs, 0.7801, True
Tests/Unit/pos/ite.hs, 0.8157, True
Tests/Unit/pos/invlhs.hs, 0.7823, True
Tests/Unit/pos/Invariants.hs, 0.9682, True
Tests/Unit/pos/inline1.hs, 0.9014, True
Tests/Unit/pos/inline.hs, 0.8094, True
Tests/Unit/pos/initarray.hs, 1.0434, True
Tests/Unit/pos/infix.hs, 0.8176, True
Tests/Unit/pos/Infinity.hs, 0.9736, True
Tests/Unit/pos/implies.hs, 0.7447, True
Tests/Unit/pos/imp0.hs, 0.8294, True
Tests/Unit/pos/idNat0.hs, 0.7631, True
Tests/Unit/pos/idNat.hs, 0.7645, True
Tests/Unit/pos/IcfpDemo.hs, 0.9338, True
Tests/Unit/pos/Holes.hs, 0.7993, True
Tests/Unit/pos/hole-fun.hs, 0.7753, True
Tests/Unit/pos/hole-app.hs, 0.7707, True
Tests/Unit/pos/HigherOrderRecFun.hs, 0.7585, True
Tests/Unit/pos/hello.hs, 0.7801, True
Tests/Unit/pos/HedgeUnion.hs, 0.8892, True
Tests/Unit/pos/HaskellMeasure.hs, 0.7714, True
Tests/Unit/pos/HasElem.hs, 0.8126, True
Tests/Unit/pos/grty3.hs, 0.7459, True
Tests/Unit/pos/grty2.hs, 0.7490, True
Tests/Unit/pos/grty1.hs, 0.7763, True
Tests/Unit/pos/grty0.hs, 0.7493, True
Tests/Unit/pos/Graph.hs, 1.0599, True
Tests/Unit/pos/Gradual.hs, 0.0000, True
Tests/Unit/pos/GoodHMeas.hs, 0.7840, True
Tests/Unit/pos/Goo.hs, 0.7674, True
Tests/Unit/pos/go_ugly_type.hs, 0.8410, True
Tests/Unit/pos/go.hs, 0.8172, True
Tests/Unit/pos/gimme.hs, 0.8319, True
Tests/Unit/pos/GhcSort3.T.hs, 1.4653, True
Tests/Unit/pos/GhcSort3.hs, 3.2259, True
Tests/Unit/pos/GhcSort2.hs, 1.4023, True
Tests/Unit/pos/GhcSort1.hs, 2.9035, True
Tests/Unit/pos/GhcListSort.hs, 6.4276, True
Tests/Unit/pos/GeneralizedTermination.hs, 0.8522, True
Tests/Unit/pos/GCD.hs, 0.9093, True
Tests/Unit/pos/GADTs.hs, 0.7372, True
Tests/Unit/pos/gadtEval.hs, 1.2524, True
Tests/Unit/pos/FractionalInstance.hs, 2.0088, True
Tests/Unit/pos/Fractional.hs, 0.7377, True
Tests/Unit/pos/forloop.hs, 0.9716, True
Tests/Unit/pos/for.hs, 0.9763, True
Tests/Unit/pos/Foo.hs, 0.7412, True
Tests/Unit/pos/foldr.hs, 0.7926, True
Tests/Unit/pos/foldN.hs, 0.8057, True
Tests/Unit/pos/Foldl.hs, 6.2105, True
Tests/Unit/pos/filterAbs.hs, 0.8810, True
Tests/Unit/pos/FFI.hs, 0.8246, True
Tests/Unit/pos/failName.hs, 0.7819, True
Tests/Unit/pos/extype.hs, 0.7678, True
Tests/Unit/pos/exp0.hs, 0.8090, True
Tests/Unit/pos/ExactFunApp.hs, 0.7580, True
Tests/Unit/pos/ex1.hs, 0.9006, True
Tests/Unit/pos/ex01.hs, 0.7451, True
Tests/Unit/pos/ex0.hs, 0.8883, True
Tests/Unit/pos/Even0.hs, 0.7813, True
Tests/Unit/pos/Even.hs, 0.7399, True
Tests/Unit/pos/Eval.hs, 0.8782, True
Tests/Unit/pos/eqelems.hs, 0.7774, True
Tests/Unit/pos/elim01.hs, 1.0771, True
Tests/Unit/pos/elim00.hs, 0.8192, True
Tests/Unit/pos/elim-ex-map-3.hs, 3.2765, True
Tests/Unit/pos/elim-ex-map-2.hs, 3.1588, True
Tests/Unit/pos/elim-ex-map-1.hs, 3.4535, True
Tests/Unit/pos/elim-ex-list.hs, 3.5565, True
Tests/Unit/pos/elim-ex-let.hs, 3.0266, True
Tests/Unit/pos/elim-ex-compose.hs, 1.1336, True
Tests/Unit/pos/elems.hs, 0.7257, True
Tests/Unit/pos/elements.hs, 1.0928, True
Tests/Unit/pos/duplicate-bind.hs, 0.7547, True
Tests/Unit/pos/dropwhile.hs, 0.9564, True
Tests/Unit/pos/div000.hs, 0.7144, True
Tests/Unit/pos/deptupW.hs, 0.7760, True
Tests/Unit/pos/deptup3.hs, 0.7569, True
Tests/Unit/pos/deptup1.hs, 0.8566, True
Tests/Unit/pos/deptup0.hs, 0.7847, True
Tests/Unit/pos/deptup.hs, 0.9969, True
Tests/Unit/pos/deppair1.hs, 0.7894, True
Tests/Unit/pos/deppair0.hs, 0.7763, True
Tests/Unit/pos/DependentTypes.hs, 0.7343, True
Tests/Unit/pos/deepmeas0.hs, 0.8224, True
Tests/Unit/pos/DB00.hs, 0.6887, True
Tests/Unit/pos/DataKinds.hs, 0.6677, True
Tests/Unit/pos/dataConQuals.hs, 0.6789, True
Tests/Unit/pos/datacon1.hs, 0.6594, True
Tests/Unit/pos/datacon0.hs, 0.7852, True
Tests/Unit/pos/datacon-inv.hs, 0.6689, True
Tests/Unit/pos/DataBase.hs, 0.7083, True
Tests/Unit/pos/data2.hs, 0.7789, True
Tests/Unit/pos/cut00.hs, 0.7191, True
Tests/Unit/pos/csgordon_issue_296.hs, 0.6784, True
Tests/Unit/pos/CountMonad.hs, 0.7585, True
Tests/Unit/pos/coretologic.hs, 0.7144, True
Tests/Unit/pos/contra0.hs, 0.7435, True
Tests/Unit/pos/ConstraintsAppend.hs, 1.2078, True
Tests/Unit/pos/Constraints.hs, 0.7372, True
Tests/Unit/pos/comprehensionTerm.hs, 1.0621, True
Tests/Unit/pos/CompareConstraints.hs, 0.8938, True
Tests/Unit/pos/compare2.hs, 0.7319, True
Tests/Unit/pos/compare1.hs, 0.7464, True
Tests/Unit/pos/compare.hs, 0.7340, True
Tests/Unit/pos/CommentedOut.hs, 0.6928, True
Tests/Unit/pos/Coercion.hs, 0.6808, True
Tests/Unit/pos/cmptag0.hs, 0.7515, True
Tests/Unit/pos/ClojurVector.hs, 0.8592, True
Tests/Unit/pos/ClassReg.hs, 0.6842, True
Tests/Unit/pos/Class2.hs, 0.8800, True
Tests/Unit/pos/Class.hs, 0.9173, True
Tests/Unit/pos/Chunks.hs, 0.7527, True
Tests/Unit/pos/Cat.hs, 0.6873, True
Tests/Unit/pos/CasesToLogic.hs, 0.6680, True
Tests/Unit/pos/case-lambda-join.hs, 0.8034, True
Tests/Unit/pos/BST000.hs, 1.1335, True
Tests/Unit/pos/BST.hs, 4.3067, True
Tests/Unit/pos/bounds1.hs, 0.6735, True
Tests/Unit/pos/Books.hs, 0.7599, True
Tests/Unit/pos/BinarySearch.hs, 0.8064, True
Tests/Unit/pos/bar.hs, 0.6770, True
Tests/Unit/pos/bangPatterns.hs, 0.7267, True
Tests/Unit/pos/AVLRJ.hs, 1.8594, True
Tests/Unit/pos/AVL.hs, 1.7781, True
Tests/Unit/pos/Avg.hs, 0.6922, True
Tests/Unit/pos/AutoTerm1.hs, 0.6733, True
Tests/Unit/pos/AutoTerm.hs, 0.7166, True
Tests/Unit/pos/AutoSize.hs, 0.6788, True
Tests/Unit/pos/AssumedRecursive.hs, 0.6604, True
Tests/Unit/pos/Assume.hs, 0.7285, True
Tests/Unit/pos/anish1.hs, 0.6847, True
Tests/Unit/pos/anftest.hs, 0.6934, True
Tests/Unit/pos/anfbug.hs, 0.7556, True
Tests/Unit/pos/AmortizedQueue.hs, 0.8158, True
Tests/Unit/pos/alphaconvert-Set.hs, 0.8419, True
Tests/Unit/pos/alphaconvert-List.hs, 1.0384, True
Tests/Unit/pos/alias01.hs, 0.6732, True
Tests/Unit/pos/alias00.hs, 0.6735, True
Tests/Unit/pos/adt0.hs, 0.7168, True
Tests/Unit/pos/Ackermann.hs, 0.7436, True
Tests/Unit/pos/absref-crash0.hs, 0.6867, True
Tests/Unit/pos/absref-crash.hs, 0.6657, True
Tests/Unit/pos/Abs.hs, 0.6774, True
Tests/Unit/neg/wrap1.hs, 0.9340, True
Tests/Unit/neg/wrap0.hs, 0.7856, True
Tests/Unit/neg/vector2.hs, 1.2565, True
Tests/Unit/neg/vector1a.hs, 0.9404, True
Tests/Unit/neg/vector0a.hs, 0.8147, True
Tests/Unit/neg/vector00.hs, 0.7805, True
Tests/Unit/neg/vector0.hs, 0.8508, True
Tests/Unit/neg/Variance1.hs, 0.6881, True
Tests/Unit/neg/Variance.hs, 0.6726, True
Tests/Unit/neg/tyclass0-unsafe.hs, 0.6576, True
Tests/Unit/neg/truespec.hs, 0.7173, True
Tests/Unit/neg/trans.hs, 1.5462, True
Tests/Unit/neg/TopLevel.hs, 0.7196, True
Tests/Unit/neg/testRec.hs, 0.7312, True
Tests/Unit/neg/test2.hs, 0.7290, True
Tests/Unit/neg/test1.hs, 0.7364, True
Tests/Unit/neg/test00c.hs, 0.6826, True
Tests/Unit/neg/test00b.hs, 0.7346, True
Tests/Unit/neg/test00a.hs, 0.7310, True
Tests/Unit/neg/test00.hs, 0.7296, True
Tests/Unit/neg/TermReal.hs, 0.6754, True
Tests/Unit/neg/TerminationNum0.hs, 0.7074, True
Tests/Unit/neg/TerminationNum.hs, 0.6881, True
Tests/Unit/neg/T745.hs, 0.6740, True
Tests/Unit/neg/T743.hs, 0.7505, True
Tests/Unit/neg/T743-mini.hs, 0.6961, True
Tests/Unit/neg/T602.hs, 0.6646, True
Tests/Unit/neg/sumPoly.hs, 0.7037, True
Tests/Unit/neg/sumk.hs, 0.7085, True
Tests/Unit/neg/Sum.hs, 0.7075, True
Tests/Unit/neg/Strings.hs, 0.6607, True
Tests/Unit/neg/string00.hs, 0.7211, True
Tests/Unit/neg/StrictPair1.hs, 0.8822, True
Tests/Unit/neg/StrictPair0.hs, 0.6816, True
Tests/Unit/neg/StreamInvariants.hs, 0.6700, True
Tests/Unit/neg/Strata.hs, 0.6871, True
Tests/Unit/neg/StateConstraints00.hs, 0.6940, True
Tests/Unit/neg/StateConstraints0.hs, 15.1744, True
Tests/Unit/neg/StateConstraints.hs, 1.1319, True
Tests/Unit/neg/state00.hs, 0.6890, True
Tests/Unit/neg/state0.hs, 0.6839, True
Tests/Unit/neg/stacks.hs, 0.9398, True
Tests/Unit/neg/Solver.hs, 1.1513, True
Tests/Unit/neg/SafePartialFunctions.hs, 0.6959, True
Tests/Unit/neg/risers.hs, 0.7018, True
Tests/Unit/neg/RG.hs, 0.9129, True
Tests/Unit/neg/revshape.hs, 0.6795, True
Tests/Unit/neg/RecSelector.hs, 0.6715, True
Tests/Unit/neg/RecQSort.hs, 0.8676, True
Tests/Unit/neg/record0.hs, 0.6665, True
Tests/Unit/neg/range.hs, 1.0228, True
Tests/Unit/neg/qsloop.hs, 0.8803, True
Tests/Unit/neg/QQTySyn2.hs, 2.9237, True
Tests/Unit/neg/QQTySyn1.hs, 2.9232, True
Tests/Unit/neg/QQTySig.hs, 2.8376, True
Tests/Unit/neg/prune0.hs, 0.7219, True
Tests/Unit/neg/Propability0.hs, 0.6969, True
Tests/Unit/neg/Propability.hs, 0.7929, True
Tests/Unit/neg/pred.hs, 0.5709, True
Tests/Unit/neg/pragma0-unsafe.hs, 0.6595, True
Tests/Unit/neg/poslist.hs, 0.8540, True
Tests/Unit/neg/polypred.hs, 0.7145, True
Tests/Unit/neg/poly2.hs, 0.7351, True
Tests/Unit/neg/poly2-degenerate.hs, 0.7253, True
Tests/Unit/neg/poly1.hs, 0.7436, True
Tests/Unit/neg/poly0.hs, 0.7647, True
Tests/Unit/neg/partial.hs, 0.6929, True
Tests/Unit/neg/pargs1.hs, 0.6719, True
Tests/Unit/neg/pargs.hs, 0.6609, True
Tests/Unit/neg/PairMeasure.hs, 0.6912, True
Tests/Unit/neg/pair0.hs, 1.2568, True
Tests/Unit/neg/pair.hs, 1.3181, True
Tests/Unit/neg/NoMethodBindingError.hs, 0.6695, True
Tests/Unit/neg/NoExhaustiveGuardsError.hs, 0.6718, True
Tests/Unit/neg/nestedRecursion.hs, 0.6889, True
Tests/Unit/neg/MultipleInvariants.hs, 0.7028, True
Tests/Unit/neg/MultiParamTypeClasses.hs, 0.6905, True
Tests/Unit/neg/multi-pred-app-00.hs, 0.6573, True
Tests/Unit/neg/mr00.hs, 0.7961, True
Tests/Unit/neg/monad7.hs, 0.8778, True
Tests/Unit/neg/monad6.hs, 0.7330, True
Tests/Unit/neg/monad5.hs, 0.7707, True
Tests/Unit/neg/monad4.hs, 0.8058, True
Tests/Unit/neg/monad3.hs, 0.7952, True
Tests/Unit/neg/MergeSort.hs, 1.1368, True
Tests/Unit/neg/MeasureDups.hs, 0.7685, True
Tests/Unit/neg/MeasureContains.hs, 0.7396, True
Tests/Unit/neg/meas9.hs, 0.6984, True
Tests/Unit/neg/meas7.hs, 0.6957, True
Tests/Unit/neg/meas5.hs, 1.1645, True
Tests/Unit/neg/meas3.hs, 0.7445, True
Tests/Unit/neg/meas2.hs, 0.7562, True
Tests/Unit/neg/meas0.hs, 0.7426, True
Tests/Unit/neg/maps.hs, 0.7775, True
Tests/Unit/neg/mapreduce.hs, 1.8338, True
Tests/Unit/neg/mapreduce-tiny.hs, 0.7315, True
Tests/Unit/neg/LocalSpec.hs, 0.7148, True
Tests/Unit/neg/lit.hs, 0.6758, True
Tests/Unit/neg/ListRange.hs, 0.7776, True
Tests/Unit/neg/ListQSort.hs, 1.1010, True
Tests/Unit/neg/listne.hs, 0.6598, True
Tests/Unit/neg/ListMSort.hs, 1.4926, True
Tests/Unit/neg/ListKeys.hs, 0.7128, True
Tests/Unit/neg/ListISort.hs, 1.1147, True
Tests/Unit/neg/ListISort-LType.hs, 0.8339, True
Tests/Unit/neg/ListElem.hs, 0.6956, True
Tests/Unit/neg/ListConcat.hs, 0.7117, True
Tests/Unit/neg/list00.hs, 0.7274, True
Tests/Unit/neg/LiquidClass1.hs, 0.6845, True
Tests/Unit/neg/LiquidClass.hs, 0.6784, True
Tests/Unit/neg/LazyWhere1.hs, 0.7207, True
Tests/Unit/neg/LazyWhere.hs, 0.7291, True
Tests/Unit/neg/inc2.hs, 0.6732, True
Tests/Unit/neg/HolesTop.hs, 0.7099, True
Tests/Unit/neg/HigherOrder.hs, 0.6564, True
Tests/Unit/neg/HasElem.hs, 0.6984, True
Tests/Unit/neg/grty3.hs, 0.7108, True
Tests/Unit/neg/grty2.hs, 0.7345, True
Tests/Unit/neg/grty1.hs, 0.7271, True
Tests/Unit/neg/grty0.hs, 0.6651, True
Tests/Unit/neg/Gradual.hs, 0.6653, True
Tests/Unit/neg/GeneralizedTermination.hs, 0.7160, True
Tests/Unit/neg/GADTs.hs, 0.6672, True
Tests/Unit/neg/FunSoundness.hs, 0.6677, True
Tests/Unit/neg/FunctionRef.hs, 0.6721, True
Tests/Unit/neg/foldN1.hs, 0.7055, True
Tests/Unit/neg/foldN.hs, 0.7085, True
Tests/Unit/neg/filterAbs.hs, 0.8035, True
Tests/Unit/neg/ex1-unsafe.hs, 0.7638, True
Tests/Unit/neg/ex0-unsafe.hs, 0.7601, True
Tests/Unit/neg/Even.hs, 0.6971, True
Tests/Unit/neg/Eval.hs, 0.8262, True
Tests/Unit/neg/errorloc.hs, 0.7179, True
Tests/Unit/neg/errmsg.hs, 0.7315, True
Tests/Unit/neg/elim000.hs, 0.7020, True
Tests/Unit/neg/elim-ex-map-3.hs, 2.9378, True
Tests/Unit/neg/elim-ex-map-2.hs, 2.9241, True
Tests/Unit/neg/elim-ex-map-1.hs, 2.8908, True
Tests/Unit/neg/elim-ex-list.hs, 2.8291, True
Tests/Unit/neg/elim-ex-let.hs, 2.7960, True
Tests/Unit/neg/elim-ex-compose.hs, 0.7701, True
Tests/Unit/neg/deptupW.hs, 0.7699, True
Tests/Unit/neg/deppair0.hs, 0.7614, True
Tests/Unit/neg/DependentTypes.hs, 0.7262, True
Tests/Unit/neg/datacon-eq.hs, 0.6673, True
Tests/Unit/neg/csv.hs, 1.2348, True
Tests/Unit/neg/coretologic.hs, 0.7175, True
Tests/Unit/neg/contra0.hs, 0.7352, True
Tests/Unit/neg/ConstraintsAppend.hs, 1.2120, True
Tests/Unit/neg/Constraints.hs, 0.7048, True
Tests/Unit/neg/concat2.hs, 0.9697, True
Tests/Unit/neg/concat1.hs, 0.9304, True
Tests/Unit/neg/concat.hs, 0.8942, True
Tests/Unit/neg/CompareConstraints.hs, 0.9197, True
Tests/Unit/neg/Client.hs, 0.6660, True
Tests/Unit/neg/Class5.hs, 0.6918, True
Tests/Unit/neg/Class4.hs, 0.7090, True
Tests/Unit/neg/Class3.hs, 0.7396, True
Tests/Unit/neg/Class2.hs, 0.7382, True
Tests/Unit/neg/Class1.hs, 0.8321, True
Tests/Unit/neg/CastedTotality.hs, 0.7359, True
Tests/Unit/neg/Books.hs, 0.7276, True
Tests/Unit/neg/BigNum.hs, 0.6646, True
Tests/Unit/neg/Baz.hs, 0.6741, True
Tests/Unit/neg/BadNats.hs, 0.6645, True
Tests/Unit/neg/BadHMeas.hs, 0.6649, True
Tests/Unit/neg/AutoTerm1.hs, 0.6849, True
Tests/Unit/neg/AutoTerm.hs, 0.6735, True
Tests/Unit/neg/AutoSize.hs, 0.6698, True
Tests/Unit/neg/Ast.hs, 0.6944, True
Tests/Unit/neg/ass0.hs, 0.6604, True
Tests/Unit/neg/alias00.hs, 0.6839, True
Tests/Unit/neg/AbsApp.hs, 0.6629, True
Tests/Unit/crash/Unbound.hs, 0.6285, True
Tests/Unit/crash/typeAliasDup.hs, 0.6835, True
Tests/Unit/crash/T774.hs, 0.6211, True
Tests/Unit/crash/T773.hs, 0.6296, True
Tests/Unit/crash/T691.hs, 0.3859, True
Tests/Unit/crash/T649.hs, 0.6613, True
Tests/Unit/crash/RClass.hs, 0.6388, True
Tests/Unit/crash/Qualif.hs, 0.6328, True
Tests/Unit/crash/predparams.hs, 0.6013, True
Tests/Unit/crash/num-float-error1.hs, 0.6266, True
Tests/Unit/crash/num-float-error.hs, 0.6260, True
Tests/Unit/crash/MultipleRecordSelectors.hs, 0.6380, True
Tests/Unit/crash/Mismatch.hs, 0.6288, True
Tests/Unit/crash/LocalTermExpr.hs, 0.6197, True
Tests/Unit/crash/LocalHole.hs, 0.6163, True
Tests/Unit/crash/issue594.hs, 0.6228, True
Tests/Unit/crash/hole-crash3.hs, 0.6042, True
Tests/Unit/crash/hole-crash2.hs, 0.5624, True
Tests/Unit/crash/hole-crash1.hs, 0.6205, True
Tests/Unit/crash/HigherOrder.hs, 0.6219, True
Tests/Unit/crash/HaskellMeasure.hs, 0.5805, True
Tests/Unit/crash/FunRef2.hs, 0.6186, True
Tests/Unit/crash/FunRef1.hs, 0.6338, True
Tests/Unit/crash/funref.hs, 0.6350, True
Tests/Unit/crash/errmsg-mismatch.hs, 0.6346, True
Tests/Unit/crash/errmsg-dc-type.hs, 0.6218, True
Tests/Unit/crash/errmsg-dc-num.hs, 0.6129, True
Tests/Unit/crash/CyclicTypeAlias3.hs, 0.5448, True
Tests/Unit/crash/CyclicTypeAlias2.hs, 0.5336, True
Tests/Unit/crash/CyclicTypeAlias1.hs, 0.5559, True
Tests/Unit/crash/CyclicTypeAlias0.hs, 0.5668, True
Tests/Unit/crash/CyclicPredAlias3.hs, 0.5456, True
Tests/Unit/crash/CyclicPredAlias2.hs, 0.5528, True
Tests/Unit/crash/CyclicPredAlias1.hs, 0.5503, True
Tests/Unit/crash/CyclicPredAlias0.hs, 0.5374, True
Tests/Unit/crash/CyclicExprAlias3.hs, 0.5469, True
Tests/Unit/crash/CyclicExprAlias2.hs, 0.5394, True
Tests/Unit/crash/CyclicExprAlias1.hs, 0.5418, True
Tests/Unit/crash/CyclicExprAlias0.hs, 0.5343, True
Tests/Unit/crash/BadSyn4.hs, 0.5886, True
Tests/Unit/crash/BadSyn3.hs, 0.5947, True
Tests/Unit/crash/BadSyn2.hs, 0.6010, True
Tests/Unit/crash/BadSyn1.hs, 0.5927, True
Tests/Unit/crash/BadPragma2.hs, 0.3809, True
Tests/Unit/crash/BadPragma1.hs, 0.3782, True
Tests/Unit/crash/BadPragma0.hs, 0.3786, True
Tests/Unit/crash/BadExprArg.hs, 0.5921, True
Tests/Unit/crash/Ast.hs, 0.6641, True
Tests/Unit/crash/Assume1.hs, 0.6265, True
Tests/Unit/crash/Assume.hs, 0.6182, True
Tests/Unit/crash/AbsRef.hs, 0.6212, True
Tests/Unit/parser/pos/TokensAsPrefixes.hs, 0.6559, True
Tests/Unit/parser/pos/Parens.hs, 0.6694, True
Tests/Unit/error/crash/TerminationExpr1.hs, 0.6195, True
Tests/Unit/error/crash/TerminationExpr.hs, 0.6334, True
Tests/Unit/eq_pos/MonadicLawsMaybeAssoc.hs, 1.0829, True
Tests/Unit/eq_pos/MonadicLawsMaybe.hs, 6.4263, True
Tests/Unit/eq_pos/MonadicLaws.hs, 16.8097, True
Tests/Unit/eq_pos/MapAppend.hs, 0.0001, True
Tests/Unit/eq_pos/ConcatMap.hs, 15.9597, True
Tests/Unit/eq_pos/Arrow.hs, 0.6498, True
Tests/Unit/eq_pos/AppendVerbose.hs, 2.8140, True
Tests/Unit/eq_pos/AppendAxiom.hs, 1.0182, True
Tests/Unit/eq_pos/AppendArrow.hs, 46.2272, True
Tests/Unit/eq_neg/Fibonacci.hs, 0.6770, True
Tests/Unit/eq_neg/Append.hs, 2.2635, True
Tests/Benchmarks/text/Setup.lhs, 0.9375, True
Tests/Benchmarks/text/Data/Text.hs, 31.4656, True
Tests/Benchmarks/text/Data/Text/UnsafeChar.hs, 1.9106, True
Tests/Benchmarks/text/Data/Text/Unsafe.hs, 2.1644, True
Tests/Benchmarks/text/Data/Text/Search.hs, 10.3104, True
Tests/Benchmarks/text/Data/Text/Private.hs, 2.0135, True
Tests/Benchmarks/text/Data/Text/Lazy.hs, 43.7057, True
Tests/Benchmarks/text/Data/Text/Internal.hs, 5.5005, True
Tests/Benchmarks/text/Data/Text/Fusion.hs, 17.7962, True
Tests/Benchmarks/text/Data/Text/Foreign.hs, 2.8868, True
Tests/Benchmarks/text/Data/Text/Encoding.hs, 34.4015, True
Tests/Benchmarks/text/Data/Text/Array.hs, 1.6506, True
Tests/Benchmarks/text/Data/Text/Lazy/Search.hs, 40.8837, True
Tests/Benchmarks/text/Data/Text/Lazy/Internal.hs, 5.2571, True
Tests/Benchmarks/text/Data/Text/Lazy/Fusion.hs, 7.6335, True
Tests/Benchmarks/text/Data/Text/Lazy/Encoding.hs, 12.7218, True
Tests/Benchmarks/text/Data/Text/Lazy/Builder.hs, 10.1145, True
Tests/Benchmarks/text/Data/Text/Fusion/Size.hs, 1.6438, True
Tests/Benchmarks/bytestring/Data/ByteString.T.hs, 29.3917, True
Tests/Benchmarks/bytestring/Data/ByteString.hs, 23.8435, True
Tests/Benchmarks/bytestring/Data/ByteString/Unsafe.hs, 1.7293, True
Tests/Benchmarks/bytestring/Data/ByteString/LazyZip.hs, 7.2262, True
Tests/Benchmarks/bytestring/Data/ByteString/Lazy.hs, 30.0434, True
Tests/Benchmarks/bytestring/Data/ByteString/Internal.hs, 5.1559, True
Tests/Benchmarks/bytestring/Data/ByteString/Fusion.T.hs, 18.6971, True
Tests/Benchmarks/bytestring/Data/ByteString/Fusion.hs, 16.9000, True
Tests/Benchmarks/bytestring/Data/ByteString/Char8.hs, 6.9022, True
Tests/Benchmarks/bytestring/Data/ByteString/Lazy/Internal.hs, 1.4756, True
Tests/Benchmarks/bytestring/Data/ByteString/Lazy/Char8.hs, 8.4287, True
Tests/Benchmarks/esop/Toy.hs, 1.3263, True
Tests/Benchmarks/esop/Splay.hs, 5.4488, True
Tests/Benchmarks/esop/ListSort.hs, 1.8565, True
Tests/Benchmarks/esop/GhcListSort.hs, 5.4444, True
Tests/Benchmarks/esop/Fib.hs, 1.1109, True
Tests/Benchmarks/esop/Base.hs, 61.1932, True
Tests/Benchmarks/esop/Array.hs, 1.8469, True
Tests/Benchmarks/vect-algs/Setup.lhs, 0.8278, True
Tests/Benchmarks/vect-algs/Data/Vector/Algorithms/Termination.hs, 0.9686, True
Tests/Benchmarks/vect-algs/Data/Vector/Algorithms/Search.hs, 2.6552, True
Tests/Benchmarks/vect-algs/Data/Vector/Algorithms/Radix.hs, 2.2710, True
Tests/Benchmarks/vect-algs/Data/Vector/Algorithms/Optimal.hs, 7.6323, True
Tests/Benchmarks/vect-algs/Data/Vector/Algorithms/Merge.hs, 6.4207, True
Tests/Benchmarks/vect-algs/Data/Vector/Algorithms/Intro.hs, 4.9551, True
Tests/Benchmarks/vect-algs/Data/Vector/Algorithms/Insertion.hs, 1.3655, True
Tests/Benchmarks/vect-algs/Data/Vector/Algorithms/Heap.hs, 18.3158, True
Tests/Benchmarks/vect-algs/Data/Vector/Algorithms/Common.hs, 0.9833, True
Tests/Benchmarks/vect-algs/Data/Vector/Algorithms/Combinators.hs, 0.6857, True
Tests/Benchmarks/vect-algs/Data/Vector/Algorithms/AmericanFlag.hs, 9.0134, True
Tests/Benchmarks/hscolour/Setup.hs, 0.6972, True
Tests/Benchmarks/hscolour/Language/Haskell/HsColour.hs, 3.9546, True
Tests/Benchmarks/hscolour/Language/Haskell/HsColour/TTY.hs, 1.6541, True
Tests/Benchmarks/hscolour/Language/Haskell/HsColour/Output.hs, 0.9010, True
Tests/Benchmarks/hscolour/Language/Haskell/HsColour/Options.hs, 0.9617, True
Tests/Benchmarks/hscolour/Language/Haskell/HsColour/MIRC.hs, 2.1228, True
Tests/Benchmarks/hscolour/Language/Haskell/HsColour/LaTeX.hs, 11.9914, True
Tests/Benchmarks/hscolour/Language/Haskell/HsColour/InlineCSS.hs, 1.8807, True
Tests/Benchmarks/hscolour/Language/Haskell/HsColour/HTML.hs, 3.4583, True
Tests/Benchmarks/hscolour/Language/Haskell/HsColour/General.hs, 0.7972, True
Tests/Benchmarks/hscolour/Language/Haskell/HsColour/CSS.hs, 1.6577, True
Tests/Benchmarks/hscolour/Language/Haskell/HsColour/Colourise.hs, 2.7734, True
Tests/Benchmarks/hscolour/Language/Haskell/HsColour/ColourHighlight.hs, 2.3081, True
Tests/Benchmarks/hscolour/Language/Haskell/HsColour/ANSI.hs, 1.8979, True
Tests/Benchmarks/icfp_pos/WhileTest.hs, 1.1130, True
Tests/Benchmarks/icfp_pos/WhileM.hs, 1.0008, True
Tests/Benchmarks/icfp_pos/TwiceM.hs, 6.6239, True
Tests/Benchmarks/icfp_pos/TestM.hs, 1.0309, True
Tests/Benchmarks/icfp_pos/RIO2.hs, 15.9303, True
Tests/Benchmarks/icfp_pos/Privileges.hs, 0.7830, True
Tests/Benchmarks/icfp_pos/Overview.lhs, 6.5559, True
Tests/Benchmarks/icfp_pos/Incr.hs, 1.3195, True
Tests/Benchmarks/icfp_pos/Incr-elim.hs, 0.9829, True
Tests/Benchmarks/icfp_pos/IfM2.hs, 2.5254, True
Tests/Benchmarks/icfp_pos/IfM.hs, 4.9218, True
Tests/Benchmarks/icfp_pos/ICFP15.lhs, 1.5972, True
Tests/Benchmarks/icfp_pos/FoldAbs.hs, 5.7547, True
Tests/Benchmarks/icfp_pos/FindRec.hs, 6.4200, True
Tests/Benchmarks/icfp_pos/Filter.lhs, 1.0620, True
Tests/Benchmarks/icfp_pos/dropwhile.hs, 0.9570, True
Tests/Benchmarks/icfp_pos/DBMovies.hs, 2.9324, True
Tests/Benchmarks/icfp_pos/CopyRec.hs, 15.7740, True
Tests/Benchmarks/icfp_pos/Composition.hs, 0.8305, True
Tests/Benchmarks/icfp_pos/CompareConstraints.hs, 1.0074, True
Tests/Benchmarks/icfp_pos/Append.hs, 1.1208, True
Tests/Benchmarks/icfp_neg/WhileM.hs, 1.1485, True
Tests/Benchmarks/icfp_neg/TwiceM.hs, 31.7325, True
Tests/Benchmarks/icfp_neg/TestM.hs, 0.7967, True
Tests/Benchmarks/icfp_neg/Records.hs, 0.8964, True
Tests/Benchmarks/icfp_neg/IfM.hs, 5.2169, True
Tests/Benchmarks/icfp_neg/DBMovies.hs, 2.7245, True
Tests/Benchmarks/icfp_neg/Composition.hs, 0.8542, True
Tests/Benchmarks/popl17_pos/Unification.hs, 24.8931, True
Tests/Benchmarks/popl17_pos/Solver.hs, 6.4476, True
Tests/Benchmarks/popl17_pos/ProofCombinators.hs, 0.8644, True
Tests/Benchmarks/popl17_pos/Peano.hs, 1.0997, True
Tests/Benchmarks/popl17_pos/Overview.hs, 1.1098, True
Tests/Benchmarks/popl17_pos/NormalForm.hs, 0.7880, True
Tests/Benchmarks/popl17_pos/MonoidMaybe.hs, 0.9671, True
Tests/Benchmarks/popl17_pos/MonoidList.hs, 0.9984, True
Tests/Benchmarks/popl17_pos/MonadReader.hs, 3.2814, True
Tests/Benchmarks/popl17_pos/MonadMaybe.hs, 1.0594, True
Tests/Benchmarks/popl17_pos/MonadList.hs, 1.6634, True
Tests/Benchmarks/popl17_pos/MonadId.hs, 0.9703, True
Tests/Benchmarks/popl17_pos/MapFusion.hs, 1.2108, True
Tests/Benchmarks/popl17_pos/FunctorReader.NoExtensionality.hs, 1.3873, True
Tests/Benchmarks/popl17_pos/FunctorReader.hs, 1.5314, True
Tests/Benchmarks/popl17_pos/FunctorMaybe.hs, 1.0862, True
Tests/Benchmarks/popl17_pos/FunctorList.hs, 1.4847, True
Tests/Benchmarks/popl17_pos/FunctorId.hs, 0.9475, True
Tests/Benchmarks/popl17_pos/FunctionEquality101.hs, 0.9024, True
Tests/Benchmarks/popl17_pos/FunctionEquality101.Extensionality.hs, 0.8643, True
Tests/Benchmarks/popl17_pos/FoldrUniversal.hs, 15.5328, True
Tests/Benchmarks/popl17_pos/Fibonacci.hs, 7.1782, True
Tests/Benchmarks/popl17_pos/Compose.hs, 0.8196, True
Tests/Benchmarks/popl17_pos/BasicLambdas0.hs, 0.7993, True
Tests/Benchmarks/popl17_pos/BasicLambdas.hs, 0.8334, True
Tests/Benchmarks/popl17_pos/ApplicativeReader.hs, 1.7402, True
Tests/Benchmarks/popl17_pos/ApplicativeMaybe.hs, 2.6928, True
Tests/Benchmarks/popl17_pos/ApplicativeId.hs, 1.1653, True
Tests/Benchmarks/popl17_pos/Append.hs, 1.4673, True
Tests/Benchmarks/popl17_pos/AlphaEquivalence.hs, 0.8932, True
Tests/Benchmarks/popl17_pos/Ackermann.hs, 6.3704, True
Tests/Benchmarks/popl17_neg/MonadReader.hs, 2.9565, True
Tests/Benchmarks/popl17_neg/MonadMaybe.hs, 1.0207, True
Tests/Benchmarks/popl17_neg/MonadList.hs, 4.4955, True
Tests/Benchmarks/popl17_neg/MapFusion.hs, 1.3690, True
Tests/Benchmarks/popl17_neg/FunctorMaybe.hs, 1.2142, True
Tests/Benchmarks/popl17_neg/FunctorList.hs, 1.5244, True
Tests/Benchmarks/popl17_neg/Fibonacci.hs, 7.2838, True
Tests/Benchmarks/popl17_neg/BasicLambdas.hs, 0.8273, True
Tests/Benchmarks/popl17_neg/ApplicativeMaybe.hs, 2.9526, True
Tests/Benchmarks/popl17_neg/Append.hs, 2.4851, True
Tests/Benchmarks/popl17_neg/Ackermann.hs, 21.2694, True
