"test"," time-1467396232"," time-1467998691"," time-1467998795"," time-1467998817"," time-1468278983"," time-1468279223"," time-1468334401"," time-1468342282"," time-1468342282"," time-1468343052","range"
"Tests/Benchmarks/text/Data/Text/Fusion.hs"," 42.9546"," 51.1602"," 36.4006"," 39.2890"," 37.9445"," 36.8970"," 21.2603"," 22.5100"," 22.2867"," 25.5428","29"
"Tests/Benchmarks/text/Data/Text/Lazy/Search.hs"," 40.6233"," 26.4650"," 26.0849"," 29.0075"," 32.8606"," 34.8311"," 49.9380"," 51.1766"," 42.0842"," 48.9649","25"
"Tests/Benchmarks/text/Data/Text/Lazy.hs"," 42.1459"," 56.7384"," 36.2086"," 34.9448"," 37.9794"," 34.7548"," 51.1845"," 53.8448"," 50.0148"," 59.0538","24"
"Tests/Unit/eq_pos/AppendArrow.hs"," 81.5128"," 72.6672"," 70.2812"," 80.8574"," 82.8477"," 79.5124"," 67.4149"," 75.1768"," 79.7753"," 90.4821","23"
"Tests/Benchmarks/bytestring/Data/ByteString/Fusion.T.hs"," 38.3282"," 47.9580"," 35.7586"," 33.9362"," 34.8380"," 37.1498"," 25.3576"," 29.1156"," 43.1263"," 30.7165","22"
"Tests/Benchmarks/esop/Base.hs"," 65.5991"," 87.3123"," 72.5300"," 83.8339"," 77.3349"," 75.9066"," 67.5451"," 72.3373"," 67.9940"," 82.4808","21"
"Tests/Benchmarks/vect-algs/Data/Vector/Algorithms/Heap.hs"," 32.8741"," 34.5188"," 35.7608"," 40.5054"," 27.0940"," 31.6099"," 30.2990"," 21.9498"," 20.4471"," 25.9984","20"
"Tests/Benchmarks/icfp_neg/TwiceM.hs"," 58.6492"," 44.5234"," 43.0449"," 43.0179"," 38.7222"," 47.9409"," 42.1409"," 43.3225"," 44.2263"," 42.1658","19"
"Tests/Benchmarks/text/Data/Text/Encoding.hs"," 40.5620"," 37.6467"," 30.3070"," 38.5818"," 31.7762"," 34.7174"," 46.2524"," 45.4932"," 39.6784"," 47.6849","17"
"Tests/Benchmarks/text/Data/Text.hs"," 34.2919"," 34.6463"," 27.4403"," 34.6084"," 27.9137"," 27.3883"," 42.8036"," 41.8107"," 43.5968"," 44.0886","16"
"Tests/Benchmarks/bytestring/Data/ByteString.T.hs"," 49.2175"," 36.3978"," 42.6420"," 43.6253"," 47.9223"," 48.1502"," 41.7932"," 38.3752"," 34.9462"," 44.2249","14"
"Tests/Benchmarks/bytestring/Data/ByteString.hs"," 40.8489"," 29.8211"," 26.0749"," 26.4066"," 38.3680"," 39.7118"," 29.9523"," 28.5183"," 29.3513"," 36.3912","14"
"Tests/Benchmarks/bytestring/Data/ByteString/Fusion.hs"," 34.3957"," 37.7398"," 32.7868"," 32.6804"," 34.0795"," 36.5178"," 23.2930"," 23.8548"," 26.5887"," 28.3472","14"
"Tests/Benchmarks/text/Data/Text/Internal.hs"," 14.8101"," 17.4184"," 15.2609"," 19.8678"," 14.2830"," 14.8697"," 6.8176"," 7.6262"," 6.3394"," 7.2583","13"
"Tests/Benchmarks/bytestring/Data/ByteString/Lazy.hs"," 37.2150"," 41.3214"," 35.9962"," 33.1455"," 33.6477"," 36.8802"," 35.3518"," 38.8704"," 35.2797"," 45.2664","12"
"Tests/Unit/neg/StateConstraints0.hs"," 22.8654"," 24.0155"," 21.0850"," 22.2945"," 32.0510"," 25.7439"," 30.8861"," 21.7132"," 23.1517"," 19.9163","12"
"Tests/Benchmarks/icfp_pos/RIO2.hs"," 27.7957"," 25.5733"," 22.8461"," 22.0419"," 20.7436"," 22.8743"," 20.4943"," 23.0506"," 17.5452"," 21.7393","10"
"Tests/Benchmarks/vect-algs/Data/Vector/Algorithms/AmericanFlag.hs"," 13.0350"," 9.8354"," 11.7325"," 10.6364"," 8.3386"," 8.6092"," 17.4941"," 9.1511"," 8.8708"," 9.3207","9"
"Tests/Unit/pos/OrdList.hs"," 17.9475"," 25.9114"," 19.6681"," 21.8968"," 26.9726"," 17.0761"," 18.6008"," 20.8477"," 25.2443"," 20.3863","9"
"Tests/Unit/pos/Map.hs"," 9.7543"," 10.4621"," 9.1131"," 11.8156"," 9.6468"," 11.0730"," 17.1806"," 9.8288"," 9.6888"," 10.9417","8"
"Tests/Benchmarks/text/Data/Text/Lazy/Encoding.hs"," 18.9619"," 13.2762"," 12.6258"," 14.2160"," 19.7008"," 16.4118"," 16.5694"," 17.1918"," 12.4427"," 15.2170","7"
"Tests/Unit/eq_pos/MonadicLawsMaybe.hs"," 12.5559"," 9.2346"," 14.8390"," 8.7067"," 9.9260"," 6.8953"," 7.9221"," 8.7105"," 7.0025"," 7.1883","7"
"Tests/Unit/pos/Map0.hs"," 10.5143"," 12.1018"," 9.3553"," 11.3737"," 9.7778"," 9.9402"," 16.4513"," 9.8442"," 9.7483"," 9.9771","7"
"Tests/Benchmarks/icfp_pos/CopyRec.hs"," 21.0614"," 18.8140"," 15.5474"," 16.1229"," 14.2253"," 17.2065"," 17.6523"," 17.9902"," 17.0442"," 17.4356","6"
"Tests/Benchmarks/text/Data/Text/Lazy/Fusion.hs"," 14.3417"," 9.7675"," 8.6795"," 9.6036"," 11.0372"," 11.2154"," 11.4356"," 10.6741"," 7.9215"," 10.4540","6"
"Tests/Unit/eq_pos/ConcatMap.hs"," 27.5842"," 21.9928"," 21.6436"," 26.1981"," 27.1874"," 24.5208"," 21.5799"," 24.1678"," 22.4476"," 24.9860","6"
"Tests/Unit/eq_pos/MonadicLaws.hs"," 24.9014"," 24.0223"," 26.4007"," 22.7514"," 26.4687"," 21.5019"," 22.0350"," 25.0910"," 20.0945"," 22.5144","6"
"Tests/Unit/pos/GhcListSort.hs"," 6.6037"," 10.8005"," 6.3293"," 6.6193"," 13.1526"," 6.4831"," 8.9276"," 6.8564"," 8.9996"," 6.9566","6"
"Tests/Benchmarks/hscolour/Language/Haskell/HsColour/LaTeX.hs"," 10.7464"," 9.7683"," 8.9973"," 8.9831"," 7.7082"," 8.2768"," 12.3014"," 13.1977"," 10.5658"," 11.0756","5"
"Tests/Benchmarks/text/Data/Text/Lazy/Internal.hs"," 7.2909"," 6.2767"," 5.1673"," 5.8543"," 5.5505"," 10.2266"," 7.4874"," 6.1471"," 5.1307"," 6.3519","5"
"Tests/Benchmarks/bytestring/Data/ByteString/Internal.hs"," 7.3561"," 10.4265"," 8.5462"," 7.2703"," 6.7138"," 7.3664"," 5.9844"," 7.1047"," 5.5086"," 7.1701","4"
"Tests/Benchmarks/esop/GhcListSort.hs"," 7.0195"," 6.5198"," 11.0380"," 7.0327"," 7.7474"," 7.4928"," 6.5921"," 7.0524"," 7.1764"," 8.1067","4"
"Tests/Benchmarks/icfp_pos/IfM.hs"," 9.8587"," 8.9355"," 7.0758"," 7.1872"," 6.5053"," 6.7655"," 6.3747"," 7.4277"," 7.5805"," 5.8054","4"
"Tests/Benchmarks/icfp_pos/TwiceM.hs"," 11.2527"," 8.4068"," 8.5687"," 8.1125"," 7.5111"," 7.7080"," 8.5876"," 9.3011"," 6.9627"," 7.8611","4"
"Tests/Benchmarks/vect-algs/Data/Vector/Algorithms/Optimal.hs"," 9.9892"," 10.7196"," 8.1025"," 10.8154"," 10.5025"," 8.9514"," 7.9107"," 8.7124"," 7.9679"," 12.1834","4"
"Tests/Unit/pos/StateConstraints0.hs"," 11.9688"," 11.9106"," 12.9262"," 14.3724"," 11.7962"," 12.3808"," 9.6683"," 10.8171"," 11.9511"," 12.2953","4"
"Tests/Benchmarks/bytestring/Data/ByteString/Lazy/Char8.hs"," 8.5078"," 11.6053"," 8.5752"," 9.4776"," 8.5000"," 9.1407"," 8.4670"," 10.0763"," 8.7682"," 11.3872","3"
"Tests/Benchmarks/hscolour/Language/Haskell/HsColour.hs"," 7.5274"," 4.6947"," 4.0757"," 4.8941"," 3.8071"," 3.9056"," 5.9068"," 4.1891"," 3.8902"," 4.1160","3"
"Tests/Benchmarks/icfp_neg/IfM.hs"," 9.3531"," 7.8674"," 7.6670"," 9.9947"," 6.7675"," 8.7249"," 6.2765"," 6.1056"," 6.8848"," 6.9191","3"
"Tests/Benchmarks/icfp_pos/FindRec.hs"," 10.0598"," 10.0393"," 7.1224"," 8.0267"," 6.6310"," 7.6315"," 6.7443"," 7.8989"," 8.6462"," 9.2213","3"
"Tests/Benchmarks/icfp_pos/FoldAbs.hs"," 9.6102"," 8.7564"," 6.6284"," 7.0943"," 6.4209"," 8.6410"," 6.8926"," 7.0592"," 8.9643"," 6.8226","3"
"Tests/Benchmarks/icfp_pos/Overview.lhs"," 9.1248"," 8.9793"," 7.6875"," 8.3444"," 7.1572"," 7.8742"," 8.3806"," 10.1843"," 7.3749"," 8.0866","3"
"Tests/Benchmarks/text/Data/Text/Array.hs"," 2.4385"," 1.7477"," 1.6219"," 1.9386"," 1.7828"," 4.8092"," 3.0610"," 2.2443"," 1.7696"," 3.1869","3"
"Tests/Benchmarks/text/Data/Text/Lazy/Builder.hs"," 11.6078"," 11.4277"," 10.3813"," 10.3714"," 12.3420"," 13.6134"," 12.1451"," 11.2869"," 10.0287"," 10.6065","3"
"Tests/Benchmarks/text/Data/Text/Search.hs"," 11.9501"," 13.4384"," 10.3547"," 13.3933"," 9.7300"," 9.8161"," 12.9084"," 12.9280"," 10.8141"," 12.8782","3"
"Tests/Unit/neg/elim-ex-map-3.hs"," 3.3114"," 2.9592"," 2.8492"," 3.1008"," 5.8582"," 3.4117"," 3.8397"," 4.3573"," 3.7476"," 3.5253","3"
"Tests/Unit/pos/BST.hs"," 5.1555"," 4.8860"," 4.6055"," 4.9551"," 5.1883"," 4.9813"," 4.8538"," 4.9274"," 8.3676"," 6.8195","3"
"Tests/Unit/pos/LambdaEval.hs"," 10.9378"," 10.5438"," 10.2725"," 13.2327"," 12.2807"," 11.5873"," 11.7677"," 11.7769"," 14.0988"," 12.0973","3"
"Tests/Unit/pos/RBTree.hs"," 10.7310"," 10.3631"," 11.5181"," 12.1227"," 11.2777"," 12.3101"," 12.3603"," 13.9877"," 13.6192"," 13.6293","3"
"Tests/Unit/pos/StateConstraints.hs"," 6.8948"," 6.5904"," 7.1507"," 7.1300"," 7.0248"," 6.9058"," 8.8555"," 5.3940"," 6.8084"," 6.3131","3"
"Tests/Benchmarks/bytestring/Data/ByteString/Char8.hs"," 7.5388"," 7.5881"," 6.8831"," 7.4383"," 6.7537"," 8.2169"," 7.7793"," 9.1009"," 7.3881"," 9.7379","2"
"Tests/Benchmarks/bytestring/Data/ByteString/LazyZip.hs"," 9.2118"," 7.8328"," 7.2528"," 7.2721"," 9.1094"," 9.6750"," 7.4410"," 7.4872"," 7.4534"," 8.8277","2"
"Tests/Benchmarks/esop/Splay.hs"," 6.3660"," 8.5222"," 6.6614"," 6.3389"," 7.7499"," 6.2705"," 6.2449"," 7.2878"," 6.6242"," 9.0557","2"
"Tests/Benchmarks/icfp_pos/IfM2.hs"," 4.5424"," 3.4649"," 3.0475"," 3.2335"," 2.9357"," 3.0313"," 3.0802"," 3.5296"," 5.3373"," 2.9779","2"
"Tests/Benchmarks/text/Data/Text/Private.hs"," 2.1094"," 2.3397"," 2.2503"," 2.4527"," 4.4163"," 2.2550"," 2.6706"," 2.2669"," 2.3668"," 2.6271","2"
"Tests/Benchmarks/vect-algs/Data/Vector/Algorithms/Merge.hs"," 5.7552"," 6.1474"," 5.5131"," 7.3652"," 7.2010"," 5.9789"," 6.0948"," 6.4728"," 6.1263"," 8.1771","2"
"Tests/Unit/eq_neg/Append.hs"," 1.0363"," 1.0777"," 1.0789"," 1.1240"," 1.2976"," 1.0853"," 2.2701"," 2.4774"," 3.2938"," 2.9925","2"
"Tests/Unit/eq_pos/AppendVerbose.hs"," 1.2943"," 1.2015"," 1.1229"," 1.1618"," 1.1767"," 1.1297"," 2.8317"," 3.1605"," 3.3933"," 3.5680","2"
"Tests/Unit/neg/poly0.hs"," 0.8047"," 1.1784"," 0.7639"," 0.9493"," 0.8563"," 0.8588"," 3.6492"," 0.8365"," 0.8394"," 1.0085","2"
"Tests/Unit/pos/Foldl.hs"," 7.3783"," 8.4357"," 7.0100"," 8.0002"," 9.3339"," 7.9143"," 7.1828"," 7.6006"," 7.7583"," 8.1089","2"
"Tests/Unit/pos/GhcSort3.hs"," 3.1975"," 3.7847"," 2.9953"," 3.1377"," 3.5261"," 3.1392"," 5.0742"," 3.3121"," 3.9691"," 3.3926","2"
"Tests/Unit/pos/LambdaDeBruijn.hs"," 1.3280"," 1.2247"," 1.1768"," 1.2999"," 1.3211"," 1.3352"," 3.3831"," 1.3874"," 1.3906"," 1.3590","2"
"Tests/Unit/pos/Map2.hs"," 9.6772"," 10.4185"," 9.6192"," 11.9742"," 10.5792"," 10.2262"," 11.6037"," 10.2947"," 11.6269"," 10.7517","2"
"Tests/Unit/pos/jeff.hs"," 4.0508"," 3.9814"," 3.7971"," 5.0203"," 4.2297"," 3.7458"," 5.7946"," 3.7193"," 3.7896"," 4.1385","2"
"Tests/Unit/pos/kmpIO.hs"," 0.9108"," 0.8669"," 0.8525"," 0.9129"," 0.9093"," 0.9566"," 2.2107"," 2.9002"," 0.8979"," 0.9151","2"
"Tests/Unit/pos/niki.hs"," 0.7984"," 0.8085"," 0.7770"," 0.9003"," 2.9038"," 0.8317"," 1.2025"," 1.0548"," 0.9756"," 0.8006","2"
"Tests/Benchmarks/esop/Fib.hs"," 1.1756"," 1.5422"," 2.1785"," 1.2187"," 1.5378"," 1.2700"," 1.1338"," 1.2772"," 1.1823"," 1.2671","1"
"Tests/Benchmarks/hscolour/Language/Haskell/HsColour/ANSI.hs"," 2.9701"," 2.0910"," 1.6117"," 1.7775"," 1.5719"," 1.8107"," 1.8460"," 2.2313"," 1.6218"," 1.8734","1"
"Tests/Benchmarks/hscolour/Language/Haskell/HsColour/CSS.hs"," 2.0143"," 1.9373"," 1.6542"," 1.7109"," 1.5273"," 1.5641"," 1.8832"," 2.5791"," 1.5232"," 1.8964","1"
"Tests/Benchmarks/hscolour/Language/Haskell/HsColour/Colourise.hs"," 3.6150"," 3.1761"," 2.6462"," 2.7443"," 2.4974"," 2.7178"," 3.0333"," 3.6591"," 2.5375"," 4.2449","1"
"Tests/Benchmarks/hscolour/Language/Haskell/HsColour/HTML.hs"," 4.7556"," 3.9627"," 3.2971"," 3.6184"," 3.0706"," 3.1557"," 3.4925"," 3.9925"," 3.0893"," 3.6471","1"
"Tests/Benchmarks/hscolour/Language/Haskell/HsColour/MIRC.hs"," 2.9120"," 2.0176"," 2.3481"," 2.0301"," 1.8298"," 1.9456"," 2.1612"," 2.0628"," 1.9442"," 2.0303","1"
"Tests/Benchmarks/hscolour/Language/Haskell/HsColour/TTY.hs"," 2.4665"," 1.3181"," 1.1594"," 1.4457"," 1.1350"," 1.1596"," 1.2707"," 1.2693"," 1.1790"," 1.2178","1"
"Tests/Benchmarks/icfp_neg/DBMovies.hs"," 3.3373"," 3.0395"," 3.3937"," 2.8332"," 2.4537"," 3.7371"," 2.8758"," 3.0550"," 3.7699"," 3.3566","1"
"Tests/Benchmarks/icfp_pos/DBMovies.hs"," 4.1104"," 3.7709"," 2.9470"," 3.1265"," 2.6695"," 2.8748"," 3.0913"," 3.5164"," 2.8857"," 4.0154","1"
"Tests/Benchmarks/icfp_pos/dropwhile.hs"," 1.9389"," 1.0288"," 0.8654"," 1.2903"," 0.8608"," 0.8512"," 1.1809"," 1.0811"," 0.8899"," 1.0505","1"
"Tests/Benchmarks/text/Data/Text/Foreign.hs"," 4.1382"," 4.0561"," 3.4775"," 2.9241"," 3.4668"," 3.5506"," 3.1808"," 3.8462"," 3.3339"," 3.3989","1"
"Tests/Benchmarks/text/Data/Text/Fusion/Size.hs"," 1.6268"," 1.6120"," 1.4106"," 1.7061"," 2.1609"," 2.8547"," 2.7954"," 1.7875"," 1.6905"," 2.2094","1"
"Tests/Benchmarks/text/Data/Text/UnsafeChar.hs"," 2.1787"," 3.1276"," 2.2956"," 2.6054"," 2.2068"," 2.2646"," 3.7300"," 2.5424"," 2.2808"," 2.4083","1"
"Tests/Benchmarks/vect-algs/Data/Vector/Algorithms/Intro.hs"," 5.8587"," 5.6240"," 6.3223"," 6.5109"," 6.3981"," 5.1276"," 4.6957"," 5.2999"," 4.7568"," 6.0326","1"
"Tests/Benchmarks/vect-algs/Data/Vector/Algorithms/Search.hs"," 3.0722"," 3.7228"," 3.1513"," 3.4058"," 3.6167"," 2.7307"," 2.6740"," 3.0192"," 2.6920"," 3.3670","1"
"Tests/Unit/crash/MultipleRecordSelectors.hs"," 0.7892"," 0.7900"," 1.6628"," 0.6993"," 1.1101"," 0.7414"," 0.6509"," 0.7119"," 0.6510"," 0.7502","1"
"Tests/Unit/neg/Propability0.hs"," 0.7794"," 0.7799"," 0.6952"," 0.7845"," 2.1459"," 0.9801"," 0.7218"," 0.7702"," 1.2971"," 0.7813","1"
"Tests/Unit/neg/QQTySig.hs"," 3.0129"," 3.1319"," 2.8234"," 3.4046"," 3.0067"," 4.5816"," 2.8718"," 3.1814"," 3.4155"," 3.1600","1"
"Tests/Unit/neg/QQTySyn2.hs"," 3.1378"," 3.9983"," 2.8353"," 3.1425"," 4.4658"," 3.4878"," 3.3636"," 3.4859"," 4.5894"," 4.1370","1"
"Tests/Unit/neg/SafePartialFunctions.hs"," 0.7511"," 0.7710"," 0.7003"," 0.7873"," 1.0319"," 0.7640"," 0.7110"," 0.7815"," 2.1629"," 0.7675","1"
"Tests/Unit/neg/Solver.hs"," 1.2678"," 1.3203"," 1.1543"," 1.2841"," 2.3739"," 1.3242"," 1.1978"," 1.2966"," 1.4166"," 1.3918","1"
"Tests/Unit/neg/StateConstraints.hs"," 1.3773"," 1.4767"," 1.2454"," 1.3964"," 1.6132"," 1.3868"," 1.3785"," 1.3298"," 3.0433"," 1.2038","1"
"Tests/Unit/neg/elim-ex-let.hs"," 3.2059"," 3.1915"," 2.7383"," 3.0285"," 2.9285"," 3.1074"," 3.7583"," 3.5664"," 2.9339"," 3.0019","1"
"Tests/Unit/neg/elim-ex-map-1.hs"," 3.2638"," 2.8718"," 2.8316"," 3.1914"," 3.0976"," 3.2160"," 3.8642"," 3.2642"," 3.7893"," 3.0993","1"
"Tests/Unit/neg/elim-ex-map-2.hs"," 3.2833"," 3.3596"," 2.8998"," 3.1572"," 3.5347"," 3.3557"," 3.9734"," 3.4581"," 3.5788"," 3.3094","1"
"Tests/Unit/neg/mapreduce.hs"," 2.4140"," 2.7493"," 1.9804"," 2.1498"," 2.6799"," 2.0722"," 3.9289"," 2.1388"," 2.0247"," 2.8402","1"
"Tests/Unit/neg/meas9.hs"," 0.8197"," 0.8756"," 0.7011"," 0.9642"," 1.7612"," 0.7875"," 0.8620"," 0.8023"," 0.8765"," 1.0383","1"
"Tests/Unit/neg/pair0.hs"," 1.3635"," 1.4079"," 1.2613"," 1.3500"," 1.7997"," 1.3985"," 2.4269"," 1.4117"," 1.7248"," 1.4062","1"
"Tests/Unit/neg/test1.hs"," 0.8159"," 0.7979"," 0.7254"," 0.7890"," 0.9476"," 0.8418"," 1.9381"," 0.8254"," 0.9562"," 0.8038","1"
"Tests/Unit/neg/test2.hs"," 0.8026"," 0.7982"," 0.7284"," 0.7908"," 1.2804"," 0.8270"," 1.8994"," 0.9390"," 1.1763"," 0.7957","1"
"Tests/Unit/neg/trans.hs"," 1.7345"," 2.3462"," 1.4644"," 1.6204"," 1.8997"," 1.6198"," 2.5509"," 1.8865"," 2.1178"," 1.7088","1"
"Tests/Unit/neg/vector2.hs"," 1.5478"," 1.3281"," 1.2186"," 1.3651"," 2.7054"," 1.3818"," 1.8397"," 1.4358"," 1.3543"," 1.4664","1"
"Tests/Unit/pos/AVL.hs"," 1.6723"," 1.6638"," 1.4708"," 1.8905"," 1.7021"," 1.6218"," 2.2498"," 2.1243"," 1.9182"," 2.6482","1"
"Tests/Unit/pos/AVLRJ.hs"," 2.0130"," 2.1217"," 1.9229"," 2.0971"," 2.0012"," 2.0789"," 2.3184"," 2.6436"," 3.3875"," 2.2216","1"
"Tests/Unit/pos/AmortizedQueue.hs"," 0.9013"," 0.8586"," 0.8319"," 1.0691"," 1.2248"," 0.8894"," 2.0641"," 0.9319"," 1.1293"," 0.9001","1"
"Tests/Unit/pos/FractionalInstance.hs"," 2.0091"," 1.8762"," 1.8330"," 2.0604"," 3.1267"," 2.1843"," 1.8525"," 2.0444"," 2.0382"," 2.3179","1"
"Tests/Unit/pos/GhcSort1.hs"," 2.7624"," 3.0868"," 2.5603"," 2.7343"," 4.2568"," 2.6470"," 3.9883"," 2.6958"," 3.0969"," 2.9275","1"
"Tests/Unit/pos/GhcSort2.hs"," 1.4378"," 1.9670"," 1.3119"," 1.4886"," 1.4755"," 1.3927"," 2.3394"," 1.4614"," 1.4324"," 1.4765","1"
"Tests/Unit/pos/LambdaEvalMini.hs"," 2.1884"," 2.1297"," 1.9922"," 2.1479"," 2.3104"," 2.1930"," 2.1697"," 2.2770"," 3.1136"," 2.3284","1"
"Tests/Unit/pos/LocalHole.hs"," 0.8239"," 0.7495"," 0.7069"," 0.9292"," 0.7775"," 0.7996"," 1.7102"," 0.8027"," 0.7787"," 0.8933","1"
"Tests/Unit/pos/RBTree-height.hs"," 2.6470"," 3.6847"," 2.6502"," 2.6192"," 2.7046"," 3.7974"," 2.5876"," 2.7881"," 2.5315"," 2.8011","1"
"Tests/Unit/pos/RBTree-ord.hs"," 6.1687"," 6.6663"," 6.8366"," 6.6651"," 6.6106"," 6.3204"," 6.4982"," 7.5113"," 6.0681"," 6.5204","1"
"Tests/Unit/pos/UnboxedTuplesAndTH.hs"," 0.8466"," 0.8407"," 0.8761"," 0.9304"," 1.1706"," 0.8769"," 0.7664"," 0.8313"," 0.8656"," 2.1609","1"
"Tests/Unit/pos/elim-ex-let.hs"," 3.2162"," 3.5064"," 2.7293"," 2.9706"," 3.2699"," 3.0082"," 4.1182"," 3.9690"," 3.0165"," 3.2272","1"
"Tests/Unit/pos/elim-ex-map-1.hs"," 3.0470"," 3.1413"," 2.8086"," 3.0103"," 3.9432"," 3.5727"," 3.2998"," 3.2631"," 3.3042"," 3.8327","1"
"Tests/Unit/pos/elim-ex-map-2.hs"," 3.2664"," 3.4531"," 2.8635"," 3.1410"," 4.2863"," 3.2439"," 3.8479"," 4.0324"," 3.4768"," 3.8026","1"
"Tests/Unit/pos/elim-ex-map-3.hs"," 3.1007"," 3.9644"," 2.8451"," 3.1408"," 4.3605"," 3.4194"," 3.7334"," 3.9438"," 4.2051"," 4.0241","1"
"Tests/Unit/pos/invlhs.hs"," 0.7553"," 0.6723"," 0.6841"," 0.9151"," 0.7728"," 0.7484"," 2.0037"," 0.7207"," 0.7455"," 0.7366","1"
"Tests/Unit/pos/kmp.hs"," 2.1171"," 1.9888"," 1.9406"," 3.2430"," 2.3478"," 2.1250"," 2.2120"," 2.0857"," 2.1262"," 2.2067","1"
"Tests/Unit/pos/monad6.hs"," 0.8032"," 0.9242"," 0.8549"," 0.8210"," 1.9455"," 0.8547"," 1.3690"," 0.8372"," 0.8431"," 0.9395","1"
"Tests/Unit/pos/monad7.hs"," 0.9456"," 0.9741"," 1.0123"," 1.0304"," 1.9628"," 0.9515"," 1.0301"," 0.9887"," 1.0936"," 1.3707","1"
"Tests/Unit/pos/pair0.hs"," 1.4466"," 1.4213"," 1.4881"," 1.5695"," 1.3446"," 1.4081"," 1.2517"," 1.7959"," 2.2839"," 1.3809","1"
"Tests/Unit/pos/vector0.hs"," 1.1527"," 1.1470"," 1.1094"," 1.4226"," 1.1853"," 1.2151"," 1.0734"," 1.4052"," 1.1774"," 2.4415","1"
"Tests/Unit/pos/vector1.hs"," 1.0678"," 1.0985"," 1.0212"," 1.1171"," 1.1922"," 1.1288"," 0.9987"," 1.0090"," 1.2289"," 2.0754","1"
"Tests/Benchmarks/bytestring/Data/ByteString/Lazy/Internal.hs"," 1.5231"," 2.0285"," 1.4994"," 1.6932"," 1.4858"," 1.5784"," 1.5024"," 1.6517"," 1.5207"," 2.0610","0"
"Tests/Benchmarks/bytestring/Data/ByteString/Unsafe.hs"," 2.2240"," 2.5775"," 1.7099"," 1.6929"," 1.8310"," 2.5250"," 1.8028"," 1.7053"," 2.2659"," 2.3572","0"
"Tests/Benchmarks/esop/Array.hs"," 2.2072"," 2.6630"," 1.8837"," 2.2192"," 2.1617"," 1.8450"," 2.2682"," 2.1087"," 1.9788"," 2.4658","0"
"Tests/Benchmarks/esop/ListSort.hs"," 2.0861"," 2.5305"," 2.6912"," 2.0035"," 1.8682"," 2.0612"," 1.8730"," 2.0497"," 2.1101"," 2.1114","0"
"Tests/Benchmarks/esop/Toy.hs"," 1.3763"," 1.5391"," 1.3045"," 1.4661"," 1.2895"," 1.3456"," 1.3598"," 1.4473"," 1.3758"," 1.3951","0"
"Tests/Benchmarks/hscolour/Language/Haskell/HsColour/ColourHighlight.hs"," 2.9032"," 2.6526"," 2.1975"," 2.2722"," 2.0508"," 2.1224"," 2.4909"," 2.6631"," 2.0515"," 2.3429","0"
"Tests/Benchmarks/hscolour/Language/Haskell/HsColour/General.hs"," 0.9830"," 0.8628"," 0.7481"," 0.7711"," 0.7125"," 0.7277"," 0.8108"," 1.1695"," 0.7088"," 0.8443","0"
"Tests/Benchmarks/hscolour/Language/Haskell/HsColour/InlineCSS.hs"," 2.3839"," 1.8950"," 1.7067"," 1.8385"," 1.6314"," 1.5867"," 1.9093"," 2.2310"," 1.5566"," 1.6794","0"
"Tests/Benchmarks/hscolour/Language/Haskell/HsColour/Options.hs"," 1.5183"," 0.8829"," 0.7660"," 0.9197"," 0.7628"," 0.7865"," 0.8989"," 0.8365"," 0.9356"," 0.8433","0"
"Tests/Benchmarks/hscolour/Language/Haskell/HsColour/Output.hs"," 1.4621"," 1.0193"," 0.8682"," 1.3525"," 0.8590"," 0.8662"," 1.0170"," 0.9549"," 0.9056"," 0.9324","0"
"Tests/Benchmarks/hscolour/Setup.hs"," 1.6159"," 0.8330"," 0.7656"," 0.7906"," 0.6868"," 0.6923"," 0.9433"," 0.7316"," 0.6981"," 0.7285","0"
"Tests/Benchmarks/icfp_neg/Composition.hs"," 0.9776"," 0.8442"," 0.9560"," 0.8339"," 0.7646"," 0.8863"," 0.8762"," 0.8676"," 0.8922"," 0.9038","0"
"Tests/Benchmarks/icfp_neg/Records.hs"," 0.9956"," 0.9328"," 0.9027"," 0.8836"," 0.8254"," 0.9251"," 0.9087"," 1.0535"," 1.0037"," 0.8289","0"
"Tests/Benchmarks/icfp_neg/TestM.hs"," 1.0945"," 1.0367"," 0.9787"," 1.0003"," 0.9528"," 1.0429"," 0.9156"," 1.2769"," 1.0929"," 0.9684","0"
"Tests/Benchmarks/icfp_neg/WhileM.hs"," 1.3541"," 1.2253"," 1.1094"," 1.1901"," 1.0453"," 1.1352"," 1.2983"," 1.7011"," 1.0835"," 1.4348","0"
"Tests/Benchmarks/icfp_pos/Append.hs"," 1.3091"," 1.2243"," 1.0459"," 1.1181"," 1.0059"," 1.8589"," 1.1521"," 1.3648"," 1.0657"," 1.1502","0"
"Tests/Benchmarks/icfp_pos/CompareConstraints.hs"," 1.1921"," 1.0897"," 0.9251"," 0.9889"," 0.9081"," 1.7696"," 1.0145"," 1.0353"," 0.9732"," 1.0153","0"
"Tests/Benchmarks/icfp_pos/Composition.hs"," 0.9681"," 0.9634"," 0.8014"," 0.8962"," 0.7584"," 1.1500"," 0.8268"," 0.8790"," 0.8018"," 0.8027","0"
"Tests/Benchmarks/icfp_pos/Filter.lhs"," 1.2190"," 1.4709"," 0.9624"," 1.1970"," 0.9735"," 1.1837"," 1.4325"," 1.2817"," 1.5718"," 1.1426","0"
"Tests/Benchmarks/icfp_pos/ICFP15.lhs"," 2.0361"," 1.7497"," 1.5655"," 1.6004"," 1.3931"," 1.4505"," 1.6380"," 1.9187"," 1.5260"," 1.5633","0"
"Tests/Benchmarks/icfp_pos/Incr-elim.hs"," 1.0593"," 1.1684"," 0.9166"," 1.0174"," 0.8911"," 0.9165"," 1.0543"," 1.1395"," 0.8866"," 1.2499","0"
"Tests/Benchmarks/icfp_pos/Incr.hs"," 1.5073"," 1.3526"," 1.3141"," 1.5061"," 1.2791"," 1.2955"," 1.4523"," 1.6328"," 1.2490"," 1.4041","0"
"Tests/Benchmarks/icfp_pos/Privileges.hs"," 0.8780"," 0.9944"," 0.7863"," 0.7928"," 0.7256"," 0.7515"," 0.8209"," 1.1299"," 0.7248"," 1.1287","0"
"Tests/Benchmarks/icfp_pos/TestM.hs"," 0.9180"," 0.8861"," 1.0309"," 0.8325"," 0.7222"," 0.7835"," 0.8550"," 0.9255"," 0.7165"," 0.7742","0"
"Tests/Benchmarks/icfp_pos/WhileM.hs"," 1.5039"," 1.0495"," 0.9745"," 1.0207"," 0.9074"," 0.9847"," 1.1197"," 1.1611"," 0.9131"," 1.0725","0"
"Tests/Benchmarks/icfp_pos/WhileTest.hs"," 1.4280"," 1.1364"," 0.9322"," 1.0059"," 0.8904"," 1.0002"," 1.0469"," 1.1147"," 0.8862"," 1.2140","0"
"Tests/Benchmarks/text/Data/Text/Unsafe.hs"," 2.5020"," 3.1862"," 2.2866"," 3.2179"," 2.2491"," 2.2804"," 2.5287"," 2.9827"," 2.5088"," 2.4012","0"
"Tests/Benchmarks/text/Setup.lhs"," 1.8681"," 1.9190"," 1.9341"," 1.4920"," 1.9709"," 1.8638"," 1.8847"," 1.9783"," 2.1066"," 1.7631","0"
"Tests/Benchmarks/vect-algs/Data/Vector/Algorithms/Combinators.hs"," 0.9474"," 0.7049"," 0.7725"," 0.7771"," 0.6774"," 0.7549"," 1.1466"," 0.7556"," 0.6782"," 0.7357","0"
"Tests/Benchmarks/vect-algs/Data/Vector/Algorithms/Common.hs"," 1.2018"," 1.1103"," 1.4314"," 1.1813"," 0.9812"," 1.0498"," 1.9787"," 1.0817"," 0.9986"," 1.0655","0"
"Tests/Benchmarks/vect-algs/Data/Vector/Algorithms/Insertion.hs"," 1.4830"," 1.7339"," 1.3890"," 1.7790"," 1.3636"," 1.5002"," 1.3822"," 1.4885"," 1.3668"," 1.5278","0"
"Tests/Benchmarks/vect-algs/Data/Vector/Algorithms/Radix.hs"," 2.3577"," 2.3383"," 2.2699"," 2.9107"," 3.1575"," 2.5065"," 2.3330"," 2.4889"," 2.3203"," 2.9003","0"
"Tests/Benchmarks/vect-algs/Data/Vector/Algorithms/Termination.hs"," 1.0592"," 1.2878"," 1.1416"," 1.3694"," 1.0504"," 1.0561"," 0.9926"," 1.1625"," 1.0013"," 1.1411","0"
"Tests/Benchmarks/vect-algs/Setup.lhs"," 1.1820"," 1.2234"," 1.1312"," 1.2736"," 1.1049"," 1.0991"," 1.0758"," 1.1806"," 1.0147"," 1.3270","0"
"Tests/Unit/crash/AbsRef.hs"," 0.6687"," 0.6824"," 0.9850"," 0.6982"," 0.8165"," 0.6726"," 0.7552"," 0.6325"," 0.6322"," 0.7314","0"
"Tests/Unit/crash/Assume.hs"," 0.6730"," 0.6586"," 1.2102"," 0.6717"," 0.7116"," 0.6775"," 0.8324"," 0.7383"," 0.6672"," 0.7487","0"
"Tests/Unit/crash/Assume1.hs"," 0.6480"," 0.6413"," 1.1221"," 0.6756"," 0.6490"," 0.6974"," 0.9750"," 0.7535"," 0.6713"," 0.7989","0"
"Tests/Unit/crash/Ast.hs"," 0.6450"," 0.6713"," 1.3230"," 0.7273"," 0.7996"," 0.6839"," 1.1895"," 0.8089"," 0.6663"," 1.0033","0"
"Tests/Unit/crash/BadExprArg.hs"," 0.6738"," 0.6222"," 1.4544"," 0.6558"," 0.7629"," 0.6524"," 0.7167"," 0.8105"," 0.6525"," 0.6804","0"
"Tests/Unit/crash/BadPragma0.hs"," 0.4372"," 0.4091"," 1.2226"," 0.4085"," 0.5428"," 0.4210"," 0.4459"," 0.5812"," 0.3748"," 0.5079","0"
"Tests/Unit/crash/BadPragma1.hs"," 0.4290"," 0.3906"," 0.4487"," 0.4040"," 0.5240"," 0.4210"," 0.4488"," 0.4554"," 0.4259"," 0.3995","0"
"Tests/Unit/crash/BadPragma2.hs"," 0.5326"," 0.4014"," 0.4787"," 0.4284"," 0.4131"," 0.4173"," 0.6152"," 0.4707"," 0.3973"," 0.4122","0"
"Tests/Unit/crash/BadSyn1.hs"," 0.7469"," 0.6245"," 1.3164"," 0.6761"," 0.6325"," 0.6505"," 0.9570"," 0.7387"," 0.6607"," 0.6645","0"
"Tests/Unit/crash/BadSyn2.hs"," 0.7521"," 0.6572"," 0.7664"," 0.6354"," 0.6321"," 0.6602"," 0.6531"," 0.7574"," 0.6081"," 0.6649","0"
"Tests/Unit/crash/BadSyn3.hs"," 0.7491"," 0.7179"," 1.2559"," 0.6741"," 0.7608"," 0.6506"," 0.9827"," 0.6783"," 0.6377"," 0.6670","0"
"Tests/Unit/crash/BadSyn4.hs"," 0.6947"," 0.6656"," 0.7180"," 0.6828"," 0.7694"," 0.6931"," 0.8336"," 0.6422"," 0.6038"," 0.6550","0"
"Tests/Unit/crash/CyclicExprAlias0.hs"," 0.6765"," 0.6489"," 0.6305"," 0.5999"," 0.7894"," 0.6162"," 0.8335"," 0.6429"," 0.5976"," 0.5922","0"
"Tests/Unit/crash/CyclicExprAlias1.hs"," 0.6786"," 0.6539"," 0.7307"," 0.6142"," 0.6529"," 0.5964"," 0.7641"," 0.6643"," 0.5825"," 0.6161","0"
"Tests/Unit/crash/CyclicExprAlias2.hs"," 1.0873"," 0.7327"," 0.8597"," 0.5945"," 0.5718"," 0.6181"," 1.1915"," 0.7486"," 0.5586"," 0.5982","0"
"Tests/Unit/crash/CyclicExprAlias3.hs"," 0.7793"," 0.6232"," 0.6297"," 0.6237"," 0.5864"," 0.6502"," 0.9701"," 0.7959"," 0.5543"," 0.5872","0"
"Tests/Unit/crash/CyclicPredAlias0.hs"," 0.7960"," 0.5819"," 0.5965"," 0.5898"," 0.6142"," 0.6200"," 1.2015"," 0.7027"," 0.5476"," 0.6655","0"
"Tests/Unit/crash/CyclicPredAlias1.hs"," 0.7348"," 0.5557"," 0.6257"," 0.5887"," 0.6789"," 0.6097"," 0.7896"," 0.7576"," 0.5460"," 0.6535","0"
"Tests/Unit/crash/CyclicPredAlias2.hs"," 0.7541"," 0.5530"," 0.5940"," 0.5909"," 0.7136"," 0.5955"," 0.7404"," 0.6369"," 0.5424"," 0.6990","0"
"Tests/Unit/crash/CyclicPredAlias3.hs"," 0.8464"," 0.5518"," 0.6203"," 0.6241"," 0.8213"," 0.6263"," 1.2318"," 0.6807"," 0.5453"," 0.8273","0"
"Tests/Unit/crash/CyclicTypeAlias0.hs"," 1.0479"," 0.5521"," 0.6001"," 0.5928"," 0.6225"," 0.5891"," 0.7283"," 0.7573"," 0.5473"," 0.6124","0"
"Tests/Unit/crash/CyclicTypeAlias1.hs"," 0.7167"," 0.5536"," 0.6421"," 0.5925"," 0.6988"," 0.6010"," 0.8366"," 0.7116"," 0.5484"," 0.5867","0"
"Tests/Unit/crash/CyclicTypeAlias2.hs"," 0.7062"," 0.5677"," 0.5960"," 0.5826"," 0.7180"," 0.6042"," 0.8117"," 0.6615"," 0.5498"," 0.7222","0"
"Tests/Unit/crash/CyclicTypeAlias3.hs"," 1.0978"," 0.5742"," 0.5901"," 0.5914"," 0.7917"," 0.6513"," 0.8747"," 0.5932"," 0.5384"," 0.7142","0"
"Tests/Unit/crash/FunRef1.hs"," 0.7760"," 0.6650"," 0.6774"," 0.7108"," 0.6394"," 0.7130"," 0.6343"," 0.7816"," 0.6739"," 0.7682","0"
"Tests/Unit/crash/FunRef2.hs"," 0.8638"," 0.7062"," 0.7149"," 0.6735"," 0.7647"," 0.7210"," 0.6186"," 0.7704"," 0.6776"," 0.9694","0"
"Tests/Unit/crash/HaskellMeasure.hs"," 0.7689"," 0.5992"," 0.6144"," 0.6503"," 0.7333"," 0.6339"," 0.5648"," 0.7524"," 0.6148"," 0.6426","0"
"Tests/Unit/crash/HigherOrder.hs"," 0.7505"," 0.6325"," 0.7770"," 0.7091"," 0.9137"," 0.6977"," 0.6166"," 0.6863"," 0.6928"," 0.7304","0"
"Tests/Unit/crash/LocalHole.hs"," 0.6973"," 0.7834"," 0.7755"," 0.6704"," 0.7083"," 0.7017"," 0.6063"," 0.7135"," 0.6354"," 0.7324","0"
"Tests/Unit/crash/LocalTermExpr.hs"," 0.6567"," 0.7096"," 0.6087"," 0.6640"," 0.8762"," 0.7106"," 0.6309"," 0.7157"," 0.6173"," 0.7170","0"
"Tests/Unit/crash/Mismatch.hs"," 0.6768"," 0.8226"," 1.0211"," 0.6747"," 0.7817"," 0.7000"," 0.6295"," 0.7389"," 0.6258"," 0.6818","0"
"Tests/Unit/crash/Qualif.hs"," 0.8647"," 0.8019"," 0.6412"," 0.6932"," 0.8772"," 0.7257"," 0.6326"," 0.6641"," 0.6439"," 0.7575","0"
"Tests/Unit/crash/RClass.hs"," 0.8879"," 0.6775"," 0.6340"," 0.7009"," 0.7580"," 0.7413"," 0.6283"," 0.7309"," 0.6338"," 0.8235","0"
"Tests/Unit/crash/T649.hs"," 0.7668"," 0.7219"," 0.6444"," 0.7075"," 0.8123"," 0.7179"," 0.6596"," 0.8127"," 0.6902"," 0.7027","0"
"Tests/Unit/crash/T691.hs"," 0.5127"," 0.4783"," 0.3732"," 0.4029"," 0.4877"," 0.4206"," 0.3737"," 0.4660"," 0.3905"," 0.4198","0"
"Tests/Unit/crash/Unbound.hs"," 1.1495"," 0.6435"," 0.6245"," 0.6876"," 0.7209"," 0.7518"," 0.6201"," 0.8073"," 0.6237"," 0.8204","0"
"Tests/Unit/crash/errmsg-dc-num.hs"," 0.8957"," 0.6632"," 0.6758"," 0.6879"," 0.6621"," 0.7244"," 0.8162"," 0.6608"," 0.6192"," 1.0573","0"
"Tests/Unit/crash/errmsg-dc-type.hs"," 0.7209"," 0.7070"," 0.6626"," 0.6974"," 0.6364"," 0.7066"," 1.0102"," 0.7991"," 0.7075"," 0.6749","0"
"Tests/Unit/crash/errmsg-mismatch.hs"," 0.7514"," 0.7097"," 0.7345"," 0.6856"," 0.6485"," 0.6950"," 0.8222"," 0.8587"," 0.6540"," 0.6997","0"
"Tests/Unit/crash/funref.hs"," 0.7478"," 0.6421"," 0.6733"," 0.6533"," 0.6262"," 0.6724"," 0.7023"," 0.7599"," 0.6563"," 0.8191","0"
"Tests/Unit/crash/hole-crash1.hs"," 0.7001"," 0.6378"," 0.7064"," 0.6755"," 0.8335"," 0.7364"," 0.6237"," 0.7733"," 0.8545"," 0.7057","0"
"Tests/Unit/crash/hole-crash2.hs"," 0.6245"," 0.6067"," 0.6317"," 0.6230"," 0.6236"," 0.6275"," 0.5564"," 0.7682"," 0.7016"," 0.6555","0"
"Tests/Unit/crash/hole-crash3.hs"," 0.7210"," 0.6504"," 0.6981"," 0.6835"," 0.6487"," 0.7211"," 0.6041"," 0.7733"," 0.7049"," 0.7103","0"
"Tests/Unit/crash/issue594.hs"," 0.7554"," 0.6847"," 0.8368"," 0.7022"," 0.6916"," 0.7003"," 0.6049"," 0.6773"," 0.7450"," 0.7036","0"
"Tests/Unit/crash/num-float-error.hs"," 0.8441"," 0.6647"," 0.6325"," 0.6760"," 0.8064"," 0.7177"," 0.6407"," 0.8573"," 0.6772"," 0.7365","0"
"Tests/Unit/crash/num-float-error1.hs"," 1.1070"," 0.7075"," 0.6272"," 0.7100"," 0.8177"," 0.7005"," 0.6141"," 0.8459"," 0.6689"," 0.7962","0"
"Tests/Unit/crash/predparams.hs"," 0.8610"," 0.7482"," 0.5944"," 0.6294"," 1.0935"," 0.7028"," 0.5884"," 0.6578"," 0.6215"," 0.7954","0"
"Tests/Unit/crash/typeAliasDup.hs"," 0.9024"," 0.7548"," 0.6967"," 0.7424"," 0.9865"," 0.7877"," 0.7059"," 0.8713"," 0.7098"," 0.8216","0"
"Tests/Unit/eq_neg/Fibonacci.hs"," 0.8439"," 0.8253"," 0.8573"," 0.7784"," 0.8438"," 0.7616"," 0.7990"," 0.8071"," 1.0075"," 0.9613","0"
"Tests/Unit/eq_pos/AppendAxiom.hs"," 1.1390"," 1.1283"," 1.1834"," 1.3580"," 1.1703"," 1.0953"," 1.0107"," 1.1336"," 1.0934"," 1.5186","0"
"Tests/Unit/eq_pos/Arrow.hs"," 1.0195"," 0.7164"," 0.6797"," 0.7502"," 1.0312"," 0.7123"," 0.7500"," 0.8844"," 0.8344"," 0.7265","0"
"Tests/Unit/eq_pos/MapAppend.hs"," 0.0001"," 0.0001"," 0.0000"," 0.0001"," 0.0001"," 0.0001"," 0.0002"," 0.0001"," 0.0001"," 0.0001","0"
"Tests/Unit/eq_pos/MonadicLawsMaybeAssoc.hs"," 1.1978"," 1.2049"," 1.7275"," 1.2142"," 1.4419"," 1.2213"," 1.4269"," 1.5843"," 1.2263"," 1.1620","0"
"Tests/Unit/error/crash/TerminationExpr.hs"," 0.6456"," 0.6792"," 0.9116"," 0.6742"," 0.8579"," 0.6925"," 0.9687"," 1.0361"," 0.7218"," 0.6609","0"
"Tests/Unit/error/crash/TerminationExpr1.hs"," 0.6623"," 0.6742"," 0.9118"," 0.6718"," 0.7126"," 0.6814"," 0.7879"," 0.7922"," 0.7327"," 0.6868","0"
"Tests/Unit/neg/AbsApp.hs"," 0.9504"," 0.7044"," 0.6612"," 0.7526"," 0.8328"," 1.0134"," 0.6730"," 0.8301"," 0.7025"," 0.9370","0"
"Tests/Unit/neg/Ast.hs"," 0.7634"," 0.8172"," 0.7591"," 0.7966"," 0.7721"," 0.9562"," 0.6822"," 0.7282"," 0.7244"," 0.8802","0"
"Tests/Unit/neg/AutoSize.hs"," 0.7963"," 0.8337"," 0.9464"," 0.7338"," 0.8369"," 0.7793"," 0.6768"," 0.7712"," 0.7180"," 1.0110","0"
"Tests/Unit/neg/AutoTerm.hs"," 0.8359"," 0.9930"," 0.8446"," 0.7543"," 1.0021"," 0.9382"," 0.6660"," 0.8736"," 0.7039"," 0.8591","0"
"Tests/Unit/neg/AutoTerm1.hs"," 0.9798"," 0.7041"," 0.8819"," 0.7609"," 1.1139"," 0.7421"," 0.6689"," 0.8656"," 0.7100"," 0.8749","0"
"Tests/Unit/neg/BadHMeas.hs"," 0.7997"," 0.6933"," 0.6695"," 0.7295"," 0.9724"," 0.8452"," 0.6836"," 0.7173"," 0.7190"," 0.8304","0"
"Tests/Unit/neg/BadNats.hs"," 0.8282"," 0.6993"," 0.6633"," 0.7295"," 1.0495"," 1.0178"," 0.6581"," 0.7494"," 0.6581"," 0.8565","0"
"Tests/Unit/neg/Baz.hs"," 0.8725"," 0.6876"," 0.6687"," 0.7452"," 0.8400"," 0.7816"," 0.6816"," 0.8291"," 0.6733"," 0.7460","0"
"Tests/Unit/neg/BigNum.hs"," 1.0102"," 0.6784"," 0.6650"," 0.7421"," 0.7041"," 0.7670"," 0.6657"," 0.8533"," 0.6698"," 0.7495","0"
"Tests/Unit/neg/Books.hs"," 0.8433"," 0.7467"," 0.7354"," 0.8039"," 0.7681"," 0.8801"," 0.8291"," 0.9186"," 0.7426"," 0.8482","0"
"Tests/Unit/neg/CastedTotality.hs"," 0.8541"," 0.7462"," 0.7373"," 0.7967"," 0.7787"," 0.8218"," 0.7324"," 0.9053"," 0.7232"," 0.7938","0"
"Tests/Unit/neg/Class1.hs"," 1.0146"," 0.8743"," 0.8551"," 0.9162"," 1.0025"," 0.9667"," 0.8944"," 1.0802"," 0.8387"," 0.9503","0"
"Tests/Unit/neg/Class2.hs"," 0.7880"," 0.7441"," 0.7440"," 0.8157"," 0.9948"," 0.9524"," 0.7379"," 0.9376"," 0.7439"," 0.8139","0"
"Tests/Unit/neg/Class3.hs"," 0.7973"," 0.7479"," 0.7208"," 0.8067"," 1.0288"," 0.8734"," 0.7220"," 0.8282"," 0.7293"," 0.9012","0"
"Tests/Unit/neg/Class4.hs"," 0.8067"," 0.7301"," 0.7218"," 0.8129"," 0.7624"," 0.7797"," 0.7098"," 0.8091"," 0.7192"," 1.0893","0"
"Tests/Unit/neg/Class5.hs"," 0.7138"," 0.7341"," 0.6563"," 0.7348"," 0.6900"," 0.7295"," 0.6621"," 0.7405"," 0.6847"," 1.0696","0"
"Tests/Unit/neg/Client.hs"," 0.7646"," 0.7162"," 0.6608"," 0.7491"," 0.6981"," 0.7590"," 0.6691"," 0.7536"," 0.6717"," 1.4837","0"
"Tests/Unit/neg/CompareConstraints.hs"," 1.0126"," 1.0077"," 0.9248"," 1.0081"," 0.9481"," 1.0904"," 0.9351"," 1.1976"," 0.9961"," 1.0670","0"
"Tests/Unit/neg/Constraints.hs"," 0.8262"," 0.7212"," 0.6959"," 0.7606"," 1.0533"," 0.8297"," 0.7136"," 0.9077"," 0.7037"," 0.7822","0"
"Tests/Unit/neg/ConstraintsAppend.hs"," 1.3267"," 1.2149"," 1.1936"," 1.4170"," 1.7966"," 1.3039"," 1.2235"," 1.5946"," 1.2202"," 1.4070","0"
"Tests/Unit/neg/Eval.hs"," 0.9624"," 0.8353"," 0.8215"," 0.8989"," 0.9339"," 0.8964"," 1.1814"," 0.9108"," 0.8998"," 0.9173","0"
"Tests/Unit/neg/Even.hs"," 0.8601"," 0.6889"," 0.6859"," 0.7583"," 0.8889"," 0.7562"," 0.7627"," 0.8055"," 0.7362"," 0.7814","0"
"Tests/Unit/neg/FunSoundness.hs"," 0.8648"," 0.7357"," 0.6572"," 0.7093"," 0.8315"," 0.7931"," 0.7727"," 0.7312"," 0.7482"," 0.7193","0"
"Tests/Unit/neg/FunctionRef.hs"," 0.7880"," 0.7587"," 0.6711"," 0.7675"," 0.9818"," 0.7690"," 0.7430"," 0.7851"," 0.7111"," 0.8670","0"
"Tests/Unit/neg/GADTs.hs"," 0.7236"," 0.6913"," 0.6722"," 0.7319"," 0.8694"," 0.7755"," 1.1017"," 0.7679"," 0.7248"," 0.7401","0"
"Tests/Unit/neg/GeneralizedTermination.hs"," 0.8192"," 0.7305"," 0.7492"," 0.8178"," 0.9889"," 0.8767"," 0.9653"," 0.8112"," 0.7922"," 0.7858","0"
"Tests/Unit/neg/Gradual.hs"," 0.7838"," 0.7209"," 0.6902"," 0.7311"," 0.7262"," 1.0266"," 0.8412"," 0.7790"," 0.7083"," 0.7833","0"
"Tests/Unit/neg/HasElem.hs"," 0.7663"," 0.8126"," 0.7047"," 0.7795"," 1.0699"," 0.8182"," 0.8122"," 0.8293"," 0.8048"," 0.7881","0"
"Tests/Unit/neg/HigherOrder.hs"," 0.7462"," 0.7385"," 0.6575"," 0.7552"," 0.8554"," 0.7278"," 0.7858"," 0.7266"," 0.7526"," 0.7536","0"
"Tests/Unit/neg/HolesTop.hs"," 0.7930"," 0.7770"," 0.7030"," 0.7733"," 1.0223"," 0.7880"," 0.9513"," 0.7726"," 0.8191"," 0.7769","0"
"Tests/Unit/neg/LazyWhere.hs"," 0.7746"," 0.7903"," 0.7098"," 0.8025"," 0.8691"," 0.8069"," 0.8164"," 0.7974"," 0.8087"," 0.7987","0"
"Tests/Unit/neg/LazyWhere1.hs"," 0.7971"," 0.8354"," 0.7283"," 0.8212"," 0.9467"," 0.8184"," 0.8562"," 0.7828"," 0.8387"," 0.8105","0"
"Tests/Unit/neg/LiquidClass.hs"," 0.7482"," 1.0314"," 0.6891"," 0.7819"," 0.9787"," 0.7460"," 0.8315"," 0.7555"," 0.8973"," 0.7651","0"
"Tests/Unit/neg/LiquidClass1.hs"," 0.7444"," 0.8766"," 0.6768"," 0.7389"," 0.7202"," 0.7981"," 0.8339"," 0.7806"," 1.0925"," 0.7368","0"
"Tests/Unit/neg/ListConcat.hs"," 0.8650"," 0.7774"," 0.7260"," 0.8030"," 0.8701"," 0.7922"," 1.0070"," 0.7603"," 1.3954"," 0.7966","0"
"Tests/Unit/neg/ListElem.hs"," 0.8409"," 0.7721"," 0.7125"," 0.7785"," 0.9867"," 0.8417"," 0.8294"," 0.8121"," 0.7931"," 0.7853","0"
"Tests/Unit/neg/ListISort-LType.hs"," 1.0228"," 0.9523"," 0.8405"," 0.9191"," 0.9915"," 0.9318"," 0.9540"," 0.9415"," 0.9326"," 0.9284","0"
"Tests/Unit/neg/ListISort.hs"," 1.3946"," 1.2296"," 1.1129"," 1.2224"," 1.4098"," 1.2384"," 1.2776"," 1.3501"," 1.2383"," 1.2473","0"
"Tests/Unit/neg/ListKeys.hs"," 0.8568"," 0.7858"," 0.6963"," 0.7613"," 1.0464"," 0.7881"," 0.7801"," 0.9907"," 0.7803"," 0.7553","0"
"Tests/Unit/neg/ListMSort.hs"," 2.3846"," 1.5958"," 1.4806"," 1.6023"," 1.7604"," 1.6886"," 1.9067"," 1.7368"," 1.6463"," 1.6557","0"
"Tests/Unit/neg/ListQSort.hs"," 1.8528"," 1.1760"," 1.0632"," 1.1721"," 1.7432"," 1.1986"," 1.4522"," 1.2197"," 1.2603"," 1.1839","0"
"Tests/Unit/neg/ListRange.hs"," 1.4750"," 0.8304"," 0.7696"," 0.8840"," 1.6441"," 0.8477"," 0.8614"," 0.8565"," 0.9459"," 0.8562","0"
"Tests/Unit/neg/LocalSpec.hs"," 0.9348"," 0.7878"," 0.7126"," 0.7974"," 0.9666"," 0.8101"," 0.8516"," 0.8193"," 0.7941"," 0.7971","0"
"Tests/Unit/neg/MeasureContains.hs"," 0.8958"," 0.8922"," 0.7248"," 0.9083"," 0.9663"," 0.8090"," 0.8658"," 0.8282"," 1.0863"," 0.8593","0"
"Tests/Unit/neg/MeasureDups.hs"," 0.9022"," 0.8971"," 0.7431"," 0.8518"," 1.0347"," 0.8364"," 1.1115"," 0.8645"," 0.8382"," 0.9681","0"
"Tests/Unit/neg/MergeSort.hs"," 1.7844"," 1.2266"," 1.1288"," 1.2661"," 1.6269"," 1.2605"," 2.0225"," 1.3268"," 1.3213"," 1.3484","0"
"Tests/Unit/neg/MultiParamTypeClasses.hs"," 0.7380"," 0.7535"," 0.6847"," 0.7351"," 1.6708"," 0.8023"," 1.2348"," 0.7690"," 0.7552"," 1.2254","0"
"Tests/Unit/neg/MultipleInvariants.hs"," 0.7443"," 0.7757"," 0.6811"," 0.7719"," 0.7929"," 0.8153"," 0.8385"," 0.8077"," 0.7961"," 1.0933","0"
"Tests/Unit/neg/NoExhaustiveGuardsError.hs"," 0.7323"," 0.7492"," 0.6842"," 0.7726"," 0.9528"," 0.8459"," 0.8030"," 0.8010"," 0.7492"," 0.8948","0"
"Tests/Unit/neg/NoMethodBindingError.hs"," 0.7401"," 0.7348"," 0.6585"," 0.7400"," 0.7947"," 0.7456"," 1.2399"," 0.8039"," 0.7485"," 0.7350","0"
"Tests/Unit/neg/PairMeasure.hs"," 0.7595"," 0.7564"," 0.6778"," 0.7639"," 0.7200"," 0.9859"," 1.0249"," 0.8109"," 0.9075"," 0.7386","0"
"Tests/Unit/neg/Propability.hs"," 0.8831"," 0.8731"," 0.7911"," 0.8964"," 1.2881"," 1.0164"," 0.8695"," 0.9810"," 1.5324"," 0.8578","0"
"Tests/Unit/neg/QQTySyn1.hs"," 3.0271"," 3.2057"," 2.8306"," 3.2288"," 3.7703"," 3.4905"," 2.9167"," 3.4352"," 3.2216"," 3.4551","0"
"Tests/Unit/neg/RG.hs"," 0.9846"," 1.0609"," 0.9284"," 1.0303"," 1.2057"," 1.0019"," 0.9288"," 1.0055"," 1.3992"," 0.9466","0"
"Tests/Unit/neg/RecQSort.hs"," 0.9336"," 1.0058"," 0.8716"," 0.9282"," 1.1739"," 0.9202"," 0.8618"," 1.0095"," 1.3663"," 1.0874","0"
"Tests/Unit/neg/RecSelector.hs"," 0.7398"," 0.7873"," 0.6814"," 0.7397"," 0.7675"," 0.7624"," 0.6856"," 0.7268"," 1.1175"," 0.8508","0"
"Tests/Unit/neg/StateConstraints00.hs"," 0.7578"," 1.0125"," 0.6798"," 0.7945"," 1.0552"," 0.7534"," 0.7872"," 0.7889"," 0.7406"," 0.7545","0"
"Tests/Unit/neg/Strata.hs"," 0.7539"," 0.8972"," 0.6799"," 0.7853"," 0.9186"," 0.7655"," 0.7901"," 0.7618"," 0.7347"," 0.7420","0"
"Tests/Unit/neg/StreamInvariants.hs"," 0.7218"," 0.8744"," 0.6662"," 0.7224"," 1.0589"," 0.7926"," 1.3063"," 0.7925"," 0.7069"," 0.7429","0"
"Tests/Unit/neg/StrictPair0.hs"," 0.7405"," 0.8952"," 0.6750"," 0.7466"," 1.5158"," 0.7586"," 0.8209"," 0.7801"," 0.7510"," 0.7089","0"
"Tests/Unit/neg/StrictPair1.hs"," 0.9754"," 1.2294"," 0.9018"," 0.9985"," 0.9943"," 1.0653"," 0.9749"," 0.9931"," 0.9561"," 0.9966","0"
"Tests/Unit/neg/Strings.hs"," 0.7336"," 0.7599"," 0.6518"," 0.7679"," 1.0585"," 0.7369"," 1.1939"," 0.7732"," 0.7173"," 0.7890","0"
"Tests/Unit/neg/Sum.hs"," 0.7959"," 0.8305"," 0.7115"," 0.8355"," 1.0390"," 0.8856"," 1.0983"," 0.8262"," 0.7712"," 0.8499","0"
"Tests/Unit/neg/T602.hs"," 0.7392"," 0.7531"," 0.6739"," 0.7361"," 0.9267"," 0.8684"," 0.7489"," 0.7849"," 0.7299"," 0.7248","0"
"Tests/Unit/neg/T743-mini.hs"," 0.7993"," 0.7958"," 0.7040"," 0.7745"," 0.9016"," 0.7466"," 1.1451"," 0.7996"," 0.7555"," 0.7725","0"
"Tests/Unit/neg/T743.hs"," 0.8017"," 0.9449"," 0.7330"," 0.8265"," 0.8105"," 0.8105"," 0.8104"," 0.8395"," 0.7839"," 0.8174","0"
"Tests/Unit/neg/T745.hs"," 0.7282"," 0.8139"," 0.6582"," 0.7300"," 0.8839"," 0.7525"," 0.7192"," 0.7295"," 0.7228"," 0.7382","0"
"Tests/Unit/neg/TermReal.hs"," 0.7379"," 0.8577"," 0.6652"," 0.7677"," 0.6928"," 0.8119"," 1.5623"," 0.7559"," 0.7365"," 0.7561","0"
"Tests/Unit/neg/TerminationNum.hs"," 0.7270"," 0.8045"," 0.6710"," 0.7672"," 1.0079"," 0.7845"," 1.0064"," 0.7748"," 0.7645"," 0.7547","0"
"Tests/Unit/neg/TerminationNum0.hs"," 0.7479"," 0.8506"," 0.7009"," 0.7654"," 0.9393"," 0.8722"," 0.8568"," 0.8372"," 0.8253"," 0.7644","0"
"Tests/Unit/neg/TopLevel.hs"," 0.7761"," 0.8140"," 0.7204"," 0.7733"," 0.7951"," 0.8314"," 1.6548"," 0.7849"," 0.8779"," 0.8001","0"
"Tests/Unit/neg/Variance.hs"," 0.7253"," 0.7958"," 0.6814"," 0.7679"," 0.8414"," 0.7298"," 1.2280"," 0.7603"," 0.8069"," 0.7699","0"
"Tests/Unit/neg/Variance1.hs"," 0.7766"," 0.7638"," 0.6759"," 0.7539"," 0.9841"," 0.7383"," 1.1436"," 0.7683"," 0.8051"," 0.7344","0"
"Tests/Unit/neg/alias00.hs"," 0.9774"," 0.7221"," 0.6884"," 0.7569"," 0.8503"," 0.7845"," 0.6808"," 0.8001"," 0.7680"," 0.8090","0"
"Tests/Unit/neg/ass0.hs"," 0.7464"," 0.7420"," 0.6647"," 0.7582"," 0.9962"," 0.8251"," 0.6570"," 0.7173"," 0.7005"," 0.7212","0"
"Tests/Unit/neg/concat.hs"," 0.9867"," 0.9292"," 0.8960"," 0.9897"," 0.9271"," 1.0342"," 0.8929"," 1.1170"," 0.8767"," 1.0291","0"
"Tests/Unit/neg/concat1.hs"," 1.0562"," 1.0318"," 0.9354"," 1.1774"," 1.0174"," 1.1720"," 0.9420"," 1.2212"," 0.9316"," 1.0776","0"
"Tests/Unit/neg/concat2.hs"," 1.0997"," 1.0531"," 0.9835"," 1.2913"," 1.3855"," 1.2041"," 1.0113"," 1.3638"," 0.9981"," 1.1895","0"
"Tests/Unit/neg/contra0.hs"," 0.8621"," 0.7812"," 0.7501"," 0.8494"," 0.8368"," 0.9135"," 0.7427"," 0.8746"," 0.7509"," 0.8426","0"
"Tests/Unit/neg/coretologic.hs"," 0.8410"," 0.7209"," 0.7120"," 0.7919"," 0.7721"," 0.9394"," 0.7225"," 0.9129"," 0.8022"," 0.8158","0"
"Tests/Unit/neg/csv.hs"," 1.4301"," 1.3327"," 1.2914"," 1.3626"," 1.4219"," 1.4987"," 1.2592"," 1.8067"," 1.6291"," 1.4952","0"
"Tests/Unit/neg/datacon-eq.hs"," 0.7368"," 0.7843"," 0.6675"," 0.7545"," 0.7030"," 0.7745"," 0.6804"," 0.8531"," 0.7868"," 0.7631","0"
"Tests/Unit/neg/deppair0.hs"," 0.8401"," 0.9704"," 0.7573"," 0.8644"," 0.8194"," 0.9077"," 0.7674"," 1.0508"," 0.8989"," 0.8336","0"
"Tests/Unit/neg/deptupW.hs"," 0.8691"," 1.0616"," 0.7806"," 0.9586"," 0.8072"," 0.8512"," 0.8643"," 0.9661"," 0.8430"," 0.8691","0"
"Tests/Unit/neg/elim-ex-compose.hs"," 0.9967"," 0.8268"," 0.7986"," 0.9134"," 0.8535"," 0.9081"," 1.0765"," 1.0401"," 0.8330"," 0.8982","0"
"Tests/Unit/neg/elim-ex-list.hs"," 3.7129"," 2.9759"," 2.7612"," 3.0581"," 2.9102"," 3.3455"," 3.6556"," 3.6322"," 3.2582"," 3.0050","0"
"Tests/Unit/neg/elim000.hs"," 0.7967"," 0.6995"," 0.6822"," 0.7869"," 1.0870"," 0.9045"," 0.7642"," 0.8206"," 0.8713"," 0.8756","0"
"Tests/Unit/neg/errmsg.hs"," 0.8457"," 0.7472"," 0.7325"," 0.8085"," 0.9264"," 0.7375"," 0.9987"," 0.8574"," 0.8085"," 0.8172","0"
"Tests/Unit/neg/errorloc.hs"," 0.8050"," 0.7353"," 0.7203"," 0.7972"," 1.0598"," 0.8120"," 0.7932"," 0.8130"," 0.7944"," 0.8089","0"
"Tests/Unit/neg/ex0-unsafe.hs"," 0.8516"," 0.7864"," 0.7575"," 0.8623"," 1.1184"," 0.8484"," 0.9102"," 0.8588"," 0.8295"," 1.0425","0"
"Tests/Unit/neg/ex1-unsafe.hs"," 0.8612"," 0.7837"," 0.7850"," 0.8781"," 0.8111"," 0.8448"," 1.1400"," 0.8633"," 0.8275"," 0.8453","0"
"Tests/Unit/neg/filterAbs.hs"," 0.9095"," 0.8600"," 0.8600"," 1.0536"," 0.8917"," 1.1772"," 1.0526"," 0.9298"," 0.8705"," 0.9326","0"
"Tests/Unit/neg/foldN.hs"," 0.8363"," 0.7485"," 0.7044"," 0.8204"," 0.7832"," 0.7348"," 1.0017"," 0.7902"," 0.7564"," 0.7889","0"
"Tests/Unit/neg/foldN1.hs"," 0.7909"," 0.7538"," 0.7121"," 0.8256"," 0.9268"," 0.7471"," 0.7787"," 0.8585"," 0.7853"," 0.8190","0"
"Tests/Unit/neg/grty0.hs"," 0.7632"," 0.7708"," 0.6613"," 0.7288"," 0.7803"," 0.7547"," 0.8632"," 0.7848"," 0.7146"," 0.7184","0"
"Tests/Unit/neg/grty1.hs"," 0.8309"," 0.8680"," 0.7471"," 0.8295"," 0.8869"," 0.8958"," 0.8922"," 0.8653"," 0.8322"," 0.8354","0"
"Tests/Unit/neg/grty2.hs"," 0.8493"," 0.8308"," 0.7434"," 0.8008"," 0.9933"," 0.8193"," 0.8417"," 0.8221"," 0.8473"," 0.8184","0"
"Tests/Unit/neg/grty3.hs"," 0.7790"," 0.7619"," 0.6629"," 0.7314"," 0.9031"," 0.7781"," 0.7602"," 0.8280"," 0.8686"," 0.7415","0"
"Tests/Unit/neg/inc2.hs"," 0.7309"," 0.7352"," 0.6739"," 0.7261"," 0.8727"," 0.7326"," 0.7134"," 0.7710"," 0.8653"," 0.7495","0"
"Tests/Unit/neg/list00.hs"," 0.8272"," 0.8671"," 0.7249"," 0.8410"," 0.7836"," 0.8068"," 1.2937"," 0.8154"," 1.0675"," 0.7952","0"
"Tests/Unit/neg/listne.hs"," 0.9204"," 0.7223"," 0.6641"," 0.7329"," 1.3512"," 0.7664"," 0.8159"," 0.7611"," 0.7191"," 0.7386","0"
"Tests/Unit/neg/lit.hs"," 0.8358"," 0.7477"," 0.6712"," 0.7435"," 0.8218"," 0.7736"," 0.7581"," 0.7511"," 0.7351"," 0.7355","0"
"Tests/Unit/neg/mapreduce-tiny.hs"," 0.9319"," 0.8970"," 0.7323"," 0.8093"," 0.9956"," 0.8333"," 0.7810"," 0.9236"," 0.8125"," 0.9199","0"
"Tests/Unit/neg/maps.hs"," 0.8408"," 0.8630"," 0.7643"," 0.9239"," 0.8737"," 0.8190"," 1.5444"," 0.8902"," 0.8678"," 0.9307","0"
"Tests/Unit/neg/meas0.hs"," 0.8170"," 0.8237"," 0.7399"," 0.8281"," 0.8350"," 0.8403"," 1.2751"," 0.8141"," 0.8502"," 1.1593","0"
"Tests/Unit/neg/meas2.hs"," 0.7928"," 0.8034"," 0.7305"," 0.8013"," 0.9240"," 0.8231"," 1.3683"," 0.8128"," 0.8498"," 0.8231","0"
"Tests/Unit/neg/meas3.hs"," 0.8230"," 0.7857"," 0.7631"," 0.8322"," 1.0258"," 0.8452"," 0.8677"," 0.8915"," 0.9259"," 0.8905","0"
"Tests/Unit/neg/meas5.hs"," 1.2680"," 1.2604"," 1.1612"," 1.2968"," 1.7765"," 1.3399"," 1.2652"," 1.2815"," 1.3811"," 1.3076","0"
"Tests/Unit/neg/meas7.hs"," 0.8099"," 0.7911"," 0.6908"," 0.7563"," 1.1195"," 0.8151"," 0.8108"," 0.7736"," 0.9297"," 1.1957","0"
"Tests/Unit/neg/monad3.hs"," 0.9657"," 0.8616"," 0.7990"," 0.9001"," 0.9028"," 0.9635"," 1.4434"," 0.9352"," 0.9879"," 1.0453","0"
"Tests/Unit/neg/monad4.hs"," 0.9292"," 0.8936"," 0.8082"," 0.8745"," 1.0257"," 0.9080"," 1.1725"," 0.9566"," 0.9169"," 1.0929","0"
"Tests/Unit/neg/monad5.hs"," 0.8673"," 0.8531"," 0.7700"," 0.8583"," 1.1223"," 0.8705"," 1.0679"," 1.0248"," 0.9217"," 0.9501","0"
"Tests/Unit/neg/monad6.hs"," 1.0186"," 0.8116"," 0.7377"," 0.9400"," 0.8340"," 0.8944"," 1.0979"," 1.3133"," 0.8403"," 1.1890","0"
"Tests/Unit/neg/monad7.hs"," 0.9545"," 0.9740"," 0.8656"," 1.0590"," 1.1340"," 1.1220"," 1.3017"," 1.0696"," 0.9845"," 0.9877","0"
"Tests/Unit/neg/mr00.hs"," 0.8720"," 0.8660"," 0.8216"," 0.8652"," 1.0415"," 1.2159"," 1.2184"," 0.8948"," 0.9148"," 0.9075","0"
"Tests/Unit/neg/multi-pred-app-00.hs"," 0.7142"," 0.7327"," 0.6806"," 0.7438"," 1.1424"," 0.7426"," 1.3504"," 0.7130"," 0.7782"," 1.0029","0"
"Tests/Unit/neg/nestedRecursion.hs"," 0.7405"," 0.7580"," 0.6963"," 0.7533"," 0.8670"," 0.7634"," 0.8573"," 0.7809"," 0.7680"," 1.1344","0"
"Tests/Unit/neg/pair.hs"," 1.4217"," 1.4244"," 1.3047"," 1.4379"," 1.4441"," 1.5878"," 1.6278"," 1.5550"," 1.4526"," 1.4187","0"
"Tests/Unit/neg/pargs.hs"," 0.7111"," 0.7255"," 0.6585"," 0.7542"," 0.7139"," 0.8528"," 0.7248"," 0.7359"," 0.7453"," 0.7411","0"
"Tests/Unit/neg/pargs1.hs"," 0.7202"," 0.7637"," 0.6637"," 0.7295"," 0.6964"," 0.9473"," 0.7056"," 0.7447"," 0.7437"," 0.8144","0"
"Tests/Unit/neg/partial.hs"," 0.7805"," 0.8723"," 0.6877"," 0.7725"," 0.7242"," 0.7776"," 1.0036"," 0.7964"," 0.7786"," 0.9123","0"
"Tests/Unit/neg/poly1.hs"," 0.8221"," 0.9593"," 0.7831"," 0.8416"," 0.9306"," 0.9903"," 0.8125"," 0.8413"," 1.2290"," 0.9941","0"
"Tests/Unit/neg/poly2-degenerate.hs"," 0.7946"," 1.0772"," 0.7239"," 0.8130"," 0.8076"," 0.8869"," 0.7450"," 0.8412"," 1.4686"," 0.9595","0"
"Tests/Unit/neg/poly2.hs"," 0.7944"," 0.8511"," 0.7341"," 0.8827"," 1.0707"," 0.8427"," 0.7634"," 0.8174"," 1.4988"," 1.1038","0"
"Tests/Unit/neg/polypred.hs"," 0.7928"," 0.7893"," 0.7400"," 0.8301"," 1.0199"," 1.0602"," 0.7432"," 0.8290"," 0.8505"," 1.0384","0"
"Tests/Unit/neg/poslist.hs"," 0.9327"," 0.9417"," 0.8414"," 0.9052"," 1.1272"," 1.0590"," 0.8648"," 0.9716"," 1.0123"," 1.3242","0"
"Tests/Unit/neg/pragma0-unsafe.hs"," 0.7035"," 0.7162"," 0.6776"," 0.7080"," 1.1405"," 0.7532"," 0.6770"," 0.7237"," 0.8265"," 0.8450","0"
"Tests/Unit/neg/pred.hs"," 0.6419"," 0.6294"," 0.6172"," 0.6580"," 0.8611"," 0.6968"," 0.6095"," 0.6613"," 0.8949"," 0.7143","0"
"Tests/Unit/neg/prune0.hs"," 0.8030"," 0.7927"," 0.7436"," 0.8160"," 0.9463"," 0.8894"," 0.7751"," 0.8770"," 1.2714"," 0.9669","0"
"Tests/Unit/neg/qsloop.hs"," 0.9767"," 0.9793"," 0.8431"," 0.9439"," 1.0479"," 0.9362"," 0.8779"," 1.0337"," 1.4830"," 1.1867","0"
"Tests/Unit/neg/range.hs"," 1.2422"," 1.1329"," 1.0379"," 1.1482"," 1.4711"," 1.1280"," 1.0286"," 1.5090"," 1.6740"," 1.1999","0"
"Tests/Unit/neg/record0.hs"," 0.7097"," 0.8174"," 0.6759"," 0.7520"," 0.7891"," 0.7383"," 0.6691"," 0.7524"," 0.9532"," 0.7124","0"
"Tests/Unit/neg/revshape.hs"," 0.7253"," 0.7522"," 0.6893"," 0.7424"," 0.8486"," 0.7487"," 0.6874"," 0.7421"," 1.5081"," 0.8906","0"
"Tests/Unit/neg/risers.hs"," 0.7977"," 0.8185"," 0.7334"," 0.7641"," 1.1134"," 0.7957"," 0.7313"," 0.8057"," 1.0671"," 0.7702","0"
"Tests/Unit/neg/stacks.hs"," 1.0175"," 1.0078"," 0.9167"," 1.0381"," 1.4848"," 1.1077"," 0.9553"," 1.0330"," 1.2630"," 0.9494","0"
"Tests/Unit/neg/state0.hs"," 0.7691"," 0.8625"," 0.6841"," 0.7411"," 0.8988"," 0.7456"," 0.6975"," 0.7777"," 1.1352"," 0.7081","0"
"Tests/Unit/neg/state00.hs"," 0.7301"," 0.7740"," 0.6889"," 0.7530"," 1.0386"," 0.7736"," 0.6950"," 0.8920"," 1.2863"," 0.6865","0"
"Tests/Unit/neg/string00.hs"," 0.8250"," 0.7935"," 0.7160"," 0.8015"," 0.9980"," 0.7849"," 0.7604"," 0.8085"," 0.7774"," 0.7839","0"
"Tests/Unit/neg/sumPoly.hs"," 0.7658"," 0.7916"," 0.6939"," 0.7605"," 1.0545"," 0.8347"," 1.1237"," 0.8695"," 0.7923"," 0.7622","0"
"Tests/Unit/neg/sumk.hs"," 0.7724"," 0.8447"," 0.6964"," 0.7888"," 0.7430"," 0.8482"," 0.7463"," 0.7807"," 0.7553"," 0.7706","0"
"Tests/Unit/neg/test00.hs"," 0.7935"," 1.0450"," 0.7310"," 0.7747"," 0.7962"," 0.7790"," 1.7043"," 0.7966"," 0.8149"," 0.7871","0"
"Tests/Unit/neg/test00a.hs"," 0.7781"," 1.0176"," 0.7467"," 0.7825"," 0.9981"," 0.8050"," 0.9414"," 0.7939"," 1.0366"," 0.7814","0"
"Tests/Unit/neg/test00b.hs"," 0.9493"," 0.8006"," 0.7462"," 0.7945"," 1.1761"," 0.8542"," 1.3936"," 0.8535"," 1.0211"," 0.7937","0"
"Tests/Unit/neg/test00c.hs"," 0.7586"," 0.7185"," 0.6784"," 0.7294"," 0.9614"," 0.7315"," 1.1300"," 0.7439"," 0.7970"," 0.7284","0"
"Tests/Unit/neg/testRec.hs"," 0.7530"," 0.7747"," 0.7117"," 0.7727"," 1.0260"," 0.7956"," 1.1867"," 0.8019"," 1.0576"," 0.7851","0"
"Tests/Unit/neg/truespec.hs"," 1.1354"," 1.0594"," 0.7025"," 0.7718"," 0.9740"," 0.7885"," 0.7652"," 0.7812"," 0.8260"," 0.8161","0"
"Tests/Unit/neg/tyclass0-unsafe.hs"," 0.9091"," 0.9185"," 0.6537"," 0.7031"," 1.0205"," 0.7942"," 1.4996"," 0.7400"," 0.9990"," 0.8212","0"
"Tests/Unit/neg/vector0.hs"," 0.9240"," 0.9770"," 0.8492"," 0.9339"," 1.4766"," 0.9358"," 1.2850"," 0.9506"," 0.8515"," 0.9337","0"
"Tests/Unit/neg/vector00.hs"," 0.8518"," 1.0949"," 0.7756"," 0.8634"," 1.0160"," 0.8575"," 1.1859"," 0.8591"," 0.7809"," 0.8575","0"
"Tests/Unit/neg/vector0a.hs"," 0.8724"," 0.8481"," 0.7808"," 0.8386"," 1.3156"," 0.8898"," 1.2761"," 0.9178"," 0.8172"," 0.8879","0"
"Tests/Unit/neg/vector1a.hs"," 1.0455"," 1.0428"," 0.9418"," 1.0121"," 1.1988"," 1.0532"," 1.6158"," 1.0556"," 0.9819"," 1.0613","0"
"Tests/Unit/neg/wrap0.hs"," 0.8693"," 0.8429"," 0.7656"," 0.8470"," 0.9751"," 0.8316"," 1.6939"," 0.8591"," 0.7991"," 0.8362","0"
"Tests/Unit/neg/wrap1.hs"," 1.0883"," 1.0305"," 0.9328"," 1.0250"," 1.1100"," 1.1080"," 1.1698"," 1.1345"," 0.9378"," 1.0496","0"
"Tests/Unit/parser/pos/Parens.hs"," 0.6889"," 0.7167"," 0.9588"," 0.7255"," 0.8426"," 0.7074"," 0.7614"," 1.1824"," 0.7084"," 0.7419","0"
"Tests/Unit/parser/pos/TokensAsPrefixes.hs"," 0.8268"," 0.7144"," 1.0254"," 0.7188"," 0.9373"," 0.7021"," 0.9153"," 0.7963"," 0.6581"," 0.7756","0"
"Tests/Unit/pos/Abs.hs"," 0.7368"," 0.7422"," 0.6807"," 0.7469"," 1.0927"," 0.7282"," 1.2094"," 0.7368"," 0.7210"," 0.7949","0"
"Tests/Unit/pos/Ackermann.hs"," 0.8154"," 0.7979"," 0.7223"," 0.8224"," 1.2874"," 0.8391"," 1.0353"," 0.8433"," 0.7442"," 0.8823","0"
"Tests/Unit/pos/Assume.hs"," 0.7922"," 0.8280"," 0.7291"," 0.8068"," 0.9887"," 0.8164"," 1.2825"," 0.8200"," 0.7450"," 0.7741","0"
"Tests/Unit/pos/AssumedRecursive.hs"," 0.7713"," 0.7350"," 0.6494"," 0.7412"," 0.7145"," 0.7889"," 1.3852"," 0.7913"," 0.6778"," 0.7295","0"
"Tests/Unit/pos/AutoSize.hs"," 0.7372"," 0.7621"," 0.6872"," 0.7675"," 0.7407"," 0.7484"," 0.9349"," 0.8577"," 0.6991"," 0.7400","0"
"Tests/Unit/pos/AutoTerm.hs"," 0.7784"," 0.7925"," 0.7172"," 0.8034"," 0.8008"," 0.8688"," 1.5758"," 1.0162"," 0.7681"," 0.7871","0"
"Tests/Unit/pos/AutoTerm1.hs"," 0.7441"," 0.7813"," 0.6800"," 0.7351"," 0.7651"," 0.8157"," 1.1134"," 0.7583"," 0.7598"," 0.7680","0"
"Tests/Unit/pos/Avg.hs"," 0.7716"," 0.8144"," 0.6974"," 0.7660"," 0.8314"," 0.8285"," 1.5627"," 0.8730"," 0.8746"," 0.8613","0"
"Tests/Unit/pos/BST000.hs"," 1.2185"," 1.2726"," 1.1200"," 1.2395"," 1.2528"," 1.2670"," 1.3347"," 1.3214"," 1.5370"," 1.3415","0"
"Tests/Unit/pos/BinarySearch.hs"," 0.9217"," 0.8796"," 0.9799"," 0.9084"," 0.8674"," 0.9929"," 0.9377"," 0.9270"," 1.2559"," 0.8879","0"
"Tests/Unit/pos/Books.hs"," 0.8422"," 0.8200"," 0.7827"," 0.7843"," 0.8047"," 0.8670"," 0.8568"," 0.8329"," 1.2165"," 0.8092","0"
"Tests/Unit/pos/Cat.hs"," 0.7387"," 0.9953"," 0.6821"," 0.7703"," 0.7316"," 0.7323"," 0.7378"," 0.7517"," 0.8259"," 0.7811","0"
"Tests/Unit/pos/Chunks.hs"," 0.8245"," 0.8558"," 0.7523"," 0.8684"," 0.8350"," 0.8496"," 0.8567"," 0.8871"," 0.8887"," 0.9798","0"
"Tests/Unit/pos/Class.hs"," 0.9982"," 1.0353"," 0.9096"," 1.0272"," 1.0101"," 1.0540"," 0.9675"," 1.0008"," 1.0388"," 1.0016","0"
"Tests/Unit/pos/Class2.hs"," 0.7408"," 0.8651"," 0.6724"," 0.7335"," 0.7456"," 0.7498"," 0.7310"," 0.8050"," 0.7935"," 0.7351","0"
"Tests/Unit/pos/ClassReg.hs"," 0.7236"," 0.7432"," 0.6713"," 0.7513"," 0.7325"," 0.7890"," 0.7575"," 0.8036"," 0.7289"," 0.7377","0"
"Tests/Unit/pos/ClojurVector.hs"," 0.9444"," 0.9013"," 0.8455"," 0.9665"," 0.9315"," 0.9747"," 0.9319"," 0.9383"," 1.1221"," 0.9539","0"
"Tests/Unit/pos/Coercion.hs"," 0.7259"," 0.7008"," 0.6792"," 0.7455"," 0.7962"," 0.7488"," 0.7416"," 0.7686"," 0.7502"," 0.8153","0"
"Tests/Unit/pos/CommentedOut.hs"," 0.7377"," 0.7371"," 0.6860"," 0.7427"," 0.7539"," 0.7854"," 0.7419"," 0.8462"," 0.7515"," 0.7427","0"
"Tests/Unit/pos/CompareConstraints.hs"," 0.9943"," 0.9480"," 0.9006"," 1.0314"," 1.0223"," 1.0518"," 1.2117"," 1.0467"," 1.0283"," 1.0162","0"
"Tests/Unit/pos/Constraints.hs"," 0.7948"," 0.7915"," 0.7286"," 0.7926"," 0.8019"," 0.8636"," 1.0907"," 0.7903"," 0.9820"," 0.8946","0"
"Tests/Unit/pos/ConstraintsAppend.hs"," 1.2879"," 1.2287"," 1.1649"," 1.3359"," 1.2833"," 1.3932"," 1.6248"," 1.3916"," 1.9481"," 1.2913","0"
"Tests/Unit/pos/CountMonad.hs"," 0.8441"," 0.7600"," 0.7757"," 0.8525"," 0.9741"," 0.8205"," 0.8630"," 1.2086"," 0.9630"," 0.8222","0"
"Tests/Unit/pos/DB00.hs"," 0.7720"," 0.7299"," 0.6808"," 0.7418"," 0.7371"," 0.7764"," 0.9002"," 0.7863"," 0.7584"," 0.7542","0"
"Tests/Unit/pos/DataBase.hs"," 0.7962"," 0.7316"," 0.8038"," 0.7874"," 0.8495"," 0.8114"," 1.2600"," 0.9349"," 0.8147"," 1.0206","0"
"Tests/Unit/pos/DataKinds.hs"," 0.7277"," 0.7030"," 0.6575"," 0.7156"," 0.7801"," 0.7123"," 0.8750"," 0.7062"," 1.0338"," 0.7676","0"
"Tests/Unit/pos/Eval.hs"," 0.8974"," 1.0880"," 0.7996"," 0.9237"," 0.8890"," 0.8916"," 0.9094"," 0.9215"," 1.1374"," 0.8503","0"
"Tests/Unit/pos/Even.hs"," 0.7287"," 0.9135"," 0.6729"," 0.7443"," 0.8145"," 0.7485"," 0.8455"," 0.7221"," 0.8037"," 0.7527","0"
"Tests/Unit/pos/Even0.hs"," 0.7368"," 0.7052"," 0.6775"," 0.7527"," 0.7736"," 0.7609"," 0.8427"," 0.7932"," 0.7584"," 0.8389","0"
"Tests/Unit/pos/ExactFunApp.hs"," 0.7717"," 0.6819"," 0.6806"," 0.7649"," 0.8893"," 0.8358"," 0.7186"," 0.7733"," 0.7099"," 0.7557","0"
"Tests/Unit/pos/FFI.hs"," 0.8460"," 1.1642"," 1.0113"," 0.8677"," 1.0593"," 1.2151"," 1.1552"," 0.8625"," 1.0616"," 1.1793","0"
"Tests/Unit/pos/Foo.hs"," 0.7234"," 0.8278"," 0.6752"," 0.7414"," 0.9412"," 0.7391"," 0.6547"," 0.7221"," 0.7272"," 0.7222","0"
"Tests/Unit/pos/Fractional.hs"," 0.7317"," 0.7070"," 0.6711"," 0.7595"," 1.0102"," 0.7659"," 0.6939"," 0.7883"," 0.7439"," 0.7498","0"
"Tests/Unit/pos/GADTs.hs"," 1.0835"," 0.7128"," 0.6697"," 0.7563"," 0.9345"," 0.7432"," 0.6729"," 0.7682"," 0.7772"," 0.7410","0"
"Tests/Unit/pos/GCD.hs"," 0.9620"," 0.8764"," 0.8264"," 0.9361"," 1.2367"," 0.9594"," 0.8444"," 0.9411"," 0.9871"," 0.9738","0"
"Tests/Unit/pos/GeneralizedTermination.hs"," 0.8993"," 0.8864"," 0.7618"," 0.8144"," 1.0569"," 0.8249"," 0.7634"," 0.8252"," 1.0480"," 0.8816","0"
"Tests/Unit/pos/GhcSort3.T.hs"," 1.5194"," 1.8167"," 1.3187"," 1.4459"," 1.4496"," 1.4480"," 1.8005"," 1.5007"," 1.4897"," 1.5062","0"
"Tests/Unit/pos/Goo.hs"," 0.7600"," 0.8042"," 0.6687"," 0.7237"," 0.7709"," 0.7425"," 0.7964"," 0.7257"," 0.7414"," 0.7498","0"
"Tests/Unit/pos/GoodHMeas.hs"," 0.7497"," 0.8215"," 0.6884"," 0.7858"," 0.7577"," 0.7403"," 0.7409"," 0.7415"," 0.7851"," 0.7552","0"
"Tests/Unit/pos/Gradual.hs"," 0.0003"," 0.0003"," 0.0001"," 0.0002"," 0.0003"," 0.0002"," 0.0001"," 0.0003"," 0.0000"," 0.0001","0"
"Tests/Unit/pos/Graph.hs"," 1.0604"," 1.2885"," 0.9282"," 1.0556"," 1.0679"," 1.0351"," 1.2223"," 1.0222"," 1.1373"," 1.0597","0"
"Tests/Unit/pos/HasElem.hs"," 0.7865"," 0.7275"," 0.7038"," 0.7753"," 0.8262"," 0.8010"," 0.7696"," 0.7825"," 0.7812"," 0.7955","0"
"Tests/Unit/pos/HaskellMeasure.hs"," 0.7679"," 0.6919"," 0.6915"," 0.7687"," 0.8207"," 0.7582"," 0.8847"," 0.7843"," 0.8626"," 0.7697","0"
"Tests/Unit/pos/HedgeUnion.hs"," 0.8522"," 0.8106"," 0.7671"," 0.9138"," 0.8687"," 0.9055"," 0.8998"," 0.8411"," 1.0037"," 0.8600","0"
"Tests/Unit/pos/HigherOrderRecFun.hs"," 0.7393"," 0.9380"," 0.6648"," 0.7810"," 0.7331"," 0.7287"," 0.7495"," 0.7191"," 0.8249"," 0.7341","0"
"Tests/Unit/pos/Holes.hs"," 0.8176"," 0.9630"," 0.7155"," 0.8110"," 1.0117"," 0.8334"," 0.8125"," 0.7922"," 0.8054"," 0.8537","0"
"Tests/Unit/pos/IcfpDemo.hs"," 0.9575"," 1.2157"," 0.8256"," 0.9479"," 0.9972"," 0.9690"," 1.0117"," 0.9758"," 1.0009"," 0.9964","0"
"Tests/Unit/pos/Infinity.hs"," 0.7973"," 0.7862"," 0.7399"," 0.9272"," 0.8433"," 0.8129"," 0.9889"," 0.8350"," 0.8383"," 0.8467","0"
"Tests/Unit/pos/Invariants.hs"," 0.8648"," 0.8575"," 0.7807"," 1.1128"," 0.8252"," 0.9881"," 0.9959"," 0.8949"," 0.8628"," 0.9269","0"
"Tests/Unit/pos/Keys.hs"," 0.7840"," 0.7238"," 0.7424"," 0.8667"," 0.8127"," 0.8301"," 1.4795"," 0.7822"," 0.7785"," 0.8196","0"
"Tests/Unit/pos/LambdaEvalSuperTiny.hs"," 0.9977"," 1.0068"," 0.8901"," 0.9973"," 1.0269"," 1.0354"," 0.9002"," 1.0292"," 1.0520"," 1.0017","0"
"Tests/Unit/pos/LambdaEvalTiny.hs"," 1.0593"," 1.2461"," 0.9368"," 1.0478"," 1.1029"," 1.0982"," 0.9672"," 1.0535"," 1.1274"," 1.0817","0"
"Tests/Unit/pos/LazyWhere.hs"," 0.8041"," 0.7225"," 0.7050"," 0.7970"," 0.8147"," 0.7895"," 0.7232"," 0.7847"," 0.8722"," 0.7905","0"
"Tests/Unit/pos/LazyWhere1.hs"," 0.7974"," 0.7275"," 0.7435"," 0.8210"," 0.8273"," 0.8871"," 0.7339"," 0.8390"," 0.9380"," 0.8064","0"
"Tests/Unit/pos/LiquidArray.hs"," 0.7502"," 0.7945"," 0.6819"," 0.7412"," 0.7343"," 0.7391"," 0.7704"," 0.7921"," 1.1300"," 0.7501","0"
"Tests/Unit/pos/LiquidClass.hs"," 0.7662"," 0.8243"," 0.6758"," 0.7721"," 0.7646"," 0.7822"," 0.7431"," 0.7936"," 0.7565"," 0.7516","0"
"Tests/Unit/pos/ListConcat.hs"," 0.8307"," 1.0178"," 0.7020"," 0.9403"," 0.7877"," 1.0865"," 0.8339"," 0.7771"," 0.8772"," 0.7948","0"
"Tests/Unit/pos/ListElem.hs"," 0.7807"," 0.8971"," 0.6953"," 0.7739"," 0.7617"," 0.8563"," 0.8027"," 0.7858"," 0.8704"," 0.8061","0"
"Tests/Unit/pos/ListISort-LType.hs"," 1.1952"," 1.4366"," 1.0953"," 1.2205"," 1.2738"," 1.2428"," 1.2917"," 1.2544"," 1.3402"," 1.2681","0"
"Tests/Unit/pos/ListISort.hs"," 0.8717"," 1.1214"," 0.8203"," 0.9252"," 1.1029"," 0.8863"," 0.9693"," 0.8515"," 0.9455"," 0.8708","0"
"Tests/Unit/pos/ListKeys.hs"," 0.7739"," 0.7247"," 0.8083"," 0.7699"," 0.8964"," 0.7728"," 0.8461"," 0.7616"," 0.7698"," 0.7793","0"
"Tests/Unit/pos/ListLen-LType.hs"," 1.1855"," 1.0655"," 1.1387"," 1.1916"," 1.2336"," 1.2142"," 1.5537"," 1.1745"," 1.2380"," 1.2445","0"
"Tests/Unit/pos/ListLen.hs"," 1.2857"," 1.2038"," 1.1569"," 1.2810"," 1.3618"," 1.3045"," 1.1970"," 1.3187"," 1.4588"," 1.3661","0"
"Tests/Unit/pos/ListMSort-LType.hs"," 2.2549"," 2.1274"," 2.0750"," 2.2294"," 2.3177"," 2.3763"," 2.1762"," 2.2496"," 2.3219"," 2.3327","0"
"Tests/Unit/pos/ListMSort.hs"," 1.3337"," 1.2343"," 1.1922"," 1.6085"," 1.5066"," 1.3318"," 1.2206"," 1.3720"," 1.4652"," 1.3980","0"
"Tests/Unit/pos/ListQSort-LType.hs"," 1.4108"," 1.2394"," 1.2231"," 1.4394"," 1.6637"," 1.3818"," 1.2584"," 1.4119"," 1.3951"," 1.4326","0"
"Tests/Unit/pos/ListQSort.hs"," 1.4659"," 1.3558"," 1.3178"," 1.4941"," 1.5374"," 1.4670"," 1.3743"," 1.8842"," 1.6150"," 1.5595","0"
"Tests/Unit/pos/ListRange-LType.hs"," 0.9524"," 0.8241"," 0.8287"," 0.9151"," 0.9868"," 0.9196"," 0.8559"," 0.9238"," 1.3659"," 0.8884","0"
"Tests/Unit/pos/ListRange.hs"," 0.9453"," 0.8387"," 0.8137"," 0.9402"," 0.8619"," 0.9353"," 0.8818"," 0.8939"," 0.9117"," 0.9056","0"
"Tests/Unit/pos/ListReverse-LType.hs"," 0.8129"," 0.8091"," 0.7461"," 0.8189"," 0.7376"," 0.8144"," 0.7796"," 0.8117"," 0.8852"," 0.8427","0"
"Tests/Unit/pos/ListSort.hs"," 1.9442"," 1.8491"," 1.7943"," 1.9421"," 1.8107"," 1.9385"," 1.9465"," 2.0204"," 2.0585"," 2.0671","0"
"Tests/Unit/pos/LocalLazy.hs"," 0.7772"," 0.7790"," 0.7132"," 1.0754"," 0.7457"," 0.8306"," 0.9940"," 0.8003"," 0.7846"," 0.7789","0"
"Tests/Unit/pos/LocalSpec.hs"," 0.7872"," 0.7736"," 0.7094"," 0.8261"," 0.7513"," 0.8058"," 0.7672"," 0.8045"," 0.8023"," 0.7711","0"
"Tests/Unit/pos/LocalSpec0.hs"," 0.7238"," 0.7566"," 0.6794"," 0.7710"," 0.6850"," 0.7522"," 0.7097"," 0.7293"," 0.7723"," 0.7156","0"
"Tests/Unit/pos/LocalSpecImp.hs"," 0.7637"," 0.8097"," 0.6750"," 0.9256"," 0.7094"," 0.7622"," 0.7142"," 0.7330"," 0.7996"," 0.7741","0"
"Tests/Unit/pos/LocalTermExpr.hs"," 0.8698"," 1.0905"," 0.7612"," 1.0404"," 0.7964"," 0.8314"," 0.8127"," 0.8462"," 1.0669"," 0.8975","0"
"Tests/Unit/pos/LogicCurry1.hs"," 0.7358"," 0.8200"," 0.6666"," 0.8975"," 0.7518"," 0.7325"," 0.7160"," 0.7463"," 1.1537"," 0.7492","0"
"Tests/Unit/pos/Loo.hs"," 0.7805"," 0.8393"," 0.6788"," 1.0121"," 0.7577"," 0.7604"," 0.7250"," 0.9473"," 1.0178"," 0.7509","0"
"Tests/Unit/pos/MeasureContains.hs"," 0.8461"," 0.8794"," 0.8587"," 0.9295"," 1.5361"," 0.8868"," 1.1106"," 0.8605"," 0.9737"," 0.8365","0"
"Tests/Unit/pos/MeasureDups.hs"," 0.8167"," 0.9075"," 1.0021"," 0.8263"," 1.1678"," 0.8167"," 0.8540"," 0.9523"," 0.9958"," 0.8096","0"
"Tests/Unit/pos/MeasureSets.hs"," 0.7619"," 1.1071"," 0.9957"," 0.7389"," 0.8948"," 0.7728"," 1.0361"," 0.8323"," 0.7464"," 0.7652","0"
"Tests/Unit/pos/Measures.hs"," 0.7220"," 1.0252"," 0.7342"," 0.7736"," 1.0118"," 0.7774"," 0.7873"," 0.7852"," 0.8908"," 0.7745","0"
"Tests/Unit/pos/Measures1.hs"," 0.7130"," 1.5876"," 0.7717"," 0.9185"," 0.8383"," 0.7252"," 0.8308"," 0.9636"," 0.7022"," 0.7108","0"
"Tests/Unit/pos/Merge1.hs"," 0.7864"," 1.0117"," 1.0987"," 0.7955"," 0.8338"," 0.8254"," 0.8007"," 0.8055"," 0.8020"," 0.8055","0"
"Tests/Unit/pos/MergeSort.hs"," 1.3773"," 1.5793"," 1.2747"," 1.4807"," 1.4306"," 1.2774"," 1.2376"," 1.2693"," 1.4337"," 1.2280","0"
"Tests/Unit/pos/Mod1.hs"," 0.8266"," 0.9753"," 1.3453"," 0.8232"," 0.8364"," 0.7286"," 0.9210"," 0.7875"," 0.8674"," 0.7105","0"
"Tests/Unit/pos/Mod2.hs"," 1.0794"," 0.9934"," 0.8693"," 0.6908"," 0.8348"," 0.7881"," 0.7365"," 0.7803"," 0.8606"," 0.7238","0"
"Tests/Unit/pos/Moo.hs"," 0.7287"," 0.7358"," 0.8310"," 0.8136"," 1.2037"," 0.7055"," 0.7868"," 0.7942"," 0.8498"," 0.7413","0"
"Tests/Unit/pos/MultipleInvariants.hs"," 0.7531"," 0.7408"," 0.7977"," 0.7331"," 0.8539"," 0.7788"," 0.8408"," 0.9113"," 0.8316"," 0.8260","0"
"Tests/Unit/pos/MutualRec.hs"," 2.1668"," 2.1787"," 2.6956"," 2.1861"," 2.6196"," 2.2911"," 2.8043"," 2.4132"," 2.5172"," 2.6696","0"
"Tests/Unit/pos/NoCaseExpand.hs"," 1.1417"," 1.1415"," 1.5171"," 1.1687"," 1.4444"," 1.1671"," 1.5035"," 1.2639"," 1.6521"," 1.2027","0"
"Tests/Unit/pos/NoExhaustiveGuardsError.hs"," 0.7580"," 0.7463"," 0.8441"," 0.8389"," 1.1570"," 0.7495"," 0.8274"," 0.9511"," 0.8701"," 0.7543","0"
"Tests/Unit/pos/Overwrite.hs"," 0.7616"," 0.7625"," 0.8011"," 0.8849"," 0.7333"," 0.8352"," 0.6874"," 0.8205"," 0.7918"," 0.6825","0"
"Tests/Unit/pos/PairMeasure.hs"," 0.7463"," 0.7657"," 0.7159"," 0.9340"," 0.7429"," 0.7778"," 0.7201"," 0.8156"," 0.8836"," 0.7467","0"
"Tests/Unit/pos/PairMeasure0.hs"," 0.7403"," 0.7550"," 0.7075"," 0.7161"," 0.7387"," 0.7543"," 0.7103"," 0.7745"," 0.7968"," 0.7407","0"
"Tests/Unit/pos/Permutation.hs"," 1.4623"," 1.4917"," 1.3987"," 1.3822"," 1.4655"," 1.5658"," 1.4520"," 1.4757"," 1.9677"," 1.4318","0"
"Tests/Unit/pos/PersistentVector.hs"," 0.8384"," 1.0375"," 0.7893"," 0.9307"," 0.8414"," 0.9035"," 0.7717"," 0.8697"," 0.8867"," 0.8410","0"
"Tests/Unit/pos/PlugHoles.hs"," 0.7314"," 0.7854"," 0.6840"," 0.8674"," 0.7245"," 0.7116"," 0.6527"," 0.8266"," 0.8637"," 0.7203","0"
"Tests/Unit/pos/PointDist.hs"," 0.8143"," 0.8898"," 0.8331"," 0.8589"," 0.8087"," 0.8460"," 0.7188"," 0.9426"," 0.9904"," 0.7850","0"
"Tests/Unit/pos/Product.hs"," 0.9887"," 1.1566"," 1.1963"," 1.1382"," 1.1008"," 1.1164"," 0.9023"," 1.1035"," 1.1169"," 0.9605","0"
"Tests/Unit/pos/PromotedDataCons.hs"," 0.7513"," 0.7345"," 0.7774"," 0.8266"," 0.7307"," 0.7517"," 0.6911"," 0.7351"," 0.7094"," 0.7175","0"
"Tests/Unit/pos/Propability.hs"," 0.8076"," 0.8469"," 1.0178"," 0.9584"," 0.7803"," 0.9864"," 0.8237"," 0.7965"," 0.8808"," 0.8220","0"
"Tests/Unit/pos/QQTySig.hs"," 3.0227"," 3.1291"," 3.4313"," 3.2274"," 3.5696"," 3.1015"," 2.7656"," 3.2854"," 3.1820"," 3.0711","0"
"Tests/Unit/pos/QQTySigTyVars.hs"," 3.3132"," 3.2159"," 3.0854"," 3.0802"," 3.2810"," 3.1513"," 2.9085"," 3.3439"," 3.0454"," 3.1366","0"
"Tests/Unit/pos/QQTySyn.hs"," 3.4477"," 3.4869"," 3.4917"," 3.6785"," 4.3102"," 3.7446"," 3.3313"," 4.0807"," 3.3667"," 3.8283","0"
"Tests/Unit/pos/RBTree-col-height.hs"," 4.4548"," 4.0077"," 4.2921"," 4.1900"," 3.9288"," 4.1198"," 3.9241"," 4.5648"," 3.9832"," 4.6300","0"
"Tests/Unit/pos/RBTree-color.hs"," 3.0167"," 3.6059"," 3.4644"," 3.5049"," 3.0822"," 3.7232"," 3.1981"," 3.9063"," 3.1151"," 3.9009","0"
"Tests/Unit/pos/RealProps.hs"," 0.8010"," 0.7981"," 0.8021"," 0.8802"," 1.1540"," 0.9316"," 0.7263"," 0.7883"," 0.7133"," 0.7948","0"
"Tests/Unit/pos/RealProps1.hs"," 0.7957"," 0.8083"," 0.7947"," 0.9470"," 0.8297"," 1.1762"," 0.7790"," 0.7643"," 0.7245"," 0.7925","0"
"Tests/Unit/pos/RecQSort.hs"," 0.9393"," 0.9048"," 0.9826"," 0.8418"," 0.9333"," 1.3489"," 0.8448"," 1.0975"," 0.8431"," 1.0815","0"
"Tests/Unit/pos/RecQSort0.hs"," 0.9397"," 0.9314"," 1.1253"," 1.0353"," 0.9091"," 0.9638"," 0.8465"," 1.0920"," 0.8403"," 1.1575","0"
"Tests/Unit/pos/RecSelector.hs"," 0.7761"," 0.7568"," 1.0246"," 0.9486"," 0.7307"," 0.7611"," 0.6868"," 0.9639"," 0.6624"," 0.9804","0"
"Tests/Unit/pos/RecordSelectorError.hs"," 0.7311"," 0.7772"," 0.7562"," 0.6907"," 0.8170"," 0.8827"," 0.6910"," 0.7511"," 0.7072"," 0.9866","0"
"Tests/Unit/pos/RelativeComplete.hs"," 0.8324"," 0.8053"," 0.8738"," 0.7319"," 0.8485"," 0.7832"," 0.7194"," 1.1663"," 0.7097"," 0.7753","0"
"Tests/Unit/pos/Repeat.hs"," 0.8325"," 0.7870"," 0.8417"," 0.7308"," 0.8314"," 0.7613"," 0.7238"," 1.2621"," 0.7014"," 0.7557","0"
"Tests/Unit/pos/Resolve.hs"," 0.7899"," 0.8608"," 0.8821"," 0.7151"," 0.7418"," 0.7279"," 0.6893"," 0.7242"," 0.6756"," 0.7390","0"
"Tests/Unit/pos/ResolveA.hs"," 0.7342"," 0.8293"," 0.7833"," 0.7226"," 0.7706"," 0.7566"," 0.6798"," 0.7380"," 0.7045"," 0.7203","0"
"Tests/Unit/pos/ResolveB.hs"," 0.7336"," 1.0991"," 0.7963"," 0.6997"," 0.7404"," 0.7095"," 0.6752"," 0.7001"," 0.6959"," 0.7178","0"
"Tests/Unit/pos/ResolvePred.hs"," 0.8168"," 0.7878"," 0.8218"," 0.7600"," 0.7912"," 0.7733"," 0.7102"," 0.7713"," 0.7788"," 0.7732","0"
"Tests/Unit/pos/SafePartialFunctions.hs"," 0.8422"," 0.9764"," 0.7858"," 0.9564"," 0.7754"," 0.7889"," 0.7114"," 0.7715"," 0.7528"," 0.7765","0"
"Tests/Unit/pos/SimplerNotation.hs"," 0.7669"," 0.7367"," 0.7325"," 0.6731"," 0.7264"," 0.7235"," 0.6821"," 0.6995"," 0.7193"," 0.7452","0"
"Tests/Unit/pos/SimplifyTup00.hs"," 0.7826"," 0.7504"," 0.7787"," 0.6988"," 0.8087"," 0.7950"," 0.7095"," 0.8228"," 0.7373"," 0.7560","0"
"Tests/Unit/pos/Solver.hs"," 1.3797"," 1.3116"," 1.5097"," 1.2771"," 1.2752"," 1.3440"," 1.1955"," 1.2566"," 1.4732"," 1.3748","0"
"Tests/Unit/pos/StackClass.hs"," 0.8048"," 0.7729"," 0.8310"," 0.9432"," 0.8139"," 0.7432"," 0.7294"," 0.9045"," 1.1358"," 0.8983","0"
"Tests/Unit/pos/State.hs"," 0.9510"," 0.8484"," 0.8407"," 0.8089"," 0.8471"," 0.8508"," 0.8894"," 0.9258"," 0.8711"," 1.0623","0"
"Tests/Unit/pos/State1.hs"," 1.2157"," 0.7971"," 0.8082"," 0.7514"," 0.7885"," 0.8804"," 0.8569"," 0.8516"," 0.8994"," 0.7977","0"
"Tests/Unit/pos/StateConstraints00.hs"," 0.7528"," 0.7760"," 0.8107"," 0.7693"," 0.7666"," 0.7987"," 0.6898"," 0.7447"," 0.9193"," 0.8297","0"
"Tests/Unit/pos/StateF00.hs"," 0.6950"," 0.7702"," 0.7820"," 0.7796"," 0.7806"," 0.7623"," 0.7038"," 0.7348"," 0.9946"," 0.9811","0"
"Tests/Unit/pos/StreamInvariants.hs"," 0.6877"," 0.7390"," 0.7779"," 0.8264"," 0.7351"," 0.7276"," 0.6734"," 0.7220"," 0.8271"," 0.8208","0"
"Tests/Unit/pos/StrictPair0.hs"," 0.7275"," 0.8188"," 0.7477"," 0.9321"," 0.7769"," 0.7765"," 0.7100"," 0.8416"," 0.8796"," 1.0471","0"
"Tests/Unit/pos/StrictPair1.hs"," 0.9456"," 1.0041"," 0.9490"," 1.4543"," 1.0193"," 0.9997"," 0.9314"," 1.0984"," 1.1427"," 1.2316","0"
"Tests/Unit/pos/StringLit.hs"," 0.6996"," 0.7550"," 0.6721"," 0.7252"," 0.7302"," 0.7003"," 0.6439"," 0.9242"," 0.7355"," 0.9938","0"
"Tests/Unit/pos/Strings.hs"," 0.7892"," 0.7871"," 0.7384"," 0.8189"," 0.8011"," 0.7559"," 0.7089"," 0.8367"," 0.9054"," 0.8623","0"
"Tests/Unit/pos/StructRec.hs"," 0.7515"," 0.7900"," 0.7415"," 0.7897"," 0.7867"," 0.7280"," 0.6865"," 0.9443"," 0.9135"," 0.7833","0"
"Tests/Unit/pos/Sum.hs"," 0.7721"," 0.8161"," 0.7378"," 0.7615"," 0.7702"," 0.7990"," 0.7167"," 0.9847"," 1.0376"," 0.8022","0"
"Tests/Unit/pos/T531.hs"," 0.7315"," 0.9426"," 0.7069"," 0.7232"," 0.7226"," 0.8104"," 0.6609"," 0.7011"," 0.7174"," 1.2665","0"
"Tests/Unit/pos/T595.hs"," 0.7877"," 1.0165"," 0.7686"," 0.8106"," 0.8108"," 0.9783"," 0.7298"," 0.7178"," 0.7963"," 0.9827","0"
"Tests/Unit/pos/T595a.hs"," 0.7017"," 0.7445"," 0.7016"," 0.7451"," 0.7698"," 0.8480"," 0.6612"," 0.6569"," 0.7423"," 0.8700","0"
"Tests/Unit/pos/T598.hs"," 0.8438"," 0.8966"," 1.0477"," 0.9349"," 0.9381"," 1.0861"," 0.8389"," 0.8893"," 0.8734"," 1.1747","0"
"Tests/Unit/pos/T675.hs"," 0.8223"," 0.9299"," 1.0068"," 0.9383"," 0.9242"," 1.1860"," 0.8137"," 0.8187"," 0.8926"," 1.0626","0"
"Tests/Unit/pos/T716.hs"," 0.7476"," 0.8305"," 0.7543"," 0.7996"," 0.8028"," 1.0207"," 0.7487"," 0.7358"," 0.8224"," 0.9762","0"
"Tests/Unit/pos/TemplateHaskell.hs"," 0.8801"," 1.0949"," 0.8442"," 1.1108"," 0.9396"," 1.2131"," 0.8223"," 0.8306"," 0.8860"," 1.1445","0"
"Tests/Unit/pos/TemplateHaskellImp.hs"," 1.0116"," 1.0599"," 0.9418"," 1.1730"," 1.0017"," 1.4218"," 0.9542"," 0.9246"," 1.0208"," 1.2399","0"
"Tests/Unit/pos/Term.hs"," 0.8750"," 0.9234"," 0.7300"," 1.2387"," 0.7965"," 1.0685"," 0.7084"," 0.7391"," 0.7690"," 0.9900","0"
"Tests/Unit/pos/Termination.lhs"," 1.2110"," 1.4319"," 1.2932"," 1.3039"," 1.2672"," 1.6724"," 1.1712"," 1.2678"," 1.8206"," 1.6309","0"
"Tests/Unit/pos/TerminationNum.hs"," 0.6950"," 0.8244"," 0.7183"," 0.8700"," 0.7384"," 0.9950"," 0.6853"," 0.7238"," 1.3793"," 1.0112","0"
"Tests/Unit/pos/TerminationNum0.hs"," 0.6967"," 0.8199"," 0.7753"," 0.9820"," 0.7517"," 0.9993"," 0.6884"," 0.6899"," 1.1465"," 1.2073","0"
"Tests/Unit/pos/Test761.hs"," 0.7296"," 0.9137"," 0.7519"," 0.7774"," 1.2074"," 0.7931"," 0.7166"," 0.7703"," 1.1953"," 1.5971","0"
"Tests/Unit/pos/TokenType.hs"," 0.6603"," 0.8277"," 0.7768"," 0.7152"," 0.7661"," 0.7313"," 0.6507"," 0.7998"," 0.8829"," 0.7486","0"
"Tests/Unit/pos/TopLevel.hs"," 0.7303"," 0.8579"," 0.8518"," 0.7668"," 0.8687"," 0.8104"," 0.7029"," 0.8511"," 0.9116"," 0.9254","0"
"Tests/Unit/pos/ToyMVar.hs"," 0.9031"," 1.2905"," 1.1781"," 0.9922"," 1.5454"," 1.0586"," 0.9046"," 1.0213"," 1.2550"," 1.1179","0"
"Tests/Unit/pos/TypeAlias.hs"," 0.6742"," 0.7221"," 0.7352"," 0.8505"," 0.8524"," 0.7229"," 0.6561"," 0.8138"," 0.7362"," 0.7634","0"
"Tests/Unit/pos/TypeFamilies.hs"," 0.7374"," 0.8220"," 0.8188"," 0.8159"," 0.8919"," 0.7912"," 0.7267"," 0.7922"," 0.8081"," 1.1714","0"
"Tests/Unit/pos/UnboxedTuples.hs"," 0.7193"," 0.7645"," 0.7006"," 0.9561"," 0.8597"," 0.7066"," 0.6578"," 0.7360"," 0.7404"," 1.2915","0"
"Tests/Unit/pos/Variance.hs"," 0.7664"," 0.7614"," 0.7260"," 0.8337"," 0.7447"," 0.7840"," 0.6680"," 0.7840"," 0.7585"," 0.7179","0"
"Tests/Unit/pos/WBL.hs"," 1.6828"," 1.6436"," 1.9290"," 1.7017"," 1.7874"," 1.7614"," 1.9735"," 1.6602"," 1.7684"," 1.7678","0"
"Tests/Unit/pos/WBL0.hs"," 1.6171"," 1.6442"," 1.8011"," 2.0327"," 1.7053"," 1.6492"," 1.5988"," 1.5955"," 2.1853"," 2.3474","0"
"Tests/Unit/pos/Words.hs"," 0.7154"," 0.7597"," 0.7818"," 0.8643"," 0.7866"," 0.7385"," 0.6597"," 0.6591"," 0.9477"," 0.7217","0"
"Tests/Unit/pos/Words1.hs"," 0.7757"," 0.7512"," 0.8922"," 0.8386"," 0.7669"," 0.7881"," 0.6824"," 0.6841"," 0.9036"," 0.7204","0"
"Tests/Unit/pos/absref-crash.hs"," 0.7490"," 0.7685"," 0.6625"," 0.7264"," 0.9584"," 0.7546"," 0.8379"," 0.7304"," 0.6751"," 0.7352","0"
"Tests/Unit/pos/absref-crash0.hs"," 0.7464"," 0.7648"," 0.6787"," 0.7384"," 1.4448"," 0.7994"," 1.1440"," 0.7779"," 0.6811"," 0.7596","0"
"Tests/Unit/pos/adt0.hs"," 0.7757"," 0.7690"," 0.7057"," 0.8133"," 0.8644"," 0.7838"," 0.8136"," 0.7628"," 0.7498"," 0.8803","0"
"Tests/Unit/pos/alias00.hs"," 0.7446"," 0.7370"," 0.6744"," 0.7408"," 0.9727"," 0.7809"," 1.4282"," 0.7407"," 0.6786"," 0.8659","0"
"Tests/Unit/pos/alias01.hs"," 0.7409"," 0.7379"," 0.6766"," 0.7777"," 1.0286"," 0.7855"," 0.9399"," 0.7554"," 0.7149"," 1.0266","0"
"Tests/Unit/pos/alphaconvert-List.hs"," 1.1886"," 1.1718"," 1.0423"," 1.1408"," 1.2310"," 1.1500"," 1.8555"," 1.1666"," 1.0707"," 1.2383","0"
"Tests/Unit/pos/alphaconvert-Set.hs"," 0.9392"," 0.9185"," 0.8400"," 1.0437"," 1.1036"," 0.9595"," 1.3946"," 0.9317"," 0.9968"," 1.0729","0"
"Tests/Unit/pos/anfbug.hs"," 0.8142"," 0.8125"," 0.7475"," 0.8515"," 0.8476"," 0.8647"," 0.8301"," 0.8910"," 0.9201"," 0.8472","0"
"Tests/Unit/pos/anftest.hs"," 0.8027"," 0.7695"," 0.6934"," 0.7716"," 0.9663"," 0.8151"," 0.9900"," 0.7434"," 0.9190"," 0.8312","0"
"Tests/Unit/pos/anish1.hs"," 0.7737"," 0.7412"," 0.6773"," 0.7363"," 0.9889"," 0.7979"," 1.4062"," 0.7344"," 1.0862"," 0.7527","0"
"Tests/Unit/pos/bangPatterns.hs"," 0.7717"," 0.9084"," 0.7521"," 0.7940"," 0.7744"," 0.8050"," 0.7798"," 0.8058"," 0.8765"," 0.8407","0"
"Tests/Unit/pos/bar.hs"," 0.7455"," 1.2209"," 0.7353"," 0.7285"," 0.7058"," 0.7263"," 0.7305"," 0.7303"," 1.0431"," 1.1049","0"
"Tests/Unit/pos/bounds1.hs"," 0.7810"," 0.7359"," 0.7147"," 0.7245"," 0.7326"," 0.7295"," 0.7391"," 0.7568"," 0.8801"," 0.7624","0"
"Tests/Unit/pos/case-lambda-join.hs"," 0.8647"," 0.9227"," 0.8164"," 0.8842"," 0.8827"," 0.8766"," 0.9589"," 0.9253"," 1.1650"," 0.9156","0"
"Tests/Unit/pos/cmptag0.hs"," 0.8012"," 0.7379"," 0.7356"," 0.8276"," 0.8169"," 0.8260"," 0.7435"," 0.8077"," 1.1001"," 0.8285","0"
"Tests/Unit/pos/compare.hs"," 0.7870"," 0.7327"," 0.7267"," 0.8233"," 0.7923"," 0.8875"," 0.8513"," 0.8189"," 0.8665"," 0.7984","0"
"Tests/Unit/pos/compare1.hs"," 0.8287"," 0.7588"," 0.7834"," 0.8459"," 0.8441"," 0.8148"," 0.9334"," 0.8616"," 0.9760"," 0.8421","0"
"Tests/Unit/pos/compare2.hs"," 0.7857"," 0.7833"," 0.7397"," 0.8470"," 0.8547"," 0.8466"," 0.7817"," 0.7942"," 0.8590"," 0.8094","0"
"Tests/Unit/pos/comprehensionTerm.hs"," 1.1714"," 1.1032"," 1.0391"," 1.1605"," 1.1357"," 1.2058"," 1.4714"," 1.2223"," 1.4323"," 1.1885","0"
"Tests/Unit/pos/contra0.hs"," 0.8182"," 0.7594"," 0.7508"," 0.8477"," 0.8613"," 0.8627"," 1.3577"," 1.0313"," 1.1520"," 0.7994","0"
"Tests/Unit/pos/coretologic.hs"," 0.7825"," 0.7369"," 0.7064"," 0.7999"," 0.9360"," 0.8131"," 0.8400"," 0.8940"," 1.0287"," 0.7808","0"
"Tests/Unit/pos/csgordon_issue_296.hs"," 0.7421"," 0.7027"," 0.6642"," 0.8282"," 0.8687"," 0.7331"," 0.9525"," 0.7755"," 0.7649"," 0.7296","0"
"Tests/Unit/pos/cut00.hs"," 0.8412"," 0.7720"," 0.7080"," 0.9532"," 1.0322"," 0.8312"," 0.9859"," 0.7907"," 0.7991"," 0.7844","0"
"Tests/Unit/pos/data2.hs"," 0.9168"," 0.8696"," 0.8494"," 0.8724"," 0.9756"," 0.8569"," 1.0649"," 0.9558"," 0.9374"," 0.9069","0"
"Tests/Unit/pos/dataConQuals.hs"," 0.7580"," 0.6932"," 0.6856"," 0.7250"," 1.0480"," 0.8071"," 1.0233"," 0.7903"," 1.0170"," 0.9876","0"
"Tests/Unit/pos/datacon-inv.hs"," 0.8083"," 0.6646"," 0.6614"," 0.7375"," 0.7230"," 0.7630"," 0.8655"," 0.8821"," 0.7242"," 0.7844","0"
"Tests/Unit/pos/datacon0.hs"," 0.8762"," 0.7917"," 0.7843"," 0.8684"," 0.9713"," 0.9013"," 1.1197"," 0.9038"," 1.0599"," 0.9967","0"
"Tests/Unit/pos/datacon1.hs"," 0.7233"," 0.6625"," 0.6611"," 0.7518"," 0.8532"," 0.7993"," 0.9120"," 0.8407"," 0.8180"," 0.8089","0"
"Tests/Unit/pos/deepmeas0.hs"," 0.8501"," 0.8387"," 0.7610"," 0.8518"," 0.8594"," 0.8244"," 0.8368"," 0.8611"," 0.8432"," 0.8499","0"
"Tests/Unit/pos/deppair0.hs"," 0.8413"," 0.8250"," 0.7719"," 0.8873"," 0.8493"," 0.8613"," 0.8054"," 1.2356"," 0.9305"," 0.8484","0"
"Tests/Unit/pos/deppair1.hs"," 0.8010"," 0.7955"," 0.7445"," 0.8000"," 0.8185"," 0.8156"," 0.8295"," 0.8110"," 0.7339"," 0.8352","0"
"Tests/Unit/pos/deptup.hs"," 1.0382"," 0.9428"," 0.9182"," 1.0304"," 1.0464"," 1.0615"," 1.3017"," 1.0283"," 1.0335"," 1.0400","0"
"Tests/Unit/pos/deptup0.hs"," 0.8473"," 0.8190"," 0.7725"," 0.8606"," 0.8624"," 0.8460"," 1.1509"," 0.8695"," 1.0440"," 0.8403","0"
"Tests/Unit/pos/deptup1.hs"," 0.9296"," 0.8959"," 0.8799"," 0.9312"," 0.9566"," 0.9273"," 1.6947"," 0.9711"," 0.9610"," 0.9635","0"
"Tests/Unit/pos/deptup3.hs"," 0.8594"," 0.8833"," 0.7574"," 0.8416"," 0.8310"," 0.8526"," 1.1741"," 0.8908"," 0.8268"," 0.8203","0"
"Tests/Unit/pos/deptupW.hs"," 0.8675"," 1.0990"," 0.7628"," 0.8438"," 0.9672"," 0.9563"," 1.1570"," 1.0353"," 0.8234"," 0.8297","0"
"Tests/Unit/pos/div000.hs"," 0.7857"," 0.8759"," 0.6802"," 0.7524"," 0.7607"," 0.7779"," 1.0423"," 1.0506"," 0.6996"," 0.7199","0"
"Tests/Unit/pos/dropwhile.hs"," 1.0247"," 1.3322"," 0.9414"," 0.9820"," 1.0468"," 1.1781"," 1.6045"," 1.6156"," 0.9199"," 1.0014","0"
"Tests/Unit/pos/duplicate-bind.hs"," 0.8390"," 0.7462"," 0.7175"," 0.7919"," 0.8921"," 0.7739"," 1.5037"," 1.0563"," 0.7735"," 0.7903","0"
"Tests/Unit/pos/elements.hs"," 1.1556"," 1.1060"," 1.0130"," 1.0810"," 1.4319"," 1.1082"," 1.7840"," 1.6266"," 1.1922"," 1.1228","0"
"Tests/Unit/pos/elems.hs"," 0.8338"," 0.8273"," 0.6915"," 0.7750"," 0.8700"," 0.7693"," 1.0249"," 0.8521"," 0.8148"," 0.7791","0"
"Tests/Unit/pos/elim-ex-compose.hs"," 1.2671"," 1.6350"," 1.1835"," 1.2480"," 2.0376"," 1.2684"," 1.8118"," 1.9355"," 1.4181"," 1.2636","0"
"Tests/Unit/pos/elim-ex-list.hs"," 3.3406"," 3.3280"," 2.7723"," 2.9814"," 3.1123"," 3.2814"," 3.5388"," 3.3869"," 3.1000"," 3.4282","0"
"Tests/Unit/pos/elim00.hs"," 0.7313"," 0.7442"," 0.6835"," 0.7326"," 0.9019"," 0.7911"," 0.7157"," 0.7912"," 0.8361"," 0.8934","0"
"Tests/Unit/pos/elim01.hs"," 0.7592"," 0.7041"," 0.6954"," 0.7464"," 0.9303"," 0.7650"," 0.7905"," 0.8308"," 0.9052"," 1.0611","0"
"Tests/Unit/pos/eqelems.hs"," 0.7740"," 0.8460"," 0.7082"," 0.7506"," 1.0301"," 0.8023"," 0.8355"," 0.7952"," 0.8603"," 0.7584","0"
"Tests/Unit/pos/ex0.hs"," 0.8461"," 0.7947"," 0.7446"," 0.8306"," 0.9595"," 0.9015"," 0.8250"," 1.0827"," 0.8493"," 1.2580","0"
"Tests/Unit/pos/ex01.hs"," 0.7377"," 0.7076"," 0.6832"," 0.7128"," 0.9376"," 0.7465"," 0.7094"," 0.9253"," 0.7113"," 1.0751","0"
"Tests/Unit/pos/ex1.hs"," 0.8785"," 0.8561"," 0.8003"," 0.8850"," 1.3172"," 0.9609"," 0.8373"," 0.8580"," 0.9987"," 1.6817","0"
"Tests/Unit/pos/exp0.hs"," 0.7912"," 0.7482"," 0.7273"," 0.7831"," 1.1473"," 1.0152"," 0.7255"," 0.8326"," 0.7532"," 0.8213","0"
"Tests/Unit/pos/extype.hs"," 0.7612"," 0.7008"," 0.6713"," 0.7514"," 0.9270"," 0.9439"," 0.6801"," 0.7676"," 0.7165"," 0.7849","0"
"Tests/Unit/pos/failName.hs"," 0.7411"," 0.6782"," 0.6803"," 0.7066"," 0.9516"," 0.8810"," 0.6613"," 0.7176"," 0.7565"," 0.7095","0"
"Tests/Unit/pos/filterAbs.hs"," 0.8856"," 0.8248"," 0.8140"," 0.8872"," 0.9829"," 0.9167"," 0.8082"," 0.8731"," 0.8526"," 0.9536","0"
"Tests/Unit/pos/foldN.hs"," 0.7753"," 0.7541"," 0.6977"," 0.7683"," 0.7659"," 0.8061"," 0.7025"," 0.7676"," 0.8104"," 0.8063","0"
"Tests/Unit/pos/foldr.hs"," 0.7939"," 0.8503"," 0.7286"," 0.7932"," 0.9781"," 0.8183"," 0.7477"," 0.7981"," 0.7942"," 0.8298","0"
"Tests/Unit/pos/for.hs"," 0.9864"," 1.1184"," 0.9321"," 0.9963"," 1.1492"," 1.0188"," 0.9194"," 0.9866"," 1.0185"," 1.0480","0"
"Tests/Unit/pos/forloop.hs"," 0.9482"," 1.2261"," 0.8979"," 1.0193"," 1.0994"," 0.9516"," 0.8905"," 0.9732"," 0.8985"," 0.9798","0"
"Tests/Unit/pos/gadtEval.hs"," 1.3256"," 1.1477"," 1.1249"," 1.2543"," 2.0400"," 1.2481"," 1.2055"," 1.2911"," 1.2665"," 1.3850","0"
"Tests/Unit/pos/gimme.hs"," 0.7770"," 0.9001"," 0.7032"," 0.7908"," 0.8614"," 0.8069"," 0.8564"," 0.7608"," 0.7677"," 0.7861","0"
"Tests/Unit/pos/go.hs"," 0.8105"," 0.9346"," 0.7205"," 0.8627"," 0.8267"," 0.8012"," 0.7932"," 0.8126"," 0.7718"," 0.8554","0"
"Tests/Unit/pos/go_ugly_type.hs"," 0.8434"," 1.0142"," 0.7114"," 0.7672"," 0.7824"," 0.8053"," 0.8022"," 0.7708"," 0.8257"," 0.7936","0"
"Tests/Unit/pos/grty0.hs"," 0.7377"," 0.7077"," 0.6602"," 0.7466"," 0.7799"," 0.7718"," 0.8110"," 0.7183"," 0.8859"," 0.7807","0"
"Tests/Unit/pos/grty1.hs"," 0.7592"," 0.8335"," 0.6808"," 0.7388"," 0.7610"," 0.7519"," 0.7638"," 0.7325"," 0.9515"," 0.7639","0"
"Tests/Unit/pos/grty2.hs"," 0.7893"," 0.9361"," 0.6735"," 0.7632"," 0.7763"," 0.7404"," 1.2588"," 0.7287"," 0.7731"," 0.7718","0"
"Tests/Unit/pos/grty3.hs"," 0.7264"," 0.9880"," 0.6805"," 0.7184"," 0.7951"," 0.7192"," 0.7487"," 0.7607"," 1.0082"," 0.7520","0"
"Tests/Unit/pos/hello.hs"," 0.7455"," 0.8139"," 0.6887"," 0.8324"," 0.8319"," 0.7328"," 0.7520"," 0.7549"," 1.1167"," 0.7760","0"
"Tests/Unit/pos/hole-app.hs"," 0.7304"," 0.9019"," 0.6869"," 0.7576"," 0.7510"," 0.7548"," 0.8056"," 0.7484"," 0.7427"," 0.7402","0"
"Tests/Unit/pos/hole-fun.hs"," 0.7705"," 0.8075"," 0.6861"," 0.7817"," 0.7962"," 0.7811"," 0.7405"," 0.7285"," 0.7834"," 0.7516","0"
"Tests/Unit/pos/idNat.hs"," 0.7537"," 0.6798"," 0.6644"," 0.7625"," 0.8039"," 0.7771"," 0.7549"," 0.7324"," 0.7092"," 0.7659","0"
"Tests/Unit/pos/idNat0.hs"," 0.7489"," 0.6964"," 0.6643"," 0.8905"," 0.7229"," 0.7153"," 0.6953"," 0.7644"," 0.7193"," 0.7159","0"
"Tests/Unit/pos/imp0.hs"," 0.8403"," 0.7780"," 0.7372"," 1.1026"," 0.8064"," 0.8306"," 0.9316"," 0.8144"," 0.8266"," 0.8415","0"
"Tests/Unit/pos/implies.hs"," 0.7449"," 0.6751"," 0.6810"," 0.8284"," 0.7481"," 0.7242"," 0.7654"," 0.7296"," 0.7663"," 0.7897","0"
"Tests/Unit/pos/infix.hs"," 0.8096"," 0.7829"," 0.7300"," 1.0769"," 0.8981"," 0.7713"," 0.7906"," 0.8165"," 0.8452"," 0.8121","0"
"Tests/Unit/pos/initarray.hs"," 1.0239"," 0.9862"," 0.9356"," 1.3395"," 1.1190"," 1.3904"," 1.2591"," 1.0642"," 1.1120"," 1.0529","0"
"Tests/Unit/pos/inline.hs"," 0.8533"," 0.7691"," 0.7238"," 0.9960"," 0.9392"," 1.0642"," 0.8270"," 0.8340"," 0.8462"," 0.8172","0"
"Tests/Unit/pos/inline1.hs"," 0.7253"," 0.7197"," 0.6742"," 0.9278"," 0.7559"," 0.7194"," 0.7183"," 0.7459"," 0.7748"," 0.7347","0"
"Tests/Unit/pos/ite.hs"," 0.7744"," 0.7030"," 0.6784"," 0.9068"," 0.8873"," 0.7528"," 1.0500"," 0.7485"," 0.7935"," 0.8427","0"
"Tests/Unit/pos/ite1.hs"," 0.7467"," 0.7039"," 0.6727"," 0.7822"," 0.8039"," 0.7395"," 1.4101"," 0.7395"," 0.8112"," 0.8473","0"
"Tests/Unit/pos/kmpVec.hs"," 1.7325"," 1.6735"," 1.6257"," 1.7867"," 1.7711"," 1.8652"," 2.0269"," 1.8549"," 1.7874"," 1.7935","0"
"Tests/Unit/pos/lets.hs"," 0.8630"," 0.8038"," 0.9013"," 0.8670"," 0.8816"," 0.9497"," 0.7905"," 0.9045"," 0.9898"," 0.9010","0"
"Tests/Unit/pos/lex.hs"," 0.7451"," 0.7473"," 0.7519"," 0.7768"," 0.7549"," 0.7418"," 0.7317"," 0.7833"," 1.0649"," 0.7673","0"
"Tests/Unit/pos/listAnf.hs"," 0.8618"," 0.9677"," 0.7508"," 0.9144"," 0.8796"," 1.0860"," 1.3007"," 0.8262"," 0.9300"," 0.8349","0"
"Tests/Unit/pos/listSet.hs"," 0.9478"," 1.0233"," 0.8245"," 0.9177"," 0.8760"," 0.9251"," 0.9023"," 0.9453"," 0.9183"," 0.9807","0"
"Tests/Unit/pos/listSetDemo.hs"," 0.9192"," 1.1307"," 0.7857"," 0.9199"," 0.8695"," 0.9278"," 0.8956"," 0.9249"," 1.0070"," 0.9824","0"
"Tests/Unit/pos/listqual.hs"," 0.8343"," 0.7425"," 0.7208"," 0.8557"," 0.8281"," 0.8278"," 0.7793"," 0.8094"," 0.9913"," 0.7956","0"
"Tests/Unit/pos/lit.hs"," 0.7683"," 0.6872"," 0.6691"," 0.7448"," 0.7400"," 0.7526"," 1.0068"," 0.7362"," 0.7303"," 0.7340","0"
"Tests/Unit/pos/lit00.hs"," 0.8143"," 0.7643"," 0.7160"," 0.7820"," 0.8001"," 0.8194"," 1.1250"," 0.7895"," 0.8246"," 0.8034","0"
"Tests/Unit/pos/malformed0.hs"," 1.0775"," 1.2761"," 0.9858"," 1.3452"," 1.1402"," 1.1421"," 1.0892"," 1.4308"," 1.1659"," 1.1577","0"
"Tests/Unit/pos/mapTvCrash.hs"," 0.7467"," 0.7807"," 0.9816"," 0.7236"," 0.7929"," 0.8338"," 0.7943"," 0.7434"," 0.6994"," 0.7633","0"
"Tests/Unit/pos/mapreduce-bare.hs"," 3.3686"," 3.5137"," 3.8672"," 3.8511"," 3.6319"," 3.5107"," 3.9000"," 3.8108"," 4.1278"," 3.3660","0"
"Tests/Unit/pos/mapreduce.hs"," 2.0436"," 2.1252"," 2.0612"," 2.5255"," 2.1910"," 2.0523"," 2.0060"," 2.6032"," 2.8134"," 2.0045","0"
"Tests/Unit/pos/maps.hs"," 0.8571"," 0.8500"," 0.9579"," 0.7724"," 0.9024"," 0.8583"," 0.9273"," 0.8547"," 1.1282"," 0.8535","0"
"Tests/Unit/pos/maps1.hs"," 0.7767"," 0.8212"," 0.8681"," 0.7459"," 0.8231"," 0.8345"," 1.0586"," 0.8067"," 0.8517"," 0.8283","0"
"Tests/Unit/pos/maybe.hs"," 1.1428"," 1.1633"," 1.2673"," 1.1081"," 1.2258"," 1.2295"," 1.3216"," 1.2222"," 1.1740"," 1.6579","0"
"Tests/Unit/pos/maybe0.hs"," 0.7819"," 0.7747"," 0.9786"," 0.7291"," 0.9030"," 0.8482"," 0.8322"," 0.8134"," 0.8839"," 1.1992","0"
"Tests/Unit/pos/maybe00.hs"," 0.7108"," 0.7059"," 0.7764"," 0.7791"," 0.7736"," 0.8236"," 1.1699"," 0.7368"," 1.0617"," 1.1512","0"
"Tests/Unit/pos/maybe000.hs"," 0.7841"," 0.7906"," 1.0109"," 0.8450"," 0.8350"," 1.0184"," 0.8060"," 0.8976"," 0.8968"," 1.1006","0"
"Tests/Unit/pos/maybe1.hs"," 0.8485"," 0.8702"," 0.9027"," 1.0542"," 0.9648"," 0.8794"," 1.0341"," 0.8593"," 0.9802"," 0.9093","0"
"Tests/Unit/pos/maybe2.hs"," 1.1762"," 1.2185"," 1.2391"," 1.1751"," 1.2989"," 1.2500"," 1.1888"," 1.1930"," 1.4263"," 1.2740","0"
"Tests/Unit/pos/maybe3.hs"," 0.7534"," 0.7462"," 0.8470"," 0.7630"," 0.7920"," 0.8063"," 0.7579"," 0.7356"," 0.9030"," 0.7797","0"
"Tests/Unit/pos/maybe4.hs"," 0.7365"," 0.7556"," 0.9191"," 0.8756"," 0.7777"," 0.7622"," 0.7853"," 0.7670"," 0.7147"," 0.7531","0"
"Tests/Unit/pos/meas0.hs"," 0.8074"," 0.8046"," 1.0491"," 0.9347"," 0.9856"," 0.8340"," 1.1450"," 0.8011"," 0.7561"," 0.8060","0"
"Tests/Unit/pos/meas00.hs"," 0.8192"," 0.8018"," 0.8979"," 0.8991"," 1.0248"," 0.8277"," 1.0713"," 0.8117"," 0.7314"," 0.7878","0"
"Tests/Unit/pos/meas00a.hs"," 0.8188"," 0.7689"," 1.1439"," 1.0085"," 1.1828"," 0.7912"," 0.8169"," 0.9046"," 0.7102"," 0.8118","0"
"Tests/Unit/pos/meas0a.hs"," 0.8348"," 0.8219"," 0.9758"," 1.0140"," 1.0951"," 0.8887"," 0.8392"," 0.9467"," 0.7578"," 0.8754","0"
"Tests/Unit/pos/meas1.hs"," 0.8123"," 0.7988"," 0.9808"," 0.9158"," 0.9756"," 0.8858"," 0.8155"," 1.0451"," 0.9085"," 0.7957","0"
"Tests/Unit/pos/meas10.hs"," 0.8739"," 0.8636"," 0.8765"," 1.0531"," 1.5432"," 0.9130"," 0.8960"," 0.8770"," 0.9381"," 0.8527","0"
"Tests/Unit/pos/meas11.hs"," 0.7742"," 0.8155"," 0.9317"," 0.8029"," 0.9889"," 0.8372"," 1.0448"," 0.9390"," 0.8557"," 0.7934","0"
"Tests/Unit/pos/meas2.hs"," 0.8244"," 0.8249"," 1.3180"," 0.8501"," 1.1175"," 0.8574"," 1.1055"," 0.8789"," 1.1600"," 0.8293","0"
"Tests/Unit/pos/meas3.hs"," 0.8822"," 0.9143"," 1.5201"," 1.0616"," 1.1273"," 0.9819"," 1.0189"," 0.9658"," 1.0341"," 0.9037","0"
"Tests/Unit/pos/meas4.hs"," 0.8647"," 0.9406"," 1.3515"," 1.0522"," 1.3345"," 0.9991"," 1.0143"," 0.9744"," 1.1777"," 0.8710","0"
"Tests/Unit/pos/meas5.hs"," 1.2693"," 1.3292"," 1.3357"," 1.4202"," 1.7047"," 1.3367"," 1.7400"," 1.2980"," 1.8916"," 1.2609","0"
"Tests/Unit/pos/meas6.hs"," 0.8986"," 0.9942"," 0.9970"," 1.2701"," 1.2685"," 0.9207"," 1.1751"," 0.9192"," 1.0344"," 0.9176","0"
"Tests/Unit/pos/meas7.hs"," 0.8288"," 0.8207"," 0.7973"," 0.7297"," 0.9751"," 0.7936"," 0.7969"," 0.7626"," 0.8865"," 0.7513","0"
"Tests/Unit/pos/meas8.hs"," 0.8363"," 0.8726"," 0.8422"," 0.8964"," 1.0637"," 0.8535"," 1.0223"," 1.0680"," 0.9839"," 0.8795","0"
"Tests/Unit/pos/meas9.hs"," 0.8876"," 0.9026"," 0.8563"," 1.0508"," 1.2454"," 0.9075"," 0.9953"," 0.8295"," 0.8216"," 0.8504","0"
"Tests/Unit/pos/modTest.hs"," 0.9047"," 1.4031"," 1.1416"," 0.7333"," 0.8745"," 0.8327"," 0.8088"," 0.7914"," 1.1971"," 0.8057","0"
"Tests/Unit/pos/monad1.hs"," 0.7127"," 0.7591"," 0.7850"," 0.6819"," 0.9181"," 0.7453"," 0.8591"," 0.7345"," 0.8941"," 0.7542","0"
"Tests/Unit/pos/monad2.hs"," 0.7439"," 0.7564"," 0.7788"," 0.7409"," 1.6647"," 0.7728"," 0.9455"," 0.7729"," 0.8125"," 0.7627","0"
"Tests/Unit/pos/monad5.hs"," 1.0027"," 1.0834"," 1.1861"," 0.9901"," 1.6911"," 1.0406"," 1.2008"," 1.0576"," 1.0029"," 1.0815","0"
"Tests/Unit/pos/multi-pred-app-00.hs"," 0.7128"," 0.6981"," 0.7560"," 0.9021"," 0.7549"," 0.7662"," 0.8100"," 0.7316"," 0.6986"," 0.7412","0"
"Tests/Unit/pos/mutrec.hs"," 0.7789"," 0.7422"," 1.0529"," 0.7565"," 0.9026"," 0.7681"," 0.7715"," 0.7676"," 0.9269"," 0.9856","0"
"Tests/Unit/pos/nats.hs"," 0.8228"," 0.7837"," 0.7851"," 0.8243"," 0.8935"," 0.8773"," 1.1787"," 0.8297"," 0.8675"," 0.7853","0"
"Tests/Unit/pos/niki1.hs"," 0.8196"," 0.8330"," 0.8152"," 1.0396"," 1.5780"," 0.8683"," 0.8345"," 0.9202"," 1.0328"," 0.8491","0"
"Tests/Unit/pos/nullterm.hs"," 1.0287"," 1.1182"," 1.4730"," 1.3701"," 1.5708"," 1.0297"," 1.0407"," 1.3404"," 1.2975"," 1.0248","0"
"Tests/Unit/pos/pair.hs"," 1.4460"," 1.4947"," 1.7308"," 1.7503"," 1.3710"," 1.4426"," 1.2927"," 1.4729"," 1.4536"," 1.3533","0"
"Tests/Unit/pos/pair00.hs"," 1.2138"," 1.3097"," 1.1659"," 1.3513"," 1.1779"," 1.2062"," 1.1221"," 1.2992"," 1.9117"," 1.1760","0"
"Tests/Unit/pos/pargs.hs"," 0.7546"," 0.7831"," 0.6804"," 0.7243"," 0.7247"," 0.7404"," 0.6601"," 0.7449"," 0.8264"," 0.7137","0"
"Tests/Unit/pos/pargs1.hs"," 0.7433"," 0.7922"," 0.6731"," 0.7669"," 0.7244"," 0.7685"," 0.6752"," 0.7331"," 0.8602"," 0.7234","0"
"Tests/Unit/pos/partial-tycon.hs"," 0.7113"," 0.7554"," 0.7018"," 0.8289"," 0.6952"," 0.7792"," 0.6789"," 0.8129"," 1.0628"," 0.7163","0"
"Tests/Unit/pos/partialmeasure.hs"," 0.7517"," 0.8717"," 0.7603"," 0.8134"," 0.7310"," 0.7998"," 0.7052"," 0.8101"," 0.9061"," 0.7626","0"
"Tests/Unit/pos/poly0.hs"," 0.8562"," 0.8631"," 1.0657"," 0.7923"," 0.8116"," 0.8334"," 0.7606"," 0.8958"," 0.8948"," 0.8279","0"
"Tests/Unit/pos/poly1.hs"," 0.8634"," 0.8233"," 0.8905"," 0.7947"," 0.8224"," 0.8388"," 0.7562"," 0.8622"," 0.8060"," 0.8193","0"
"Tests/Unit/pos/poly2-degenerate.hs"," 0.8376"," 0.8562"," 0.9088"," 0.7399"," 0.8045"," 0.8608"," 0.7324"," 0.9308"," 0.8054"," 0.8121","0"
"Tests/Unit/pos/poly2.hs"," 0.8038"," 0.8315"," 0.9878"," 0.7476"," 0.8189"," 0.8523"," 0.7302"," 0.8452"," 0.9014"," 0.8013","0"
"Tests/Unit/pos/poly3.hs"," 0.7549"," 0.9177"," 0.8020"," 0.6940"," 0.7435"," 0.8905"," 0.7039"," 0.7520"," 0.8497"," 0.7434","0"
"Tests/Unit/pos/poly3a.hs"," 0.7407"," 0.7748"," 0.7680"," 0.7333"," 0.7621"," 0.8915"," 0.7081"," 0.8264"," 1.0842"," 0.7286","0"
"Tests/Unit/pos/poly4.hs"," 0.7799"," 0.8001"," 0.7531"," 0.7478"," 0.7578"," 0.8328"," 0.7418"," 0.7990"," 0.7665"," 0.7819","0"
"Tests/Unit/pos/polyfun.hs"," 0.8492"," 0.8389"," 0.8049"," 0.7976"," 0.7854"," 0.8184"," 0.8371"," 0.8229"," 0.7992"," 0.7857","0"
"Tests/Unit/pos/polyqual.hs"," 1.1291"," 1.1529"," 1.0403"," 1.1122"," 1.0639"," 1.1154"," 1.0992"," 1.0834"," 1.1817"," 1.0513","0"
"Tests/Unit/pos/poslist.hs"," 0.9237"," 0.9473"," 0.8441"," 1.1281"," 0.9175"," 0.9374"," 1.1298"," 0.9432"," 1.2981"," 0.9078","0"
"Tests/Unit/pos/poslist_dc.hs"," 0.8834"," 0.8540"," 0.7821"," 0.9202"," 0.8468"," 0.8845"," 0.7721"," 0.8720"," 1.0313"," 0.8480","0"
"Tests/Unit/pos/pragma0.hs"," 0.7055"," 0.7304"," 0.6890"," 0.8003"," 0.7138"," 0.8229"," 0.6741"," 0.7525"," 0.8288"," 0.7004","0"
"Tests/Unit/pos/pred.hs"," 0.7635"," 0.9168"," 0.7323"," 0.9261"," 0.7169"," 0.7868"," 0.6623"," 0.8015"," 0.7597"," 0.7094","0"
"Tests/Unit/pos/primInt0.hs"," 0.8587"," 0.9319"," 0.8265"," 0.9085"," 0.8165"," 0.9674"," 0.7579"," 0.8765"," 0.9404"," 0.8250","0"
"Tests/Unit/pos/profcrasher.hs"," 0.7951"," 0.8265"," 0.7377"," 0.8965"," 0.9030"," 0.8261"," 0.7434"," 0.9113"," 1.1065"," 0.7638","0"
"Tests/Unit/pos/propmeasure.hs"," 0.8710"," 0.8576"," 0.9856"," 0.8147"," 0.8408"," 0.8513"," 0.7682"," 0.8529"," 0.9776"," 0.8930","0"
"Tests/Unit/pos/propmeasure1.hs"," 0.7189"," 0.8197"," 0.7906"," 0.7038"," 0.7803"," 0.7252"," 0.6496"," 0.7131"," 0.7702"," 0.7562","0"
"Tests/Unit/pos/qualTest.hs"," 0.8221"," 0.8106"," 0.7785"," 0.8253"," 0.8022"," 1.0178"," 0.7342"," 0.9395"," 0.7170"," 0.9973","0"
"Tests/Unit/pos/range.hs"," 1.0794"," 1.0863"," 1.0727"," 1.0116"," 1.0799"," 1.4961"," 0.9908"," 1.2243"," 1.0383"," 1.1300","0"
"Tests/Unit/pos/range1.hs"," 0.8456"," 0.8200"," 0.8506"," 0.7710"," 1.0583"," 0.8403"," 0.7688"," 1.0231"," 0.7729"," 0.8010","0"
"Tests/Unit/pos/rangeAdt.hs"," 1.7721"," 1.7679"," 1.8620"," 1.6549"," 1.8912"," 1.7572"," 1.6660"," 2.2601"," 1.6642"," 1.7983","0"
"Tests/Unit/pos/rec_annot_go.hs"," 0.9015"," 0.9109"," 0.9316"," 0.8322"," 1.0223"," 1.2198"," 0.8560"," 0.9711"," 0.9443"," 0.9369","0"
"Tests/Unit/pos/record0.hs"," 0.8507"," 0.8823"," 0.8401"," 0.7582"," 0.9973"," 0.8538"," 0.8013"," 0.8077"," 0.9526"," 0.9711","0"
"Tests/Unit/pos/record1.hs"," 0.7569"," 0.7730"," 0.7733"," 0.6902"," 0.7483"," 0.8089"," 0.6982"," 0.7188"," 0.8392"," 0.8314","0"
"Tests/Unit/pos/recursion0.hs"," 0.7786"," 0.7964"," 1.1996"," 0.6973"," 0.7904"," 0.8613"," 0.6908"," 0.7808"," 0.6729"," 0.7928","0"
"Tests/Unit/pos/repeatHigherOrder.hs"," 1.2793"," 1.2206"," 1.2491"," 1.2026"," 1.2806"," 1.2404"," 1.1886"," 1.5388"," 1.1258"," 1.2637","0"
"Tests/Unit/pos/risers.hs"," 0.8324"," 0.8516"," 0.9172"," 0.8790"," 0.8365"," 0.8394"," 0.7608"," 0.7943"," 0.7905"," 0.8154","0"
"Tests/Unit/pos/scanr.hs"," 0.8205"," 0.8348"," 0.8514"," 0.8399"," 0.8040"," 0.8247"," 0.8903"," 0.7900"," 0.8327"," 0.8475","0"
"Tests/Unit/pos/selfList.hs"," 0.8546"," 0.9720"," 0.8737"," 0.8029"," 0.8210"," 0.8174"," 0.8078"," 0.8462"," 0.8321"," 0.8641","0"
"Tests/Unit/pos/spec0.hs"," 0.7901"," 0.8125"," 0.8156"," 0.9587"," 0.7851"," 0.7857"," 0.8334"," 0.8474"," 0.8998"," 0.9898","0"
"Tests/Unit/pos/stacks0.hs"," 0.8345"," 0.8213"," 0.8786"," 0.7660"," 0.8450"," 0.8176"," 0.7933"," 0.9070"," 0.8771"," 1.0050","0"
"Tests/Unit/pos/state00.hs"," 0.9607"," 0.8483"," 0.7633"," 0.7388"," 0.7523"," 0.9258"," 0.8312"," 0.9293"," 0.8197"," 0.8053","0"
"Tests/Unit/pos/stateInvarint.hs"," 0.8520"," 0.9294"," 0.8683"," 0.9558"," 0.9437"," 1.0327"," 0.8376"," 0.8816"," 0.9169"," 0.9874","0"
"Tests/Unit/pos/string00.hs"," 0.7656"," 0.9819"," 0.8107"," 1.0167"," 0.7669"," 0.7562"," 0.7099"," 0.8994"," 0.7897"," 1.0227","0"
"Tests/Unit/pos/tagBinder.hs"," 0.6634"," 0.7554"," 0.6547"," 0.7602"," 0.7366"," 0.7997"," 0.6634"," 0.6671"," 0.7378"," 0.8437","0"
"Tests/Unit/pos/take.hs"," 0.9470"," 1.0057"," 0.8893"," 1.2216"," 1.0051"," 1.2652"," 0.8941"," 0.9034"," 0.9806"," 1.1712","0"
"Tests/Unit/pos/term0.hs"," 0.8094"," 0.9604"," 0.8007"," 1.1184"," 0.8643"," 1.1514"," 0.7666"," 0.7683"," 0.8390"," 1.0287","0"
"Tests/Unit/pos/test0.hs"," 0.7324"," 0.8374"," 0.7501"," 0.9038"," 0.7914"," 1.0589"," 0.7487"," 0.7199"," 0.8945"," 1.0675","0"
"Tests/Unit/pos/test00-int.hs"," 0.7256"," 0.7753"," 0.7877"," 0.7714"," 0.7823"," 1.2234"," 0.7409"," 0.7117"," 0.7774"," 1.1091","0"
"Tests/Unit/pos/test00.hs"," 0.7279"," 0.7951"," 0.8872"," 0.7767"," 0.8244"," 1.3110"," 0.7501"," 0.7199"," 0.8049"," 1.3400","0"
"Tests/Unit/pos/test00.old.hs"," 0.7374"," 0.8421"," 0.8309"," 0.7748"," 0.7990"," 1.1485"," 0.7089"," 0.7329"," 0.7876"," 1.0372","0"
"Tests/Unit/pos/test000.hs"," 0.7387"," 0.9195"," 0.7719"," 0.8022"," 0.8028"," 1.0378"," 0.7340"," 0.7504"," 0.8756"," 1.2188","0"
"Tests/Unit/pos/test00b.hs"," 0.7209"," 1.0556"," 0.7950"," 0.8084"," 0.7930"," 1.1439"," 0.7286"," 0.7251"," 0.8731"," 0.9904","0"
"Tests/Unit/pos/test00c.hs"," 0.7779"," 1.3247"," 0.8241"," 0.8452"," 0.9459"," 1.6082"," 0.7845"," 0.7715"," 1.2278"," 1.0885","0"
"Tests/Unit/pos/test1.hs"," 0.7237"," 0.9827"," 0.8193"," 0.7718"," 1.1509"," 0.7905"," 0.7208"," 0.7318"," 0.9522"," 1.0423","0"
"Tests/Unit/pos/test2.hs"," 0.7365"," 0.9049"," 0.8060"," 0.7908"," 1.1725"," 0.8396"," 0.7332"," 0.7904"," 1.2231"," 1.0067","0"
"Tests/Unit/pos/testRec.hs"," 0.7201"," 0.8875"," 0.7758"," 0.7736"," 0.8289"," 0.7868"," 0.7000"," 0.8651"," 1.0656"," 1.0819","0"
"Tests/Unit/pos/top0.hs"," 0.7835"," 0.8905"," 0.8621"," 0.8290"," 0.9230"," 0.8454"," 0.7581"," 0.8634"," 0.9857"," 0.8130","0"
"Tests/Unit/pos/trans.hs"," 0.8132"," 1.4764"," 0.9102"," 0.9047"," 0.9908"," 1.0149"," 0.8338"," 0.8886"," 0.9214"," 1.5226","0"
"Tests/Unit/pos/transTAG.hs"," 1.5411"," 2.3391"," 1.6299"," 1.6949"," 1.9388"," 1.7026"," 1.6592"," 1.8444"," 2.2116"," 2.4323","0"
"Tests/Unit/pos/transpose.hs"," 1.0685"," 1.7738"," 1.1571"," 1.1525"," 1.3597"," 1.1728"," 1.0775"," 1.1428"," 1.3464"," 1.6363","0"
"Tests/Unit/pos/tup0.hs"," 0.6777"," 0.9961"," 0.7023"," 0.7347"," 0.8012"," 0.7450"," 0.6677"," 0.7572"," 0.7470"," 1.0261","0"
"Tests/Unit/pos/tupparse.hs"," 0.7543"," 1.1503"," 0.8111"," 0.8213"," 0.9119"," 0.8227"," 0.7310"," 0.7946"," 0.8182"," 0.9661","0"
"Tests/Unit/pos/tyExpr.hs"," 0.6702"," 0.7224"," 0.7565"," 0.7299"," 0.9062"," 0.7638"," 0.6567"," 0.7344"," 0.7285"," 1.3093","0"
"Tests/Unit/pos/tyclass0.hs"," 0.6643"," 0.9977"," 0.7122"," 0.7456"," 0.7297"," 0.8181"," 0.6625"," 0.8836"," 0.7014"," 1.2047","0"
"Tests/Unit/pos/tyfam0.hs"," 0.7402"," 0.7986"," 0.9361"," 0.8292"," 0.8005"," 0.8103"," 0.7198"," 0.7800"," 0.8046"," 1.4005","0"
"Tests/Unit/pos/tyvar.hs"," 0.6699"," 0.7445"," 0.7182"," 0.8407"," 0.8414"," 0.7256"," 0.6533"," 0.7275"," 0.7220"," 0.9597","0"
"Tests/Unit/pos/unusedtyvars.hs"," 0.7344"," 0.7285"," 0.6914"," 0.7887"," 1.0385"," 0.7529"," 0.6635"," 0.6984"," 0.7315"," 1.1374","0"
"Tests/Unit/pos/vecloop.hs"," 0.9513"," 0.9896"," 0.9474"," 0.9803"," 0.9646"," 0.9773"," 0.8841"," 0.9395"," 0.9648"," 1.5059","0"
"Tests/Unit/pos/vector00.hs"," 0.8637"," 0.9168"," 0.8305"," 0.8516"," 0.8661"," 0.8462"," 0.7617"," 0.7587"," 1.0244"," 1.4454","0"
"Tests/Unit/pos/vector1a.hs"," 1.1429"," 1.1343"," 1.1251"," 1.4792"," 1.4716"," 1.1953"," 1.0810"," 1.0736"," 1.1527"," 1.6391","0"
"Tests/Unit/pos/vector1b.hs"," 1.1436"," 1.1208"," 1.2443"," 1.5474"," 1.1277"," 1.1054"," 1.0957"," 1.0887"," 1.1321"," 1.1171","0"
"Tests/Unit/pos/vector2.hs"," 1.3837"," 1.4164"," 1.7577"," 1.7482"," 1.5678"," 1.4515"," 1.4676"," 1.3161"," 1.4346"," 1.4137","0"
"Tests/Unit/pos/wrap0.hs"," 0.8757"," 0.9116"," 1.0053"," 0.9266"," 0.8914"," 0.8722"," 0.8017"," 0.7512"," 0.8247"," 0.8150","0"
"Tests/Unit/pos/wrap1.hs"," 1.2521"," 1.0607"," 1.1437"," 1.4120"," 1.0721"," 1.0549"," 1.2816"," 0.9167"," 1.0047"," 1.1016","0"
"Tests/Unit/pos/zipSO.hs"," 0.7917"," 0.9926"," 0.7510"," 0.9389"," 0.7914"," 0.8211"," 0.7220"," 0.8105"," 0.8748"," 0.7200","0"
"Tests/Unit/pos/zipW.hs"," 0.8422"," 1.0296"," 0.7941"," 1.0356"," 0.8249"," 0.8138"," 0.7426"," 1.0433"," 0.9580"," 0.7625","0"
"Tests/Unit/pos/zipW1.hs"," 0.8004"," 0.8763"," 0.8269"," 1.3924"," 0.7826"," 0.7964"," 0.7026"," 1.0124"," 0.9499"," 1.2563","0"
"Tests/Unit/pos/zipW2.hs"," 0.7899"," 0.9261"," 0.7992"," 1.1315"," 0.7881"," 0.9214"," 0.7098"," 1.1561"," 0.7524"," 1.2006","0"
"Tests/Unit/pos/zipper.hs"," 1.4955"," 1.5618"," 1.7473"," 1.5720"," 1.5437"," 1.5852"," 1.5965"," 1.4119"," 1.9464"," 1.5429","0"
"Tests/Unit/pos/zipper0.hs"," 0.9328"," 1.1060"," 0.8900"," 0.8520"," 0.9789"," 0.9911"," 0.8764"," 0.9944"," 0.9997"," 1.1479","0"
"Tests/Unit/pos/zipper000.hs"," 0.7955"," 0.9069"," 0.7527"," 0.8756"," 0.8259"," 0.8230"," 0.7470"," 0.9187"," 0.8107"," 0.8923","0"