 (HEAD, origin/rename-prefix) : 4b15a33fe4b717cd38ef4e6e52dc02122c7d97ca
Timestamp: 2016-07-24 11:20:06 +0530
Epoch Timestamp: 1469339406
--------------------------------------------------------------------------------
test, time(s), result

Tests/Unit/pos/zipW2.hs, 0.9190, True
Tests/Unit/pos/zipW1.hs, 0.8623, True
Tests/Unit/pos/zipW.hs, 0.8176, True
Tests/Unit/pos/zipSO.hs, 0.8161, True
Tests/Unit/pos/zipper000.hs, 0.8586, True
Tests/Unit/pos/zipper0.hs, 0.9825, True
Tests/Unit/pos/zipper.hs, 1.5918, True
Tests/Unit/pos/wrap1.hs, 1.0347, True
Tests/Unit/pos/wrap0.hs, 0.8555, True
Tests/Unit/pos/Words1.hs, 0.8187, True
Tests/Unit/pos/Words.hs, 0.7309, True
Tests/Unit/pos/WBL0.hs, 1.7832, True
Tests/Unit/pos/WBL.hs, 1.6985, True
Tests/Unit/pos/vector2.hs, 1.4857, True
Tests/Unit/pos/vector1b.hs, 1.2488, True
Tests/Unit/pos/vector1a.hs, 1.1984, True
Tests/Unit/pos/vector1.hs, 1.1297, True
Tests/Unit/pos/vector00.hs, 0.9125, True
Tests/Unit/pos/vector0.hs, 1.1794, True
Tests/Unit/pos/vecloop.hs, 0.9643, True
Tests/Unit/pos/Variance.hs, 0.8337, True
Tests/Unit/pos/unusedtyvars.hs, 0.7341, True
Tests/Unit/pos/UnboxedTuplesAndTH.hs, 0.8428, True
Tests/Unit/pos/UnboxedTuples.hs, 0.8609, True
Tests/Unit/pos/tyvar.hs, 0.8373, True
Tests/Unit/pos/TypeFamilies.hs, 1.0294, True
Tests/Unit/pos/TypeAlias.hs, 0.9185, True
Tests/Unit/pos/tyfam0.hs, 0.9579, True
Tests/Unit/pos/tyExpr.hs, 0.8249, True
Tests/Unit/pos/tyclass0.hs, 0.9184, True
Tests/Unit/pos/tupparse.hs, 1.0530, True
Tests/Unit/pos/tup0.hs, 0.9501, True
Tests/Unit/pos/transTAG.hs, 1.8100, True
Tests/Unit/pos/transpose.hs, 1.4611, True
Tests/Unit/pos/trans.hs, 1.2210, True
Tests/Unit/pos/ToyMVar.hs, 1.2328, True
Tests/Unit/pos/TopLevel.hs, 0.9711, True
Tests/Unit/pos/top0.hs, 0.9913, True
Tests/Unit/pos/TokenType.hs, 0.9369, True
Tests/Unit/pos/testRec.hs, 1.0075, True
Tests/Unit/pos/Test761.hs, 0.9723, True
Tests/Unit/pos/test2.hs, 1.0857, True
Tests/Unit/pos/test1.hs, 1.0522, True
Tests/Unit/pos/test00c.hs, 1.0880, True
Tests/Unit/pos/test00b.hs, 1.0488, True
Tests/Unit/pos/test000.hs, 0.9616, True
Tests/Unit/pos/test00.old.hs, 0.9756, True
Tests/Unit/pos/test00.hs, 1.0113, True
Tests/Unit/pos/test00-int.hs, 0.9907, True
Tests/Unit/pos/test0.hs, 0.9008, True
Tests/Unit/pos/TerminationNum0.hs, 0.7642, True
Tests/Unit/pos/TerminationNum.hs, 0.7590, True
Tests/Unit/pos/Termination.lhs, 1.3330, True
Tests/Unit/pos/term0.hs, 0.9385, True
Tests/Unit/pos/Term.hs, 0.8147, True
Tests/Unit/pos/TemplateHaskellImp.hs, 1.0984, True
Tests/Unit/pos/TemplateHaskell.hs, 0.8982, True
Tests/Unit/pos/take.hs, 1.1543, True
Tests/Unit/pos/tagBinder.hs, 0.7508, True
Tests/Unit/pos/T716.hs, 0.9328, True
Tests/Unit/pos/T675.hs, 0.9255, True
Tests/Unit/pos/T598.hs, 0.9123, True
Tests/Unit/pos/T595a.hs, 0.7633, True
Tests/Unit/pos/T595.hs, 0.7968, True
Tests/Unit/pos/T531.hs, 0.8030, True
Tests/Unit/pos/Sum.hs, 0.8979, True
Tests/Unit/pos/StructRec.hs, 0.7820, True
Tests/Unit/pos/Strings.hs, 0.7820, True
Tests/Unit/pos/StringLit.hs, 0.7387, True
Tests/Unit/pos/string00.hs, 0.8731, True
Tests/Unit/pos/StrictPair1.hs, 1.0179, True
Tests/Unit/pos/StrictPair0.hs, 0.8380, True
Tests/Unit/pos/StreamInvariants.hs, 0.7505, True
Tests/Unit/pos/stateInvarint.hs, 1.0096, True
Tests/Unit/pos/StateF00.hs, 0.8451, True
Tests/Unit/pos/StateConstraints00.hs, 0.7956, True
Tests/Unit/pos/StateConstraints0.hs, 8.9448, True
Tests/Unit/pos/StateConstraints.hs, 5.0527, True
Tests/Unit/pos/State1.hs, 0.7944, True
Tests/Unit/pos/state00.hs, 0.8128, True
Tests/Unit/pos/State.hs, 0.8411, True
Tests/Unit/pos/stacks0.hs, 0.8270, True
Tests/Unit/pos/StackClass.hs, 0.8019, True
Tests/Unit/pos/spec0.hs, 0.8231, True
Tests/Unit/pos/Solver.hs, 1.2989, True
Tests/Unit/pos/SimplifyTup00.hs, 0.8036, True
Tests/Unit/pos/SimplerNotation.hs, 0.7319, True
Tests/Unit/pos/selfList.hs, 0.8682, True
Tests/Unit/pos/scanr.hs, 0.8667, True
Tests/Unit/pos/SafePartialFunctions.hs, 0.7855, True
Tests/Unit/pos/risers.hs, 0.8425, True
Tests/Unit/pos/ResolvePred.hs, 0.7853, True
Tests/Unit/pos/ResolveB.hs, 0.7320, True
Tests/Unit/pos/ResolveA.hs, 0.8081, True
Tests/Unit/pos/Resolve.hs, 0.7814, True
Tests/Unit/pos/repeatHigherOrder.hs, 1.1869, True
Tests/Unit/pos/Repeat.hs, 0.8477, True
Tests/Unit/pos/RelativeComplete.hs, 0.7928, True
Tests/Unit/pos/recursion0.hs, 0.7451, True
Tests/Unit/pos/RecSelector.hs, 0.7509, True
Tests/Unit/pos/RecQSort0.hs, 0.9227, True
Tests/Unit/pos/RecQSort.hs, 0.9230, True
Tests/Unit/pos/RecordSelectorError.hs, 0.7609, True
Tests/Unit/pos/record1.hs, 0.7553, True
Tests/Unit/pos/record0.hs, 0.8494, True
Tests/Unit/pos/rec_annot_go.hs, 0.9530, True
Tests/Unit/pos/RealProps1.hs, 0.8402, True
Tests/Unit/pos/RealProps.hs, 0.8548, True
Tests/Unit/pos/RBTree.hs, 10.2172, True
Tests/Unit/pos/RBTree-ord.hs, 6.0568, True
Tests/Unit/pos/RBTree-height.hs, 2.7394, True
Tests/Unit/pos/RBTree-color.hs, 3.2901, True
Tests/Unit/pos/RBTree-col-height.hs, 4.3523, True
Tests/Unit/pos/rangeAdt.hs, 1.8556, True
Tests/Unit/pos/range1.hs, 1.1660, True
Tests/Unit/pos/range.hs, 1.3080, True
Tests/Unit/pos/qualTest.hs, 0.9280, True
Tests/Unit/pos/QQTySyn.hs, 3.5128, True
Tests/Unit/pos/QQTySigTyVars.hs, 3.7493, True
Tests/Unit/pos/QQTySig.hs, 3.1713, True
Tests/Unit/pos/propmeasure1.hs, 0.7647, True
Tests/Unit/pos/propmeasure.hs, 0.9167, True
Tests/Unit/pos/Propability.hs, 0.8808, True
Tests/Unit/pos/PromotedDataCons.hs, 0.7952, True
Tests/Unit/pos/profcrasher.hs, 0.8457, True
Tests/Unit/pos/Product.hs, 1.1172, True
Tests/Unit/pos/primInt0.hs, 0.9036, True
Tests/Unit/pos/pred.hs, 0.7975, True
Tests/Unit/pos/pragma0.hs, 0.7398, True
Tests/Unit/pos/poslist_dc.hs, 0.8732, True
Tests/Unit/pos/poslist.hs, 0.9430, True
Tests/Unit/pos/polyqual.hs, 1.0787, True
Tests/Unit/pos/polyfun.hs, 0.8120, True
Tests/Unit/pos/poly4.hs, 0.7888, True
Tests/Unit/pos/poly3a.hs, 0.7521, True
Tests/Unit/pos/poly3.hs, 0.7615, True
Tests/Unit/pos/poly2.hs, 0.8388, True
Tests/Unit/pos/poly2-degenerate.hs, 0.8078, True
Tests/Unit/pos/poly1.hs, 0.8441, True
Tests/Unit/pos/poly0.hs, 0.8726, True
Tests/Unit/pos/PointDist.hs, 0.8352, True
Tests/Unit/pos/PlugHoles.hs, 0.7054, True
Tests/Unit/pos/PersistentVector.hs, 0.8831, True
Tests/Unit/pos/Permutation.hs, 1.4638, True
Tests/Unit/pos/partialmeasure.hs, 0.7732, True
Tests/Unit/pos/partial-tycon.hs, 0.7226, True
Tests/Unit/pos/pargs1.hs, 0.7523, True
Tests/Unit/pos/pargs.hs, 0.7351, True
Tests/Unit/pos/PairMeasure0.hs, 0.7616, True
Tests/Unit/pos/PairMeasure.hs, 0.7693, True
Tests/Unit/pos/pair00.hs, 1.1942, True
Tests/Unit/pos/pair0.hs, 1.3937, True
Tests/Unit/pos/pair.hs, 1.4483, True
Tests/Unit/pos/Overwrite.hs, 0.7891, True
Tests/Unit/pos/OrdList.hs, 15.2582, True
Tests/Unit/pos/nullterm.hs, 0.9903, True
Tests/Unit/pos/NoExhaustiveGuardsError.hs, 0.7461, True
Tests/Unit/pos/NoCaseExpand.hs, 1.1324, True
Tests/Unit/pos/niki1.hs, 0.8483, True
Tests/Unit/pos/niki.hs, 0.7899, True
Tests/Unit/pos/nats.hs, 0.8209, True
Tests/Unit/pos/MutualRec.hs, 2.1247, True
Tests/Unit/pos/mutrec.hs, 0.7410, True
Tests/Unit/pos/MultipleInvariants.hs, 0.7548, True
Tests/Unit/pos/multi-pred-app-00.hs, 0.7185, True
Tests/Unit/pos/Moo.hs, 0.8581, True
Tests/Unit/pos/monad7.hs, 0.9891, True
Tests/Unit/pos/monad6.hs, 0.8300, True
Tests/Unit/pos/monad5.hs, 1.0301, True
Tests/Unit/pos/monad2.hs, 0.7630, True
Tests/Unit/pos/monad1.hs, 0.8170, True
Tests/Unit/pos/modTest.hs, 0.8208, True
Tests/Unit/pos/Mod2.hs, 0.7520, True
Tests/Unit/pos/Mod1.hs, 0.7660, True
Tests/Unit/pos/MergeSort.hs, 1.2996, True
Tests/Unit/pos/Merge1.hs, 0.8284, True
Tests/Unit/pos/MeasureSets.hs, 0.8325, True
Tests/Unit/pos/Measures1.hs, 0.7621, True
Tests/Unit/pos/Measures.hs, 0.7596, True
Tests/Unit/pos/MeasureDups.hs, 0.8386, True
Tests/Unit/pos/MeasureContains.hs, 0.8497, True
Tests/Unit/pos/meas9.hs, 0.8541, True
Tests/Unit/pos/meas8.hs, 0.8227, True
Tests/Unit/pos/meas7.hs, 0.9860, True
Tests/Unit/pos/meas6.hs, 0.9748, True
Tests/Unit/pos/meas5.hs, 1.5982, True
Tests/Unit/pos/meas4.hs, 0.9584, True
Tests/Unit/pos/meas3.hs, 1.0809, True
Tests/Unit/pos/meas2.hs, 0.8235, True
Tests/Unit/pos/meas11.hs, 0.9068, True
Tests/Unit/pos/meas10.hs, 0.9483, True
Tests/Unit/pos/meas1.hs, 0.8252, True
Tests/Unit/pos/meas0a.hs, 0.8357, True
Tests/Unit/pos/meas00a.hs, 0.7766, True
Tests/Unit/pos/meas00.hs, 0.8212, True
Tests/Unit/pos/meas0.hs, 0.9472, True
Tests/Unit/pos/maybe4.hs, 0.7907, True
Tests/Unit/pos/maybe3.hs, 0.7311, True
Tests/Unit/pos/maybe2.hs, 1.5264, True
Tests/Unit/pos/maybe1.hs, 0.9470, True
Tests/Unit/pos/maybe000.hs, 0.8244, True
Tests/Unit/pos/maybe00.hs, 0.7396, True
Tests/Unit/pos/maybe0.hs, 0.8232, True
Tests/Unit/pos/maybe.hs, 1.2122, True
Tests/Unit/pos/mapTvCrash.hs, 0.9478, True
Tests/Unit/pos/maps1.hs, 0.8042, True
Tests/Unit/pos/maps.hs, 1.0191, True
Tests/Unit/pos/mapreduce.hs, 2.5068, True
Tests/Unit/pos/mapreduce-bare.hs, 3.7120, True
Tests/Unit/pos/Map2.hs, 10.3127, True
Tests/Unit/pos/Map0.hs, 10.9111, True
Tests/Unit/pos/Map.hs, 9.5047, True
Tests/Unit/pos/malformed0.hs, 1.0635, True
Tests/Unit/pos/Loo.hs, 0.7424, True
Tests/Unit/pos/LogicCurry1.hs, 0.7384, True
Tests/Unit/pos/LocalTermExpr.hs, 0.8068, True
Tests/Unit/pos/LocalSpecImp.hs, 0.8466, True
Tests/Unit/pos/LocalSpec0.hs, 0.7432, True
Tests/Unit/pos/LocalSpec.hs, 0.8821, True
Tests/Unit/pos/LocalLazy.hs, 0.8742, True
Tests/Unit/pos/LocalHole.hs, 1.1500, True
Tests/Unit/pos/lit00.hs, 1.0745, True
Tests/Unit/pos/lit.hs, 0.9839, True
Tests/Unit/pos/ListSort.hs, 2.1879, True
Tests/Unit/pos/listSetDemo.hs, 0.9388, True
Tests/Unit/pos/listSet.hs, 0.9269, True
Tests/Unit/pos/ListReverse-LType.hs, 0.8269, True
Tests/Unit/pos/ListRange.hs, 0.9017, True
Tests/Unit/pos/ListRange-LType.hs, 0.9170, True
Tests/Unit/pos/listqual.hs, 0.8261, True
Tests/Unit/pos/ListQSort.hs, 1.5654, True
Tests/Unit/pos/ListQSort-LType.hs, 1.3970, True
Tests/Unit/pos/ListMSort.hs, 1.3495, True
Tests/Unit/pos/ListMSort-LType.hs, 2.2742, True
Tests/Unit/pos/ListLen.hs, 1.3467, True
Tests/Unit/pos/ListLen-LType.hs, 1.2154, True
Tests/Unit/pos/ListKeys.hs, 0.7746, True
Tests/Unit/pos/ListISort.hs, 0.8713, True
Tests/Unit/pos/ListISort-LType.hs, 1.2157, True
Tests/Unit/pos/ListElem.hs, 0.7914, True
Tests/Unit/pos/ListConcat.hs, 0.8573, True
Tests/Unit/pos/listAnf.hs, 0.8891, True
Tests/Unit/pos/LiquidClass.hs, 0.7323, True
Tests/Unit/pos/LiquidArray.hs, 0.7723, True
Tests/Unit/pos/lex.hs, 0.7495, True
Tests/Unit/pos/lets.hs, 0.8729, True
Tests/Unit/pos/LazyWhere1.hs, 0.8151, True
Tests/Unit/pos/LazyWhere.hs, 0.7817, True
Tests/Unit/pos/LambdaEvalTiny.hs, 1.1115, True
Tests/Unit/pos/LambdaEvalSuperTiny.hs, 1.0566, True
Tests/Unit/pos/LambdaEvalMini.hs, 2.3141, True
Tests/Unit/pos/LambdaEval.hs, 12.9263, True
Tests/Unit/pos/LambdaDeBruijn.hs, 1.3947, True
Tests/Unit/pos/kmpVec.hs, 1.7745, True
Tests/Unit/pos/kmpIO.hs, 1.0194, True
Tests/Unit/pos/kmp.hs, 2.2578, True
Tests/Unit/pos/Keys.hs, 0.8476, True
Tests/Unit/pos/jeff.hs, 3.9631, True
Tests/Unit/pos/ite1.hs, 0.9515, True
Tests/Unit/pos/ite.hs, 0.9287, True
Tests/Unit/pos/invlhs.hs, 0.7475, True
Tests/Unit/pos/Invariants.hs, 0.8572, True
Tests/Unit/pos/inline1.hs, 0.7274, True
Tests/Unit/pos/inline.hs, 0.8077, True
Tests/Unit/pos/initarray.hs, 1.1999, True
Tests/Unit/pos/infix.hs, 0.7912, True
Tests/Unit/pos/Infinity.hs, 0.8223, True
Tests/Unit/pos/implies.hs, 0.7745, True
Tests/Unit/pos/imp0.hs, 1.0345, True
Tests/Unit/pos/idNat0.hs, 0.8558, True
Tests/Unit/pos/idNat.hs, 0.8402, True
Tests/Unit/pos/IcfpDemo.hs, 0.9850, True
Tests/Unit/pos/Holes.hs, 0.8328, True
Tests/Unit/pos/hole-fun.hs, 0.7966, True
Tests/Unit/pos/hole-app.hs, 0.7828, True
Tests/Unit/pos/HigherOrderRecFun.hs, 0.7688, True
Tests/Unit/pos/hello.hs, 0.7748, True
Tests/Unit/pos/HedgeUnion.hs, 0.9287, True
Tests/Unit/pos/HaskellMeasure.hs, 0.8205, True
Tests/Unit/pos/HasElem.hs, 0.8088, True
Tests/Unit/pos/grty3.hs, 0.7905, True
Tests/Unit/pos/grty2.hs, 0.7926, True
Tests/Unit/pos/grty1.hs, 0.7908, True
Tests/Unit/pos/grty0.hs, 0.7533, True
Tests/Unit/pos/Graph.hs, 1.0618, True
Tests/Unit/pos/Gradual.hs, 0.0000, True
Tests/Unit/pos/GoodHMeas.hs, 0.7853, True
Tests/Unit/pos/Goo.hs, 0.7313, True
Tests/Unit/pos/go_ugly_type.hs, 0.8586, True
Tests/Unit/pos/go.hs, 0.8415, True
Tests/Unit/pos/gimme.hs, 0.8081, True
Tests/Unit/pos/GhcSort3.T.hs, 1.4994, True
Tests/Unit/pos/GhcSort3.hs, 3.5069, True
Tests/Unit/pos/GhcSort2.hs, 1.4318, True
Tests/Unit/pos/GhcSort1.hs, 2.7559, True
Tests/Unit/pos/GhcListSort.hs, 6.4596, True
Tests/Unit/pos/GeneralizedTermination.hs, 0.8749, True
Tests/Unit/pos/GCD.hs, 1.0695, True
Tests/Unit/pos/GADTs.hs, 0.8525, True
Tests/Unit/pos/gadtEval.hs, 1.5087, True
Tests/Unit/pos/FractionalInstance.hs, 1.9972, True
Tests/Unit/pos/Fractional.hs, 0.7560, True
Tests/Unit/pos/forloop.hs, 0.9914, True
Tests/Unit/pos/for.hs, 0.9978, True
Tests/Unit/pos/Foo.hs, 0.7296, True
Tests/Unit/pos/foldr.hs, 0.7894, True
Tests/Unit/pos/foldN.hs, 0.7562, True
Tests/Unit/pos/Foldl.hs, 6.4953, True
Tests/Unit/pos/filterAbs.hs, 0.8436, True
Tests/Unit/pos/FFI.hs, 0.8189, True
Tests/Unit/pos/failName.hs, 0.7206, True
Tests/Unit/pos/extype.hs, 0.7607, True
Tests/Unit/pos/exp0.hs, 0.8114, True
Tests/Unit/pos/ExactFunApp.hs, 0.8408, True
Tests/Unit/pos/ex1.hs, 0.9230, True
Tests/Unit/pos/ex01.hs, 0.7471, True
Tests/Unit/pos/ex0.hs, 0.8317, True
Tests/Unit/pos/Even0.hs, 0.7732, True
Tests/Unit/pos/Even.hs, 0.7290, True
Tests/Unit/pos/Eval.hs, 0.9144, True
Tests/Unit/pos/eqelems.hs, 0.7997, True
Tests/Unit/pos/elim01.hs, 0.8581, True
Tests/Unit/pos/elim00.hs, 0.7543, True
Tests/Unit/pos/elim-ex-map-3.hs, 3.2298, True
Tests/Unit/pos/elim-ex-map-2.hs, 3.0895, True
Tests/Unit/pos/elim-ex-map-1.hs, 3.0921, True
Tests/Unit/pos/elim-ex-list.hs, 3.0239, True
Tests/Unit/pos/elim-ex-let.hs, 3.0092, True
Tests/Unit/pos/elim-ex-compose.hs, 1.3359, True
Tests/Unit/pos/elems.hs, 0.8647, True
Tests/Unit/pos/elements.hs, 1.1764, True
Tests/Unit/pos/duplicate-bind.hs, 0.7655, True
Tests/Unit/pos/dropwhile.hs, 1.0054, True
Tests/Unit/pos/div000.hs, 0.7878, True
Tests/Unit/pos/deptupW.hs, 0.9880, True
Tests/Unit/pos/deptup3.hs, 0.9838, True
Tests/Unit/pos/deptup1.hs, 0.9471, True
Tests/Unit/pos/deptup0.hs, 0.8791, True
Tests/Unit/pos/deptup.hs, 1.0486, True
Tests/Unit/pos/deppair1.hs, 0.8458, True
Tests/Unit/pos/deppair0.hs, 0.9041, True
Tests/Unit/pos/DependentTypes.hs, 0.8081, True
Tests/Unit/pos/deepmeas0.hs, 0.8860, True
Tests/Unit/pos/DB00.hs, 0.7697, True
Tests/Unit/pos/DataKinds.hs, 0.7407, True
Tests/Unit/pos/dataConQuals.hs, 0.7795, True
Tests/Unit/pos/datacon1.hs, 0.7411, True
Tests/Unit/pos/datacon0.hs, 0.9003, True
Tests/Unit/pos/datacon-inv.hs, 0.8722, True
Tests/Unit/pos/DataBase.hs, 0.9178, True
Tests/Unit/pos/data2.hs, 0.8718, True
Tests/Unit/pos/cut00.hs, 0.8041, True
Tests/Unit/pos/csgordon_issue_296.hs, 0.7232, True
Tests/Unit/pos/CountMonad.hs, 0.9945, True
Tests/Unit/pos/coretologic.hs, 0.7929, True
Tests/Unit/pos/contra0.hs, 0.9690, True
Tests/Unit/pos/ConstraintsAppend.hs, 1.3528, True
Tests/Unit/pos/Constraints.hs, 0.8289, True
Tests/Unit/pos/comprehensionTerm.hs, 1.2056, True
Tests/Unit/pos/CompareConstraints.hs, 1.0616, True
Tests/Unit/pos/compare2.hs, 0.8124, True
Tests/Unit/pos/compare1.hs, 0.8446, True
Tests/Unit/pos/compare.hs, 0.8196, True
Tests/Unit/pos/CommentedOut.hs, 0.7376, True
Tests/Unit/pos/Coercion.hs, 0.7570, True
Tests/Unit/pos/cmptag0.hs, 0.8119, True
Tests/Unit/pos/ClojurVector.hs, 0.9823, True
Tests/Unit/pos/ClassReg.hs, 0.7347, True
Tests/Unit/pos/Class2.hs, 0.9815, True
Tests/Unit/pos/Class.hs, 1.0441, True
Tests/Unit/pos/Chunks.hs, 0.8843, True
Tests/Unit/pos/Cat.hs, 0.7632, True
Tests/Unit/pos/CasesToLogic.hs, 0.7742, True
Tests/Unit/pos/case-lambda-join.hs, 0.9275, True
Tests/Unit/pos/BST000.hs, 1.2679, True
Tests/Unit/pos/BST.hs, 4.9897, True
Tests/Unit/pos/bounds1.hs, 0.7628, True
Tests/Unit/pos/Books.hs, 0.8377, True
Tests/Unit/pos/BinarySearch.hs, 0.9221, True
Tests/Unit/pos/bar.hs, 0.8837, True
Tests/Unit/pos/bangPatterns.hs, 0.8579, True
Tests/Unit/pos/AVLRJ.hs, 2.1951, True
Tests/Unit/pos/AVL.hs, 1.9611, True
Tests/Unit/pos/Avg.hs, 0.7856, True
Tests/Unit/pos/AutoTerm1.hs, 0.7668, True
Tests/Unit/pos/AutoTerm.hs, 0.8312, True
Tests/Unit/pos/AutoSize.hs, 0.8977, True
Tests/Unit/pos/AssumedRecursive.hs, 0.7665, True
Tests/Unit/pos/Assume.hs, 0.9177, True
Tests/Unit/pos/anish1.hs, 0.9653, True
Tests/Unit/pos/anftest.hs, 0.9392, True
Tests/Unit/pos/anfbug.hs, 1.0550, True
Tests/Unit/pos/AmortizedQueue.hs, 1.0340, True
Tests/Unit/pos/alphaconvert-Set.hs, 1.1680, True
Tests/Unit/pos/alphaconvert-List.hs, 1.3173, True
Tests/Unit/pos/alias01.hs, 0.9186, True
Tests/Unit/pos/alias00.hs, 0.8794, True
Tests/Unit/pos/adt0.hs, 0.8074, True
Tests/Unit/pos/Ackermann.hs, 0.8868, True
Tests/Unit/pos/absref-crash0.hs, 0.8962, True
Tests/Unit/pos/absref-crash.hs, 0.7322, True
Tests/Unit/pos/Abs.hs, 0.8067, True
Tests/Unit/neg/wrap1.hs, 1.0453, True
Tests/Unit/neg/wrap0.hs, 0.8457, True
Tests/Unit/neg/vector2.hs, 1.5522, True
Tests/Unit/neg/vector1a.hs, 1.0829, True
Tests/Unit/neg/vector0a.hs, 0.8626, True
Tests/Unit/neg/vector00.hs, 0.8672, True
Tests/Unit/neg/vector0.hs, 0.9917, True
Tests/Unit/neg/Variance1.hs, 0.7633, True
Tests/Unit/neg/Variance.hs, 0.7953, True
Tests/Unit/neg/tyclass0-unsafe.hs, 0.7419, True
Tests/Unit/neg/truespec.hs, 0.8017, True
Tests/Unit/neg/trans.hs, 1.7290, True
Tests/Unit/neg/TopLevel.hs, 0.8534, True
Tests/Unit/neg/testRec.hs, 0.7982, True
Tests/Unit/neg/test2.hs, 0.8642, True
Tests/Unit/neg/test1.hs, 0.8285, True
Tests/Unit/neg/test00c.hs, 0.7345, True
Tests/Unit/neg/test00b.hs, 0.8573, True
Tests/Unit/neg/test00a.hs, 0.8103, True
Tests/Unit/neg/test00.hs, 0.8894, True
Tests/Unit/neg/TermReal.hs, 0.7630, True
Tests/Unit/neg/TerminationNum0.hs, 0.7679, True
Tests/Unit/neg/TerminationNum.hs, 0.7978, True
Tests/Unit/neg/T745.hs, 0.7757, True
Tests/Unit/neg/T743.hs, 0.8605, True
Tests/Unit/neg/T743-mini.hs, 0.8273, True
Tests/Unit/neg/T602.hs, 0.7377, True
Tests/Unit/neg/sumPoly.hs, 0.7948, True
Tests/Unit/neg/sumk.hs, 0.8279, True
Tests/Unit/neg/Sum.hs, 0.8435, True
Tests/Unit/neg/Strings.hs, 0.7373, True
Tests/Unit/neg/string00.hs, 0.7931, True
Tests/Unit/neg/StrictPair1.hs, 1.0191, True
Tests/Unit/neg/StrictPair0.hs, 0.7508, True
Tests/Unit/neg/StreamInvariants.hs, 0.7509, True
Tests/Unit/neg/Strata.hs, 0.7684, True
Tests/Unit/neg/StateConstraints00.hs, 0.7979, True
Tests/Unit/neg/StateConstraints0.hs, 17.6568, True
Tests/Unit/neg/StateConstraints.hs, 1.3462, True
Tests/Unit/neg/state00.hs, 0.7538, True
Tests/Unit/neg/state0.hs, 0.9610, True
Tests/Unit/neg/stacks.hs, 1.0775, True
Tests/Unit/neg/Solver.hs, 1.4250, True
Tests/Unit/neg/SafePartialFunctions.hs, 0.9244, True
Tests/Unit/neg/risers.hs, 0.7594, True
Tests/Unit/neg/RG.hs, 1.1427, True
Tests/Unit/neg/revshape.hs, 0.9771, True
Tests/Unit/neg/RecSelector.hs, 0.9118, True
Tests/Unit/neg/RecQSort.hs, 1.0277, True
Tests/Unit/neg/record0.hs, 0.9759, True
Tests/Unit/neg/range.hs, 1.2993, True
Tests/Unit/neg/qsloop.hs, 0.9619, True
Tests/Unit/neg/QQTySyn2.hs, 3.2426, True
Tests/Unit/neg/QQTySyn1.hs, 3.2043, True
Tests/Unit/neg/QQTySig.hs, 3.2055, True
Tests/Unit/neg/prune0.hs, 0.8032, True
Tests/Unit/neg/Propability0.hs, 0.9330, True
Tests/Unit/neg/Propability.hs, 1.0235, True
Tests/Unit/neg/pred.hs, 0.6532, True
Tests/Unit/neg/pragma0-unsafe.hs, 0.7388, True
Tests/Unit/neg/poslist.hs, 1.0522, True
Tests/Unit/neg/polypred.hs, 0.8546, True
Tests/Unit/neg/poly2.hs, 0.7955, True
Tests/Unit/neg/poly2-degenerate.hs, 0.8186, True
Tests/Unit/neg/poly1.hs, 0.8661, True
Tests/Unit/neg/poly0.hs, 0.9328, True
Tests/Unit/neg/partial.hs, 0.9421, True
Tests/Unit/neg/pargs1.hs, 0.8244, True
Tests/Unit/neg/pargs.hs, 0.7904, True
Tests/Unit/neg/PairMeasure.hs, 0.8394, True
Tests/Unit/neg/pair0.hs, 1.3638, True
Tests/Unit/neg/pair.hs, 1.4075, True
Tests/Unit/neg/NoMethodBindingError.hs, 0.7288, True
Tests/Unit/neg/NoExhaustiveGuardsError.hs, 0.7317, True
Tests/Unit/neg/nestedRecursion.hs, 0.7463, True
Tests/Unit/neg/MultipleInvariants.hs, 0.7328, True
Tests/Unit/neg/MultiParamTypeClasses.hs, 0.7481, True
Tests/Unit/neg/multi-pred-app-00.hs, 0.7162, True
Tests/Unit/neg/mr00.hs, 0.8807, True
Tests/Unit/neg/monad7.hs, 0.9452, True
Tests/Unit/neg/monad6.hs, 0.7971, True
Tests/Unit/neg/monad5.hs, 0.9379, True
Tests/Unit/neg/monad4.hs, 0.9015, True
Tests/Unit/neg/monad3.hs, 0.9226, True
Tests/Unit/neg/MergeSort.hs, 1.2385, True
Tests/Unit/neg/MeasureDups.hs, 0.8097, True
Tests/Unit/neg/MeasureContains.hs, 0.8029, True
Tests/Unit/neg/meas9.hs, 0.7454, True
Tests/Unit/neg/meas7.hs, 0.7472, True
Tests/Unit/neg/meas5.hs, 1.3167, True
Tests/Unit/neg/meas3.hs, 0.8389, True
Tests/Unit/neg/meas2.hs, 0.9458, True
Tests/Unit/neg/meas0.hs, 0.9060, True
Tests/Unit/neg/maps.hs, 1.1027, True
Tests/Unit/neg/mapreduce.hs, 2.2293, True
Tests/Unit/neg/mapreduce-tiny.hs, 0.7535, True
Tests/Unit/neg/LocalSpec.hs, 0.7403, True
Tests/Unit/neg/lit.hs, 0.7011, True
Tests/Unit/neg/ListRange.hs, 0.7741, True
Tests/Unit/neg/ListQSort.hs, 1.1017, True
Tests/Unit/neg/listne.hs, 0.6587, True
Tests/Unit/neg/ListMSort.hs, 1.4983, True
Tests/Unit/neg/ListKeys.hs, 0.7148, True
Tests/Unit/neg/ListISort.hs, 1.1466, True
Tests/Unit/neg/ListISort-LType.hs, 0.8384, True
Tests/Unit/neg/ListElem.hs, 0.7188, True
Tests/Unit/neg/ListConcat.hs, 0.7343, True
Tests/Unit/neg/list00.hs, 0.7272, True
Tests/Unit/neg/LiquidClass1.hs, 0.6989, True
Tests/Unit/neg/LiquidClass.hs, 0.6953, True
Tests/Unit/neg/LazyWhere1.hs, 0.7285, True
Tests/Unit/neg/LazyWhere.hs, 0.7243, True
Tests/Unit/neg/inc2.hs, 0.6977, True
Tests/Unit/neg/HolesTop.hs, 0.7170, True
Tests/Unit/neg/HigherOrder.hs, 0.6739, True
Tests/Unit/neg/HasElem.hs, 0.7028, True
Tests/Unit/neg/grty3.hs, 0.6797, True
Tests/Unit/neg/grty2.hs, 0.7373, True
Tests/Unit/neg/grty1.hs, 0.7378, True
Tests/Unit/neg/grty0.hs, 0.6837, True
Tests/Unit/neg/Gradual.hs, 0.6633, True
Tests/Unit/neg/GeneralizedTermination.hs, 0.7341, True
Tests/Unit/neg/GADTs.hs, 0.6775, True
Tests/Unit/neg/FunSoundness.hs, 0.6581, True
Tests/Unit/neg/FunctionRef.hs, 0.6715, True
Tests/Unit/neg/foldN1.hs, 0.7128, True
Tests/Unit/neg/foldN.hs, 0.7117, True
Tests/Unit/neg/filterAbs.hs, 0.8249, True
Tests/Unit/neg/ex1-unsafe.hs, 0.7663, True
Tests/Unit/neg/ex0-unsafe.hs, 0.7697, True
Tests/Unit/neg/Even.hs, 0.6766, True
Tests/Unit/neg/Eval.hs, 0.8198, True
Tests/Unit/neg/errorloc.hs, 0.7293, True
Tests/Unit/neg/errmsg.hs, 0.7413, True
Tests/Unit/neg/elim000.hs, 0.6963, True
Tests/Unit/neg/elim-ex-map-3.hs, 2.8754, True
Tests/Unit/neg/elim-ex-map-2.hs, 2.8984, True
Tests/Unit/neg/elim-ex-map-1.hs, 2.8961, True
Tests/Unit/neg/elim-ex-list.hs, 2.8032, True
Tests/Unit/neg/elim-ex-let.hs, 2.7858, True
Tests/Unit/neg/elim-ex-compose.hs, 0.7698, True
Tests/Unit/neg/deptupW.hs, 0.7789, True
Tests/Unit/neg/deppair0.hs, 0.7590, True
Tests/Unit/neg/DependentTypes.hs, 0.7169, True
Tests/Unit/neg/datacon-eq.hs, 0.9424, True
Tests/Unit/neg/csv.hs, 1.6324, True
Tests/Unit/neg/coretologic.hs, 0.7306, True
Tests/Unit/neg/contra0.hs, 0.7941, True
Tests/Unit/neg/ConstraintsAppend.hs, 1.6958, True
Tests/Unit/neg/Constraints.hs, 0.8782, True
Tests/Unit/neg/concat2.hs, 1.0057, True
Tests/Unit/neg/concat1.hs, 0.9693, True
Tests/Unit/neg/concat.hs, 0.9263, True
Tests/Unit/neg/CompareConstraints.hs, 0.9796, True
Tests/Unit/neg/Client.hs, 0.8449, True
Tests/Unit/neg/Class5.hs, 0.8290, True
Tests/Unit/neg/Class4.hs, 0.8811, True
Tests/Unit/neg/Class3.hs, 0.8359, True
Tests/Unit/neg/Class2.hs, 0.7571, True
Tests/Unit/neg/Class1.hs, 0.8884, True
Tests/Unit/neg/CastedTotality.hs, 0.7553, True
Tests/Unit/neg/Books.hs, 0.7617, True
Tests/Unit/neg/BigNum.hs, 0.6823, True
Tests/Unit/neg/Baz.hs, 0.6960, True
Tests/Unit/neg/BadNats.hs, 0.6765, True
Tests/Unit/neg/BadHMeas.hs, 0.7015, True
Tests/Unit/neg/AutoTerm1.hs, 0.6942, True
Tests/Unit/neg/AutoTerm.hs, 0.7079, True
Tests/Unit/neg/AutoSize.hs, 0.6985, True
Tests/Unit/neg/Ast.hs, 0.7172, True
Tests/Unit/neg/ass0.hs, 0.6897, True
Tests/Unit/neg/alias00.hs, 0.7118, True
Tests/Unit/neg/AbsApp.hs, 0.6655, True
Tests/Unit/crash/Unbound.hs, 0.6260, True
Tests/Unit/crash/typeAliasDup.hs, 0.6857, True
Tests/Unit/crash/T774.hs, 0.6318, True
Tests/Unit/crash/T773.hs, 0.6235, True
Tests/Unit/crash/T691.hs, 0.3728, True
Tests/Unit/crash/T649.hs, 0.6527, True
Tests/Unit/crash/RClass.hs, 0.6475, True
Tests/Unit/crash/Qualif.hs, 0.6260, True
Tests/Unit/crash/predparams.hs, 0.5968, True
Tests/Unit/crash/num-float-error1.hs, 0.6408, True
Tests/Unit/crash/num-float-error.hs, 0.6274, True
Tests/Unit/crash/MultipleRecordSelectors.hs, 0.6518, True
Tests/Unit/crash/Mismatch.hs, 0.6226, True
Tests/Unit/crash/LocalTermExpr.hs, 0.6155, True
Tests/Unit/crash/LocalHole.hs, 0.6246, True
Tests/Unit/crash/issue594.hs, 0.6283, True
Tests/Unit/crash/hole-crash3.hs, 0.6155, True
Tests/Unit/crash/hole-crash2.hs, 0.5577, True
Tests/Unit/crash/hole-crash1.hs, 0.6390, True
Tests/Unit/crash/HigherOrder.hs, 0.6363, True
Tests/Unit/crash/HaskellMeasure.hs, 0.5917, True
Tests/Unit/crash/FunRef2.hs, 0.6243, True
Tests/Unit/crash/FunRef1.hs, 0.6413, True
Tests/Unit/crash/funref.hs, 0.6555, True
Tests/Unit/crash/errmsg-mismatch.hs, 0.6439, True
Tests/Unit/crash/errmsg-dc-type.hs, 0.6140, True
Tests/Unit/crash/errmsg-dc-num.hs, 0.6202, True
Tests/Unit/crash/CyclicTypeAlias3.hs, 0.5505, True
Tests/Unit/crash/CyclicTypeAlias2.hs, 0.5534, True
Tests/Unit/crash/CyclicTypeAlias1.hs, 0.5487, True
Tests/Unit/crash/CyclicTypeAlias0.hs, 0.5565, True
Tests/Unit/crash/CyclicPredAlias3.hs, 0.5473, True
Tests/Unit/crash/CyclicPredAlias2.hs, 0.5431, True
Tests/Unit/crash/CyclicPredAlias1.hs, 0.5541, True
Tests/Unit/crash/CyclicPredAlias0.hs, 0.5417, True
Tests/Unit/crash/CyclicExprAlias3.hs, 0.5485, True
Tests/Unit/crash/CyclicExprAlias2.hs, 0.5393, True
Tests/Unit/crash/CyclicExprAlias1.hs, 0.5464, True
Tests/Unit/crash/CyclicExprAlias0.hs, 0.5478, True
Tests/Unit/crash/BadSyn4.hs, 0.5939, True
Tests/Unit/crash/BadSyn3.hs, 0.5953, True
Tests/Unit/crash/BadSyn2.hs, 0.5927, True
Tests/Unit/crash/BadSyn1.hs, 0.6048, True
Tests/Unit/crash/BadPragma2.hs, 0.3869, True
Tests/Unit/crash/BadPragma1.hs, 0.3788, True
Tests/Unit/crash/BadPragma0.hs, 0.3720, True
Tests/Unit/crash/BadExprArg.hs, 0.6058, True
Tests/Unit/crash/Ast.hs, 0.6453, True
Tests/Unit/crash/Assume1.hs, 0.6235, True
Tests/Unit/crash/Assume.hs, 0.6228, True
Tests/Unit/crash/AbsRef.hs, 0.6239, True
Tests/Unit/parser/pos/TokensAsPrefixes.hs, 0.6622, True
Tests/Unit/parser/pos/Parens.hs, 0.6660, True
Tests/Unit/error/crash/TerminationExpr1.hs, 0.6226, True
Tests/Unit/error/crash/TerminationExpr.hs, 0.6233, True
Tests/Unit/eq_pos/MonadicLawsMaybeAssoc.hs, 1.0746, True
Tests/Unit/eq_pos/MonadicLawsMaybe.hs, 7.7492, True
Tests/Unit/eq_pos/MonadicLaws.hs, 18.9896, True
Tests/Unit/eq_pos/MapAppend.hs, 0.0000, True
Tests/Unit/eq_pos/ConcatMap.hs, 16.1230, True
Tests/Unit/eq_pos/Arrow.hs, 0.6641, True
Tests/Unit/eq_pos/AppendVerbose.hs, 2.8836, True
Tests/Unit/eq_pos/AppendAxiom.hs, 1.0030, True
Tests/Unit/eq_pos/AppendArrow.hs, 46.5450, True
Tests/Unit/eq_neg/Fibonacci.hs, 0.6668, True
Tests/Unit/eq_neg/Append.hs, 2.3200, True
Tests/Benchmarks/text/Setup.lhs, 0.9305, True
Tests/Benchmarks/text/Data/Text.hs, 32.5397, True
Tests/Benchmarks/text/Data/Text/UnsafeChar.hs, 2.0423, True
Tests/Benchmarks/text/Data/Text/Unsafe.hs, 2.1957, True
Tests/Benchmarks/text/Data/Text/Search.hs, 10.8201, True
Tests/Benchmarks/text/Data/Text/Private.hs, 2.0135, True
Tests/Benchmarks/text/Data/Text/Lazy.hs, 46.9608, True
Tests/Benchmarks/text/Data/Text/Internal.hs, 5.7223, True
Tests/Benchmarks/text/Data/Text/Fusion.hs, 18.1922, True
Tests/Benchmarks/text/Data/Text/Foreign.hs, 3.1023, True
Tests/Benchmarks/text/Data/Text/Encoding.hs, 38.2249, True
Tests/Benchmarks/text/Data/Text/Array.hs, 1.6237, True
Tests/Benchmarks/text/Data/Text/Lazy/Search.hs, 39.8810, True
Tests/Benchmarks/text/Data/Text/Lazy/Internal.hs, 5.2924, True
Tests/Benchmarks/text/Data/Text/Lazy/Fusion.hs, 8.4349, True
Tests/Benchmarks/text/Data/Text/Lazy/Encoding.hs, 14.0132, True
Tests/Benchmarks/text/Data/Text/Lazy/Builder.hs, 10.4451, True
Tests/Benchmarks/text/Data/Text/Fusion/Size.hs, 1.7711, True
Tests/Benchmarks/bytestring/Data/ByteString.T.hs, 31.3288, True
Tests/Benchmarks/bytestring/Data/ByteString.hs, 30.1503, True
Tests/Benchmarks/bytestring/Data/ByteString/Unsafe.hs, 1.8617, True
Tests/Benchmarks/bytestring/Data/ByteString/LazyZip.hs, 8.7150, True
Tests/Benchmarks/bytestring/Data/ByteString/Lazy.hs, 33.3772, True
Tests/Benchmarks/bytestring/Data/ByteString/Internal.hs, 5.6606, True
Tests/Benchmarks/bytestring/Data/ByteString/Fusion.T.hs, 21.0377, True
Tests/Benchmarks/bytestring/Data/ByteString/Fusion.hs, 18.4718, True
Tests/Benchmarks/bytestring/Data/ByteString/Char8.hs, 7.5208, True
Tests/Benchmarks/bytestring/Data/ByteString/Lazy/Internal.hs, 1.6906, True
Tests/Benchmarks/bytestring/Data/ByteString/Lazy/Char8.hs, 9.3433, True
Tests/Benchmarks/esop/Toy.hs, 1.4177, True
Tests/Benchmarks/esop/Splay.hs, 6.0938, True
Tests/Benchmarks/esop/ListSort.hs, 2.1217, True
Tests/Benchmarks/esop/GhcListSort.hs, 6.0487, True
Tests/Benchmarks/esop/Fib.hs, 1.3248, True
Tests/Benchmarks/esop/Base.hs, 68.9477, True
Tests/Benchmarks/esop/Array.hs, 2.0541, True
Tests/Benchmarks/vect-algs/Setup.lhs, 0.8722, True
Tests/Benchmarks/vect-algs/Data/Vector/Algorithms/Termination.hs, 1.0836, True
Tests/Benchmarks/vect-algs/Data/Vector/Algorithms/Search.hs, 2.8650, True
Tests/Benchmarks/vect-algs/Data/Vector/Algorithms/Radix.hs, 2.4472, True
Tests/Benchmarks/vect-algs/Data/Vector/Algorithms/Optimal.hs, 8.2404, True
Tests/Benchmarks/vect-algs/Data/Vector/Algorithms/Merge.hs, 6.4648, True
Tests/Benchmarks/vect-algs/Data/Vector/Algorithms/Intro.hs, 5.0860, True
Tests/Benchmarks/vect-algs/Data/Vector/Algorithms/Insertion.hs, 1.6376, True
Tests/Benchmarks/vect-algs/Data/Vector/Algorithms/Heap.hs, 19.9698, True
Tests/Benchmarks/vect-algs/Data/Vector/Algorithms/Common.hs, 1.0797, True
Tests/Benchmarks/vect-algs/Data/Vector/Algorithms/Combinators.hs, 0.7443, True
Tests/Benchmarks/vect-algs/Data/Vector/Algorithms/AmericanFlag.hs, 9.0056, True
Tests/Benchmarks/hscolour/Setup.hs, 0.7561, True
Tests/Benchmarks/hscolour/Language/Haskell/HsColour.hs, 4.0490, True
Tests/Benchmarks/hscolour/Language/Haskell/HsColour/TTY.hs, 1.2609, True
Tests/Benchmarks/hscolour/Language/Haskell/HsColour/Output.hs, 0.9490, True
Tests/Benchmarks/hscolour/Language/Haskell/HsColour/Options.hs, 0.8913, True
Tests/Benchmarks/hscolour/Language/Haskell/HsColour/MIRC.hs, 2.0649, True
Tests/Benchmarks/hscolour/Language/Haskell/HsColour/LaTeX.hs, 11.3983, True
Tests/Benchmarks/hscolour/Language/Haskell/HsColour/InlineCSS.hs, 1.6986, True
Tests/Benchmarks/hscolour/Language/Haskell/HsColour/HTML.hs, 3.2860, True
Tests/Benchmarks/hscolour/Language/Haskell/HsColour/General.hs, 0.7878, True
Tests/Benchmarks/hscolour/Language/Haskell/HsColour/CSS.hs, 1.6531, True
Tests/Benchmarks/hscolour/Language/Haskell/HsColour/Colourise.hs, 5.0662, True
Tests/Benchmarks/hscolour/Language/Haskell/HsColour/ColourHighlight.hs, 2.3093, True
Tests/Benchmarks/hscolour/Language/Haskell/HsColour/ANSI.hs, 1.9191, True
Tests/Benchmarks/icfp_pos/WhileTest.hs, 1.0388, True
Tests/Benchmarks/icfp_pos/WhileM.hs, 1.0384, True
Tests/Benchmarks/icfp_pos/TwiceM.hs, 7.5959, True
Tests/Benchmarks/icfp_pos/TestM.hs, 0.7933, True
Tests/Benchmarks/icfp_pos/RIO2.hs, 18.0672, True
Tests/Benchmarks/icfp_pos/Privileges.hs, 0.8610, True
Tests/Benchmarks/icfp_pos/Overview.lhs, 7.0083, True
Tests/Benchmarks/icfp_pos/Incr.hs, 1.3709, True
Tests/Benchmarks/icfp_pos/Incr-elim.hs, 0.9924, True
Tests/Benchmarks/icfp_pos/IfM2.hs, 2.6351, True
Tests/Benchmarks/icfp_pos/IfM.hs, 5.0300, True
Tests/Benchmarks/icfp_pos/ICFP15.lhs, 1.6237, True
Tests/Benchmarks/icfp_pos/FoldAbs.hs, 5.7146, True
Tests/Benchmarks/icfp_pos/FindRec.hs, 6.4830, True
Tests/Benchmarks/icfp_pos/Filter.lhs, 1.0594, True
Tests/Benchmarks/icfp_pos/dropwhile.hs, 0.9673, True
Tests/Benchmarks/icfp_pos/DBMovies.hs, 3.0052, True
Tests/Benchmarks/icfp_pos/CopyRec.hs, 16.1157, True
Tests/Benchmarks/icfp_pos/Composition.hs, 0.8248, True
Tests/Benchmarks/icfp_pos/CompareConstraints.hs, 1.0090, True
Tests/Benchmarks/icfp_pos/Append.hs, 1.1422, True
Tests/Benchmarks/icfp_neg/WhileM.hs, 1.1726, True
Tests/Benchmarks/icfp_neg/TwiceM.hs, 32.2167, True
Tests/Benchmarks/icfp_neg/TestM.hs, 0.7821, True
Tests/Benchmarks/icfp_neg/Records.hs, 0.8891, True
Tests/Benchmarks/icfp_neg/IfM.hs, 5.0944, True
Tests/Benchmarks/icfp_neg/DBMovies.hs, 2.7288, True
Tests/Benchmarks/icfp_neg/Composition.hs, 0.8426, True
Tests/Benchmarks/popl17_pos/Unification.hs, 24.1595, True
Tests/Benchmarks/popl17_pos/Solver.hs, 6.2409, True
Tests/Benchmarks/popl17_pos/ProofCombinators.hs, 0.8703, True
Tests/Benchmarks/popl17_pos/Peano.hs, 1.1169, True
Tests/Benchmarks/popl17_pos/Overview.hs, 1.1454, True
Tests/Benchmarks/popl17_pos/NormalForm.hs, 0.8422, True
Tests/Benchmarks/popl17_pos/MonoidMaybe.hs, 0.9755, True
Tests/Benchmarks/popl17_pos/MonoidList.hs, 1.0361, True
Tests/Benchmarks/popl17_pos/MonadReader.hs, 3.2867, True
Tests/Benchmarks/popl17_pos/MonadMaybe.hs, 1.0809, True
Tests/Benchmarks/popl17_pos/MonadList.hs, 1.7067, True
Tests/Benchmarks/popl17_pos/MonadId.hs, 0.9898, True
Tests/Benchmarks/popl17_pos/MapFusion.hs, 1.2309, True
Tests/Benchmarks/popl17_pos/FunctorReader.NoExtensionality.hs, 1.4010, True
Tests/Benchmarks/popl17_pos/FunctorReader.hs, 1.5023, True
Tests/Benchmarks/popl17_pos/FunctorMaybe.hs, 1.0954, True
Tests/Benchmarks/popl17_pos/FunctorList.hs, 1.4946, True
Tests/Benchmarks/popl17_pos/FunctorId.hs, 1.0018, True
Tests/Benchmarks/popl17_pos/FunctionEquality101.hs, 0.9093, True
Tests/Benchmarks/popl17_pos/FunctionEquality101.Extensionality.hs, 0.8849, True
Tests/Benchmarks/popl17_pos/FoldrUniversal.hs, 15.2034, True
Tests/Benchmarks/popl17_pos/Fibonacci.hs, 7.2404, True
Tests/Benchmarks/popl17_pos/Compose.hs, 0.8605, True
Tests/Benchmarks/popl17_pos/BasicLambdas0.hs, 0.8560, True
Tests/Benchmarks/popl17_pos/BasicLambdas.hs, 0.8220, True
Tests/Benchmarks/popl17_pos/ApplicativeReader.hs, 1.9778, True
Tests/Benchmarks/popl17_pos/ApplicativeMaybe.hs, 2.7511, True
Tests/Benchmarks/popl17_pos/ApplicativeId.hs, 1.1314, True
Tests/Benchmarks/popl17_pos/Append.hs, 1.4107, True
Tests/Benchmarks/popl17_pos/AlphaEquivalence.hs, 0.9266, True
Tests/Benchmarks/popl17_pos/Ackermann.hs, 6.4607, True
Tests/Benchmarks/popl17_neg/MonadReader.hs, 2.6851, True
Tests/Benchmarks/popl17_neg/MonadMaybe.hs, 1.0422, True
Tests/Benchmarks/popl17_neg/MonadList.hs, 4.6150, True
Tests/Benchmarks/popl17_neg/MapFusion.hs, 1.3712, True
Tests/Benchmarks/popl17_neg/FunctorMaybe.hs, 1.1999, True
Tests/Benchmarks/popl17_neg/FunctorList.hs, 1.5092, True
Tests/Benchmarks/popl17_neg/Fibonacci.hs, 7.1801, True
Tests/Benchmarks/popl17_neg/BasicLambdas.hs, 0.8247, True
Tests/Benchmarks/popl17_neg/ApplicativeMaybe.hs, 2.7163, True
Tests/Benchmarks/popl17_neg/Append.hs, 2.4144, True
Tests/Benchmarks/popl17_neg/Ackermann.hs, 21.0230, True
