 (HEAD -> develop, origin/develop) : 0c185105dcd5e1afc5c7cebc814f19411b0fe6df
Timestamp: 2016-06-09 14:23:36 -0700
Epoch Timestamp: 1465507416
--------------------------------------------------------------------------------
test, time(s), result

Tests/Unit/pos/zipW2.hs, 0.8016, True
Tests/Unit/pos/zipW1.hs, 0.7080, True
Tests/Unit/pos/zipW.hs, 0.7338, True
Tests/Unit/pos/zipSO.hs, 0.7218, True
Tests/Unit/pos/zipper000.hs, 0.7572, True
Tests/Unit/pos/zipper0.hs, 0.8982, True
Tests/Unit/pos/zipper.hs, 1.4464, True
Tests/Unit/pos/wrap1.hs, 0.9309, True
Tests/Unit/pos/wrap0.hs, 0.7614, True
Tests/Unit/pos/Words1.hs, 0.6756, True
Tests/Unit/pos/Words.hs, 0.6609, True
Tests/Unit/pos/WBL0.hs, 1.4930, True
Tests/Unit/pos/WBL.hs, 1.5632, True
Tests/Unit/pos/vector2.hs, 1.4117, True
Tests/Unit/pos/vector1b.hs, 1.1594, True
Tests/Unit/pos/vector1a.hs, 1.1347, True
Tests/Unit/pos/vector1.hs, 1.1112, True
Tests/Unit/pos/vector00.hs, 0.7696, True
Tests/Unit/pos/vector0.hs, 0.8664, True
Tests/Unit/pos/vecloop.hs, 0.8724, True
Tests/Unit/pos/Variance.hs, 0.6734, True
Tests/Unit/pos/unusedtyvars.hs, 0.6872, True
Tests/Unit/pos/tyvar.hs, 0.6714, True
Tests/Unit/pos/TypeAlias.hs, 0.6611, True
Tests/Unit/pos/tyfam0.hs, 0.7133, True
Tests/Unit/pos/tyExpr.hs, 0.6547, True
Tests/Unit/pos/tyclass0.hs, 0.6490, True
Tests/Unit/pos/tupparse.hs, 0.7245, True
Tests/Unit/pos/tup0.hs, 0.6722, True
Tests/Unit/pos/transTAG.hs, 1.6489, True
Tests/Unit/pos/transpose.hs, 1.0689, True
Tests/Unit/pos/trans.hs, 0.8136, True
Tests/Unit/pos/ToyMVar.hs, 0.9325, True
Tests/Unit/pos/TopLevel.hs, 0.7103, True
Tests/Unit/pos/top0.hs, 0.7570, True
Tests/Unit/pos/TokenType.hs, 0.7703, True
Tests/Unit/pos/timebind01.hs, 0.6771, True
Tests/Unit/pos/timebind00.hs, 0.6742, True
Tests/Unit/pos/testRec.hs, 0.7122, True
Tests/Unit/pos/Test761.hs, 0.7174, True
Tests/Unit/pos/test2.hs, 0.7250, True
Tests/Unit/pos/test1.hs, 0.7256, True
Tests/Unit/pos/test00c.hs, 0.7723, True
Tests/Unit/pos/test00b.hs, 0.7180, True
Tests/Unit/pos/test000.hs, 0.7255, True
Tests/Unit/pos/test00.old.hs, 0.7138, True
Tests/Unit/pos/test00.hs, 0.7101, True
Tests/Unit/pos/test00-int.hs, 0.7225, True
Tests/Unit/pos/test0.hs, 0.7265, True
Tests/Unit/pos/TerminationNum0.hs, 0.7328, True
Tests/Unit/pos/TerminationNum.hs, 0.6976, True
Tests/Unit/pos/Termination.lhs, 1.2652, True
Tests/Unit/pos/term0.hs, 0.7913, True
Tests/Unit/pos/Term.hs, 0.7361, True
Tests/Unit/pos/TemplateHaskell.hs, 0.7419, True
Tests/Unit/pos/take.hs, 0.9002, True
Tests/Unit/pos/tagBinder.hs, 0.6631, True
Tests/Unit/pos/T598.hs, 0.7925, True
Tests/Unit/pos/T595a.hs, 0.6658, True
Tests/Unit/pos/T595.hs, 0.7413, True
Tests/Unit/pos/T531.hs, 0.6615, True
Tests/Unit/pos/Sum.hs, 0.6963, True
Tests/Unit/pos/StructRec.hs, 0.6865, True
Tests/Unit/pos/Strings.hs, 0.7744, True
Tests/Unit/pos/StringLit.hs, 0.6770, True
Tests/Unit/pos/string00.hs, 0.7128, True
Tests/Unit/pos/StrictPair1.hs, 0.9357, True
Tests/Unit/pos/StrictPair0.hs, 0.6964, True
Tests/Unit/pos/StreamInvariants.hs, 0.6690, True
Tests/Unit/pos/stateInvarint.hs, 0.8459, True
Tests/Unit/pos/StateF00.hs, 0.6929, True
Tests/Unit/pos/StateConstraints00.hs, 0.6868, True
Tests/Unit/pos/StateConstraints0.hs, 7.9360, True
Tests/Unit/pos/StateConstraints.hs, 4.5074, True
Tests/Unit/pos/State1.hs, 0.7010, True
Tests/Unit/pos/state00.hs, 0.6758, True
Tests/Unit/pos/State.hs, 0.7491, True
Tests/Unit/pos/stacks0.hs, 0.7397, True
Tests/Unit/pos/StackClass.hs, 0.7438, True
Tests/Unit/pos/spec0.hs, 0.7316, True
Tests/Unit/pos/Solver.hs, 1.2152, True
Tests/Unit/pos/SimplerNotation.hs, 0.6611, True
Tests/Unit/pos/selfList.hs, 0.7587, True
Tests/Unit/pos/scanr.hs, 0.7467, True
Tests/Unit/pos/SafePartialFunctions.hs, 0.7030, True
Tests/Unit/pos/risers.hs, 0.7369, True
Tests/Unit/pos/ResolvePred.hs, 0.6984, True
Tests/Unit/pos/ResolveB.hs, 0.6440, True
Tests/Unit/pos/ResolveA.hs, 0.6572, True
Tests/Unit/pos/Resolve.hs, 0.6591, True
Tests/Unit/pos/repeatHigherOrder.hs, 1.0418, True
Tests/Unit/pos/Repeat.hs, 0.7180, True
Tests/Unit/pos/RelativeComplete.hs, 0.7152, True
Tests/Unit/pos/recursion0.hs, 0.6524, True
Tests/Unit/pos/RecSelector.hs, 0.6684, True
Tests/Unit/pos/RecQSort0.hs, 0.8508, True
Tests/Unit/pos/RecQSort.hs, 0.8273, True
Tests/Unit/pos/RecordSelectorError.hs, 0.7043, True
Tests/Unit/pos/record1.hs, 0.6543, True
Tests/Unit/pos/record0.hs, 0.7456, True
Tests/Unit/pos/rec_annot_go.hs, 0.8324, True
Tests/Unit/pos/RealProps1.hs, 0.7054, True
Tests/Unit/pos/RealProps.hs, 0.6992, True
Tests/Unit/pos/RBTree.hs, 8.8895, True
Tests/Unit/pos/RBTree-ord.hs, 5.7095, True
Tests/Unit/pos/RBTree-height.hs, 2.7778, True
Tests/Unit/pos/RBTree-color.hs, 3.0125, True
Tests/Unit/pos/RBTree-col-height.hs, 3.6756, True
Tests/Unit/pos/rangeAdt.hs, 1.7794, True
Tests/Unit/pos/range1.hs, 0.7418, True
Tests/Unit/pos/range.hs, 1.0114, True
Tests/Unit/pos/qualTest.hs, 0.7535, True
Tests/Unit/pos/QQTySyn.hs, 3.1013, True
Tests/Unit/pos/QQTySigTyVars.hs, 2.9434, True
Tests/Unit/pos/QQTySig.hs, 2.8263, True
Tests/Unit/pos/propmeasure1.hs, 0.6633, True
Tests/Unit/pos/propmeasure.hs, 0.8036, True
Tests/Unit/pos/Propability.hs, 0.7186, True
Tests/Unit/pos/profcrasher.hs, 0.7041, True
Tests/Unit/pos/Product.hs, 0.9146, True
Tests/Unit/pos/primInt0.hs, 0.8121, True
Tests/Unit/pos/pred.hs, 0.6853, True
Tests/Unit/pos/pragma0.hs, 0.6556, True
Tests/Unit/pos/poslist_dc.hs, 0.7804, True
Tests/Unit/pos/poslist.hs, 0.8583, True
Tests/Unit/pos/polyqual.hs, 0.9555, True
Tests/Unit/pos/polyfun.hs, 0.7368, True
Tests/Unit/pos/poly4.hs, 0.7041, True
Tests/Unit/pos/poly3a.hs, 0.7071, True
Tests/Unit/pos/poly3.hs, 0.7005, True
Tests/Unit/pos/poly2.hs, 0.7209, True
Tests/Unit/pos/poly2-degenerate.hs, 0.7192, True
Tests/Unit/pos/poly1.hs, 0.7438, True
Tests/Unit/pos/poly0.hs, 0.7692, True
Tests/Unit/pos/PointDist.hs, 0.7757, True
Tests/Unit/pos/PlugHoles.hs, 0.6712, True
Tests/Unit/pos/PersistentVector.hs, 0.7885, True
Tests/Unit/pos/Permutation.hs, 1.2933, True
Tests/Unit/pos/partialmeasure.hs, 0.6785, True
Tests/Unit/pos/partial-tycon.hs, 0.6562, True
Tests/Unit/pos/pargs1.hs, 0.6767, True
Tests/Unit/pos/pargs.hs, 0.6571, True
Tests/Unit/pos/PairMeasure0.hs, 0.6719, True
Tests/Unit/pos/PairMeasure.hs, 0.6777, True
Tests/Unit/pos/pair00.hs, 1.1507, True
Tests/Unit/pos/pair0.hs, 1.2446, True
Tests/Unit/pos/pair.hs, 1.3696, True
Tests/Unit/pos/Overwrite.hs, 0.7008, True
Tests/Unit/pos/OrdList.hs, 12.8237, True
Tests/Unit/pos/nullterm.hs, 0.9056, True
Tests/Unit/pos/NoExhaustiveGuardsError.hs, 0.6757, True
Tests/Unit/pos/NoCaseExpand.hs, 1.1078, True
Tests/Unit/pos/niki1.hs, 0.7495, True
Tests/Unit/pos/niki.hs, 0.7479, True
Tests/Unit/pos/nats.hs, 0.7026, True
Tests/Unit/pos/MutualRec.hs, 2.0695, True
Tests/Unit/pos/mutrec.hs, 0.7079, True
Tests/Unit/pos/MultipleInvariants.hs, 0.7071, True
Tests/Unit/pos/multi-pred-app-00.hs, 0.6817, True
Tests/Unit/pos/Moo.hs, 0.6722, True
Tests/Unit/pos/monad7.hs, 0.8553, True
Tests/Unit/pos/monad6.hs, 0.7418, True
Tests/Unit/pos/monad5.hs, 0.9049, True
Tests/Unit/pos/monad2.hs, 0.6601, True
Tests/Unit/pos/monad1.hs, 0.6557, True
Tests/Unit/pos/modTest.hs, 0.7149, True
Tests/Unit/pos/Mod2.hs, 0.6675, True
Tests/Unit/pos/Mod1.hs, 0.6626, True
Tests/Unit/pos/MergeSort.hs, 1.0553, True
Tests/Unit/pos/Merge1.hs, 0.7175, True
Tests/Unit/pos/MeasureSets.hs, 0.7297, True
Tests/Unit/pos/Measures1.hs, 0.6631, True
Tests/Unit/pos/Measures.hs, 0.6702, True
Tests/Unit/pos/MeasureDups.hs, 0.8169, True
Tests/Unit/pos/MeasureContains.hs, 0.7421, True
Tests/Unit/pos/meas9.hs, 0.7762, True
Tests/Unit/pos/meas8.hs, 0.7185, True
Tests/Unit/pos/meas7.hs, 0.7033, True
Tests/Unit/pos/meas6.hs, 0.8323, True
Tests/Unit/pos/meas5.hs, 1.2424, True
Tests/Unit/pos/meas4.hs, 0.8155, True
Tests/Unit/pos/meas3.hs, 0.8099, True
Tests/Unit/pos/meas2.hs, 0.7261, True
Tests/Unit/pos/meas11.hs, 0.6980, True
Tests/Unit/pos/meas10.hs, 0.7794, True
Tests/Unit/pos/meas1.hs, 0.7345, True
Tests/Unit/pos/meas0a.hs, 0.7712, True
Tests/Unit/pos/meas00a.hs, 0.6991, True
Tests/Unit/pos/meas00.hs, 0.7576, True
Tests/Unit/pos/meas0.hs, 0.7476, True
Tests/Unit/pos/maybe4.hs, 0.7027, True
Tests/Unit/pos/maybe3.hs, 0.6862, True
Tests/Unit/pos/maybe2.hs, 1.1625, True
Tests/Unit/pos/maybe1.hs, 0.8259, True
Tests/Unit/pos/maybe000.hs, 0.6942, True
Tests/Unit/pos/maybe00.hs, 0.6525, True
Tests/Unit/pos/maybe0.hs, 0.7088, True
Tests/Unit/pos/maybe.hs, 1.1122, True
Tests/Unit/pos/mapTvCrash.hs, 0.6977, True
Tests/Unit/pos/maps1.hs, 0.7413, True
Tests/Unit/pos/maps.hs, 0.7622, True
Tests/Unit/pos/mapreduce.hs, 1.9082, True
Tests/Unit/pos/mapreduce-bare.hs, 3.5968, True
Tests/Unit/pos/Map2.hs, 9.6106, True
Tests/Unit/pos/Map0.hs, 9.3362, True
Tests/Unit/pos/Map.hs, 9.3797, True
Tests/Unit/pos/malformed0.hs, 1.0880, True
Tests/Unit/pos/Loo.hs, 0.7069, True
Tests/Unit/pos/LogicCurry1.hs, 0.6694, True
Tests/Unit/pos/LocalTermExpr.hs, 0.7395, True
Tests/Unit/pos/LocalSpecImp.hs, 0.6611, True
Tests/Unit/pos/LocalSpec0.hs, 0.6695, True
Tests/Unit/pos/LocalSpec.hs, 0.7239, True
Tests/Unit/pos/LocalLazy.hs, 0.7073, True
Tests/Unit/pos/LocalHole.hs, 0.6927, True
Tests/Unit/pos/lit.hs, 0.6689, True
Tests/Unit/pos/ListSort.hs, 1.8051, True
Tests/Unit/pos/listSetDemo.hs, 0.8165, True
Tests/Unit/pos/listSet.hs, 0.8108, True
Tests/Unit/pos/ListReverse-LType.hs, 0.7142, True
Tests/Unit/pos/ListRange.hs, 0.8526, True
Tests/Unit/pos/ListRange-LType.hs, 0.8319, True
Tests/Unit/pos/listqual.hs, 0.7256, True
Tests/Unit/pos/ListQSort.hs, 1.4611, True
Tests/Unit/pos/ListQSort-LType.hs, 1.3979, True
Tests/Unit/pos/ListMSort.hs, 1.1142, True
Tests/Unit/pos/ListMSort-LType.hs, 2.9184, True
Tests/Unit/pos/ListLen.hs, 1.4771, True
Tests/Unit/pos/ListLen-LType.hs, 1.3909, True
Tests/Unit/pos/ListKeys.hs, 0.8341, True
Tests/Unit/pos/ListISort.hs, 0.8477, True
Tests/Unit/pos/ListISort-LType.hs, 1.2698, True
Tests/Unit/pos/ListElem.hs, 1.0216, True
Tests/Unit/pos/ListConcat.hs, 1.0117, True
Tests/Unit/pos/listAnf.hs, 0.8433, True
Tests/Unit/pos/LiquidClass.hs, 0.7667, True
Tests/Unit/pos/LiquidArray.hs, 0.7629, True
Tests/Unit/pos/lex.hs, 0.7960, True
Tests/Unit/pos/lets.hs, 0.8906, True
Tests/Unit/pos/LazyWhere1.hs, 0.8225, True
Tests/Unit/pos/LazyWhere.hs, 1.0781, True
Tests/Unit/pos/LambdaEvalTiny.hs, 1.2805, True
Tests/Unit/pos/LambdaEvalSuperTiny.hs, 1.0037, True
Tests/Unit/pos/LambdaEvalMini.hs, 2.0529, True
Tests/Unit/pos/LambdaEval.hs, 6.1731, True
Tests/Unit/pos/LambdaDeBruijn.hs, 1.3389, True
Tests/Unit/pos/kvparam00.hs, 0.8002, True
Tests/Unit/pos/kmpVec.hs, 1.5180, True
Tests/Unit/pos/kmpIO.hs, 2.2665, True
Tests/Unit/pos/kmp.hs, 1.8128, True
Tests/Unit/pos/Keys.hs, 0.7908, True
Tests/Unit/pos/jeff.hs, 3.0009, True
Tests/Unit/pos/ite1.hs, 0.7409, True
Tests/Unit/pos/ite.hs, 0.7318, True
Tests/Unit/pos/invlhs.hs, 0.7971, True
Tests/Unit/pos/Invariants.hs, 0.9304, True
Tests/Unit/pos/inline1.hs, 0.7542, True
Tests/Unit/pos/inline.hs, 0.8521, True
Tests/Unit/pos/initarray.hs, 1.0560, True
Tests/Unit/pos/infix.hs, 0.8368, True
Tests/Unit/pos/Infinity.hs, 0.8278, True
Tests/Unit/pos/implies.hs, 0.7406, True
Tests/Unit/pos/imp0.hs, 0.9387, True
Tests/Unit/pos/idNat0.hs, 0.7307, True
Tests/Unit/pos/idNat.hs, 0.7062, True
Tests/Unit/pos/IcfpDemo.hs, 0.9754, True
Tests/Unit/pos/Holes.hs, 0.7887, True
Tests/Unit/pos/hole-fun.hs, 0.7882, True
Tests/Unit/pos/hole-app.hs, 0.7798, True
Tests/Unit/pos/HigherOrderRecFun.hs, 0.7381, True
Tests/Unit/pos/hello.hs, 0.7496, True
Tests/Unit/pos/HedgeUnion.hs, 0.8386, True
Tests/Unit/pos/HaskellMeasure.hs, 0.7742, True
Tests/Unit/pos/HasElem.hs, 0.7683, True
Tests/Unit/pos/grty3.hs, 0.7210, True
Tests/Unit/pos/grty2.hs, 0.7344, True
Tests/Unit/pos/grty1.hs, 0.7349, True
Tests/Unit/pos/grty0.hs, 0.7211, True
Tests/Unit/pos/Graph.hs, 1.0748, True
Tests/Unit/pos/Gradual.hs, 0.0003, True
Tests/Unit/pos/GoodHMeas.hs, 0.7547, True
Tests/Unit/pos/Goo.hs, 0.7301, True
Tests/Unit/pos/go_ugly_type.hs, 0.8164, True
Tests/Unit/pos/go.hs, 0.8506, True
Tests/Unit/pos/gimme.hs, 0.7823, True
Tests/Unit/pos/GhcSort3.T.hs, 1.5377, True
Tests/Unit/pos/GhcSort3.hs, 3.6619, True
Tests/Unit/pos/GhcSort2.hs, 1.3554, True
Tests/Unit/pos/GhcSort1.hs, 2.8500, True
Tests/Unit/pos/GhcListSort.hs, 6.3198, True
Tests/Unit/pos/GeneralizedTermination.hs, 0.8391, True
Tests/Unit/pos/GCD.hs, 0.9045, True
Tests/Unit/pos/GADTs.hs, 0.7496, True
Tests/Unit/pos/gadtEval.hs, 1.3726, True
Tests/Unit/pos/Fractional.hs, 0.7449, True
Tests/Unit/pos/forloop.hs, 0.9952, True
Tests/Unit/pos/for.hs, 1.0866, True
Tests/Unit/pos/Foo.hs, 0.7229, True
Tests/Unit/pos/foldr.hs, 0.7697, True
Tests/Unit/pos/foldN.hs, 0.7783, True
Tests/Unit/pos/Foldl.hs, 6.1080, True
Tests/Unit/pos/filterAbs.hs, 0.8631, True
Tests/Unit/pos/FFI.hs, 0.8886, True
Tests/Unit/pos/failName.hs, 0.7443, True
Tests/Unit/pos/extype.hs, 0.7612, True
Tests/Unit/pos/exp0.hs, 0.7735, True
Tests/Unit/pos/ExactFunApp.hs, 0.7624, True
Tests/Unit/pos/ex1.hs, 0.9192, True
Tests/Unit/pos/ex01.hs, 0.7421, True
Tests/Unit/pos/ex0.hs, 0.8416, True
Tests/Unit/pos/Even0.hs, 0.7742, True
Tests/Unit/pos/Even.hs, 0.7400, True
Tests/Unit/pos/Eval.hs, 0.8655, True
Tests/Unit/pos/eqelems.hs, 0.7779, True
Tests/Unit/pos/elim01.hs, 0.8037, True
Tests/Unit/pos/elim00.hs, 0.7398, True
Tests/Unit/pos/elems.hs, 0.7496, True
Tests/Unit/pos/elements.hs, 1.1643, True
Tests/Unit/pos/duplicate-bind.hs, 0.8060, True
Tests/Unit/pos/dropwhile.hs, 0.9923, True
Tests/Unit/pos/div000.hs, 0.7486, True
Tests/Unit/pos/deptupW.hs, 0.8426, True
Tests/Unit/pos/deptup3.hs, 0.8260, True
Tests/Unit/pos/deptup1.hs, 0.9369, True
Tests/Unit/pos/deptup0.hs, 1.0363, True
Tests/Unit/pos/deptup.hs, 1.0827, True
Tests/Unit/pos/deppair1.hs, 0.9279, True
Tests/Unit/pos/deppair0.hs, 0.8302, True
Tests/Unit/pos/deepmeas0.hs, 0.8733, True
Tests/Unit/pos/DB00.hs, 0.7811, True
Tests/Unit/pos/dataConQuals.hs, 0.7678, True
Tests/Unit/pos/datacon1.hs, 0.7691, True
Tests/Unit/pos/datacon0.hs, 0.9005, True
Tests/Unit/pos/datacon-inv.hs, 0.8064, True
Tests/Unit/pos/DataBase.hs, 0.8568, True
Tests/Unit/pos/data2.hs, 0.8636, True
Tests/Unit/pos/cut00.hs, 0.7950, True
Tests/Unit/pos/csgordon_issue_296.hs, 0.7897, True
Tests/Unit/pos/CountMonad.hs, 0.9475, True
Tests/Unit/pos/coretologic.hs, 0.7921, True
Tests/Unit/pos/contra0.hs, 0.8508, True
Tests/Unit/pos/ConstraintsAppend.hs, 1.3485, True
Tests/Unit/pos/Constraints.hs, 0.8146, True
Tests/Unit/pos/comprehensionTerm.hs, 1.2155, True
Tests/Unit/pos/CompareConstraints.hs, 0.9952, True
Tests/Unit/pos/compare2.hs, 0.8039, True
Tests/Unit/pos/compare1.hs, 0.8353, True
Tests/Unit/pos/compare.hs, 0.7848, True
Tests/Unit/pos/CommentedOut.hs, 0.7320, True
Tests/Unit/pos/Coercion.hs, 0.7418, True
Tests/Unit/pos/cmptag0.hs, 0.7986, True
Tests/Unit/pos/ClojurVector.hs, 0.9264, True
Tests/Unit/pos/ClassReg.hs, 0.7559, True
Tests/Unit/pos/Class2.hs, 0.7321, True
Tests/Unit/pos/Class.hs, 1.1118, True
Tests/Unit/pos/case-lambda-join.hs, 0.8896, True
Tests/Unit/pos/BST000.hs, 1.2877, True
Tests/Unit/pos/BST.hs, 5.3675, True
Tests/Unit/pos/bounds1.hs, 0.7338, True
Tests/Unit/pos/Books.hs, 0.8310, True
Tests/Unit/pos/BinarySearch.hs, 0.9242, True
Tests/Unit/pos/bar.hs, 0.7444, True
Tests/Unit/pos/bangPatterns.hs, 0.9770, True
Tests/Unit/pos/AVLRJ.hs, 2.4105, True
Tests/Unit/pos/AVL.hs, 2.5465, True
Tests/Unit/pos/Avg.hs, 0.9209, True
Tests/Unit/pos/AutoTerm1.hs, 0.9882, True
Tests/Unit/pos/AutoTerm.hs, 0.8163, True
Tests/Unit/pos/AutoSize.hs, 0.7539, True
Tests/Unit/pos/AssumedRecursive.hs, 0.7226, True
Tests/Unit/pos/Assume.hs, 0.7677, True
Tests/Unit/pos/anish1.hs, 0.7551, True
Tests/Unit/pos/anftest.hs, 0.7637, True
Tests/Unit/pos/anfbug.hs, 0.8277, True
Tests/Unit/pos/AmortizedQueue.hs, 0.8752, True
Tests/Unit/pos/alphaconvert-Set.hs, 0.9018, True
Tests/Unit/pos/alphaconvert-List.hs, 1.1721, True
Tests/Unit/pos/alias01.hs, 0.7540, True
Tests/Unit/pos/alias00.hs, 0.7399, True
Tests/Unit/pos/adt0.hs, 0.7776, True
Tests/Unit/pos/Ackermann.hs, 0.7957, True
Tests/Unit/pos/absref-crash0.hs, 0.7385, True
Tests/Unit/pos/absref-crash.hs, 0.7262, True
Tests/Unit/pos/Abs.hs, 0.7033, True
Tests/Unit/neg/wrap1.hs, 1.0572, True
Tests/Unit/neg/wrap0.hs, 0.8472, True
Tests/Unit/neg/vector2.hs, 1.4427, True
Tests/Unit/neg/vector1a.hs, 1.0695, True
Tests/Unit/neg/vector0a.hs, 0.8470, True
Tests/Unit/neg/vector00.hs, 0.8296, True
Tests/Unit/neg/vector0.hs, 0.9203, True
Tests/Unit/neg/Variance1.hs, 0.7551, True
Tests/Unit/neg/Variance.hs, 0.7326, True
Tests/Unit/neg/tyclass0-unsafe.hs, 0.7200, True
Tests/Unit/neg/truespec.hs, 0.7739, True
Tests/Unit/neg/trans.hs, 1.7231, True
Tests/Unit/neg/TopLevel.hs, 0.7800, True
Tests/Unit/neg/testRec.hs, 0.8032, True
Tests/Unit/neg/test2.hs, 0.8011, True
Tests/Unit/neg/test1.hs, 0.7649, True
Tests/Unit/neg/test00c.hs, 0.7428, True
Tests/Unit/neg/test00b.hs, 0.7849, True
Tests/Unit/neg/test00a.hs, 0.7895, True
Tests/Unit/neg/test00.hs, 0.7805, True
Tests/Unit/neg/TermReal.hs, 0.7424, True
Tests/Unit/neg/TerminationNum0.hs, 0.7718, True
Tests/Unit/neg/TerminationNum.hs, 0.7369, True
Tests/Unit/neg/T602.hs, 0.7536, True
Tests/Unit/neg/sumPoly.hs, 0.7593, True
Tests/Unit/neg/sumk.hs, 0.7569, True
Tests/Unit/neg/Sum.hs, 0.7756, True
Tests/Unit/neg/Strings.hs, 0.7351, True
Tests/Unit/neg/string00.hs, 0.7776, True
Tests/Unit/neg/StrictPair1.hs, 1.0078, True
Tests/Unit/neg/StrictPair0.hs, 0.7442, True
Tests/Unit/neg/StreamInvariants.hs, 0.7326, True
Tests/Unit/neg/Strata.hs, 0.7489, True
Tests/Unit/neg/StateConstraints00.hs, 0.7816, True
Tests/Unit/neg/StateConstraints0.hs, 15.5941, True
Tests/Unit/neg/StateConstraints.hs, 1.1351, True
Tests/Unit/neg/state00.hs, 0.6830, True
Tests/Unit/neg/state0.hs, 0.6790, True
Tests/Unit/neg/stacks.hs, 0.9519, True
Tests/Unit/neg/Solver.hs, 1.2321, True
Tests/Unit/neg/SafePartialFunctions.hs, 0.7190, True
Tests/Unit/neg/risers.hs, 0.7230, True
Tests/Unit/neg/RG.hs, 0.8822, True
Tests/Unit/neg/revshape.hs, 0.6966, True
Tests/Unit/neg/RecSelector.hs, 0.6780, True
Tests/Unit/neg/RecQSort.hs, 0.8401, True
Tests/Unit/neg/record0.hs, 0.6728, True
Tests/Unit/neg/range.hs, 1.0033, True
Tests/Unit/neg/qsloop.hs, 0.8986, True
Tests/Unit/neg/QQTySyn2.hs, 2.8772, True
Tests/Unit/neg/QQTySyn1.hs, 2.8816, True
Tests/Unit/neg/QQTySig.hs, 2.8220, True
Tests/Unit/neg/prune0.hs, 0.7355, True
Tests/Unit/neg/Propability0.hs, 0.6924, True
Tests/Unit/neg/Propability.hs, 0.7603, True
Tests/Unit/neg/pred.hs, 0.5695, True
Tests/Unit/neg/pragma0-unsafe.hs, 0.6497, True
Tests/Unit/neg/poslist.hs, 0.8567, True
Tests/Unit/neg/polypred.hs, 0.7043, True
Tests/Unit/neg/poly2.hs, 0.7471, True
Tests/Unit/neg/poly2-degenerate.hs, 0.7446, True
Tests/Unit/neg/poly1.hs, 0.7486, True
Tests/Unit/neg/poly0.hs, 0.7503, True
Tests/Unit/neg/partial.hs, 0.6842, True
Tests/Unit/neg/pargs1.hs, 0.6559, True
Tests/Unit/neg/pargs.hs, 0.6519, True
Tests/Unit/neg/PairMeasure.hs, 0.6849, True
Tests/Unit/neg/pair0.hs, 1.2263, True
Tests/Unit/neg/pair.hs, 1.2876, True
Tests/Unit/neg/NoMethodBindingError.hs, 0.6595, True
Tests/Unit/neg/NoExhaustiveGuardsError.hs, 0.6804, True
Tests/Unit/neg/nestedRecursion.hs, 0.7012, True
Tests/Unit/neg/MultipleInvariants.hs, 0.6853, True
Tests/Unit/neg/MultiParamTypeClasses.hs, 0.6858, True
Tests/Unit/neg/multi-pred-app-00.hs, 0.7080, True
Tests/Unit/neg/mr00.hs, 0.7932, True
Tests/Unit/neg/monad7.hs, 0.8663, True
Tests/Unit/neg/monad6.hs, 0.7148, True
Tests/Unit/neg/monad5.hs, 0.7756, True
Tests/Unit/neg/monad4.hs, 0.7853, True
Tests/Unit/neg/monad3.hs, 0.7835, True
Tests/Unit/neg/MergeSort.hs, 1.0521, True
Tests/Unit/neg/MeasureDups.hs, 0.7640, True
Tests/Unit/neg/MeasureContains.hs, 0.7260, True
Tests/Unit/neg/meas9.hs, 0.6975, True
Tests/Unit/neg/meas7.hs, 0.6915, True
Tests/Unit/neg/meas5.hs, 1.2362, True
Tests/Unit/neg/meas3.hs, 0.7797, True
Tests/Unit/neg/meas2.hs, 0.7386, True
Tests/Unit/neg/meas0.hs, 0.7296, True
Tests/Unit/neg/maps.hs, 0.7553, True
Tests/Unit/neg/mapreduce.hs, 1.8753, True
Tests/Unit/neg/mapreduce-tiny.hs, 0.7674, True
Tests/Unit/neg/LocalSpec.hs, 0.7382, True
Tests/Unit/neg/lit.hs, 0.6772, True
Tests/Unit/neg/ListRange.hs, 0.7744, True
Tests/Unit/neg/ListQSort.hs, 1.1171, True
Tests/Unit/neg/listne.hs, 0.6504, True
Tests/Unit/neg/ListMSort.hs, 1.4786, True
Tests/Unit/neg/ListKeys.hs, 0.7179, True
Tests/Unit/neg/ListISort.hs, 1.1900, True
Tests/Unit/neg/ListISort-LType.hs, 0.8652, True
Tests/Unit/neg/ListElem.hs, 0.7120, True
Tests/Unit/neg/ListConcat.hs, 0.7217, True
Tests/Unit/neg/list00.hs, 0.7486, True
Tests/Unit/neg/LiquidClass1.hs, 0.6895, True
Tests/Unit/neg/LiquidClass.hs, 0.6828, True
Tests/Unit/neg/LazyWhere1.hs, 0.7035, True
Tests/Unit/neg/LazyWhere.hs, 0.7016, True
Tests/Unit/neg/inc2.hs, 0.6412, True
Tests/Unit/neg/HolesTop.hs, 0.7060, True
Tests/Unit/neg/HigherOrder.hs, 0.6693, True
Tests/Unit/neg/HasElem.hs, 0.6874, True
Tests/Unit/neg/grty3.hs, 0.6738, True
Tests/Unit/neg/grty2.hs, 0.7396, True
Tests/Unit/neg/grty1.hs, 0.7369, True
Tests/Unit/neg/grty0.hs, 0.6665, True
Tests/Unit/neg/Gradual.hs, 0.6624, True
Tests/Unit/neg/GeneralizedTermination.hs, 0.7342, True
Tests/Unit/neg/GADTs.hs, 0.6940, True
Tests/Unit/neg/FunSoundness.hs, 0.6779, True
Tests/Unit/neg/FunctionRef.hs, 0.6892, True
Tests/Unit/neg/foldN1.hs, 0.7224, True
Tests/Unit/neg/foldN.hs, 0.7180, True
Tests/Unit/neg/filterAbs.hs, 0.8169, True
Tests/Unit/neg/ex1-unsafe.hs, 0.7732, True
Tests/Unit/neg/ex0-unsafe.hs, 0.7740, True
Tests/Unit/neg/Even.hs, 0.6587, True
Tests/Unit/neg/Eval.hs, 0.8288, True
Tests/Unit/neg/errorloc.hs, 0.7075, True
Tests/Unit/neg/errmsg.hs, 0.7359, True
Tests/Unit/neg/elim000.hs, 0.7055, True
Tests/Unit/neg/elim00.hs, 0.7016, True
Tests/Unit/neg/deptupW.hs, 0.7668, True
Tests/Unit/neg/deppair0.hs, 0.7724, True
Tests/Unit/neg/datacon-eq.hs, 0.6677, True
Tests/Unit/neg/csv.hs, 1.2691, True
Tests/Unit/neg/coretologic.hs, 0.7134, True
Tests/Unit/neg/contra0.hs, 0.7305, True
Tests/Unit/neg/ConstraintsAppend.hs, 1.2414, True
Tests/Unit/neg/Constraints.hs, 0.6927, True
Tests/Unit/neg/concat2.hs, 0.9743, True
Tests/Unit/neg/concat1.hs, 0.9261, True
Tests/Unit/neg/concat.hs, 0.9025, True
Tests/Unit/neg/CompareConstraints.hs, 0.9056, True
Tests/Unit/neg/Class5.hs, 0.7003, True
Tests/Unit/neg/Class4.hs, 0.7213, True
Tests/Unit/neg/Class3.hs, 0.7193, True
Tests/Unit/neg/Class2.hs, 0.7429, True
Tests/Unit/neg/Class1.hs, 0.8689, True
Tests/Unit/neg/CastedTotality.hs, 0.7178, True
Tests/Unit/neg/Books.hs, 0.7330, True
Tests/Unit/neg/BigNum.hs, 0.6529, True
Tests/Unit/neg/Baz.hs, 0.6725, True
Tests/Unit/neg/BadHMeas.hs, 0.6777, True
Tests/Unit/neg/avg-bug.lhs, 1.2521, True
Tests/Unit/neg/avg-bug.hs, 0.6948, True
Tests/Unit/neg/AutoTerm1.hs, 0.6961, True
Tests/Unit/neg/AutoTerm.hs, 0.6766, True
Tests/Unit/neg/AutoSize.hs, 0.6687, True
Tests/Unit/neg/Ast.hs, 0.7015, True
Tests/Unit/neg/ass0.hs, 0.6600, True
Tests/Unit/neg/alias00.hs, 0.6838, True
Tests/Unit/neg/AbsApp.hs, 0.6839, True
Tests/Unit/crash/Unbound.hs, 0.6234, True
Tests/Unit/crash/typeAliasDup.hs, 0.6723, True
Tests/Unit/crash/T691.hs, 0.3775, True
Tests/Unit/crash/T649.hs, 0.6618, True
Tests/Unit/crash/RClass.hs, 0.6333, True
Tests/Unit/crash/Qualif.hs, 0.6259, True
Tests/Unit/crash/predparams.hs, 0.5668, True
Tests/Unit/crash/num-float-error1.hs, 0.6096, True
Tests/Unit/crash/num-float-error.hs, 0.6198, True
Tests/Unit/crash/MultipleRecordSelectors.hs, 0.6277, True
Tests/Unit/crash/Mismatch.hs, 0.6287, True
Tests/Unit/crash/LocalTermExpr.hs, 0.6496, True
Tests/Unit/crash/LocalHole.hs, 0.6187, True
Tests/Unit/crash/issue594.hs, 0.6078, True
Tests/Unit/crash/hole-crash3.hs, 0.5882, True
Tests/Unit/crash/hole-crash2.hs, 0.5695, True
Tests/Unit/crash/hole-crash1.hs, 0.6506, True
Tests/Unit/crash/HigherOrder.hs, 0.6532, True
Tests/Unit/crash/HaskellMeasure.hs, 0.5847, True
Tests/Unit/crash/FunRef2.hs, 0.6208, True
Tests/Unit/crash/FunRef1.hs, 0.6184, True
Tests/Unit/crash/funref.hs, 0.6131, True
Tests/Unit/crash/errmsg-mismatch.hs, 0.6252, True
Tests/Unit/crash/errmsg-dc-type.hs, 0.6157, True
Tests/Unit/crash/errmsg-dc-num.hs, 0.6099, True
Tests/Unit/crash/CyclicTypeAlias3.hs, 0.5491, True
Tests/Unit/crash/CyclicTypeAlias2.hs, 0.5422, True
Tests/Unit/crash/CyclicTypeAlias1.hs, 0.5522, True
Tests/Unit/crash/CyclicTypeAlias0.hs, 0.5482, True
Tests/Unit/crash/CyclicPredAlias3.hs, 0.5484, True
Tests/Unit/crash/CyclicPredAlias2.hs, 0.5482, True
Tests/Unit/crash/CyclicPredAlias1.hs, 0.5505, True
Tests/Unit/crash/CyclicPredAlias0.hs, 0.5585, True
Tests/Unit/crash/CyclicExprAlias3.hs, 0.5570, True
Tests/Unit/crash/CyclicExprAlias2.hs, 0.5568, True
Tests/Unit/crash/CyclicExprAlias1.hs, 0.5860, True
Tests/Unit/crash/CyclicExprAlias0.hs, 0.5473, True
Tests/Unit/crash/BadSyn4.hs, 0.5864, True
Tests/Unit/crash/BadSyn3.hs, 0.5964, True
Tests/Unit/crash/BadSyn2.hs, 0.5946, True
Tests/Unit/crash/BadSyn1.hs, 0.5860, True
Tests/Unit/crash/BadPragma2.hs, 0.3801, True
Tests/Unit/crash/BadPragma1.hs, 0.3784, True
Tests/Unit/crash/BadPragma0.hs, 0.3827, True
Tests/Unit/crash/BadExprArg.hs, 0.6340, True
Tests/Unit/crash/Ast.hs, 0.6609, True
Tests/Unit/crash/Assume1.hs, 0.6314, True
Tests/Unit/crash/Assume.hs, 0.6274, True
Tests/Unit/crash/AbsRef.hs, 0.6242, True
Tests/Unit/parser/pos/TokensAsPrefixes.hs, 0.6531, True
Tests/Unit/parser/pos/Parens.hs, 0.6529, True
Tests/Unit/error/crash/TerminationExpr1.hs, 0.6286, True
Tests/Unit/error/crash/TerminationExpr.hs, 0.6176, True
Tests/Unit/eq_pos/MonadicLawsMaybeAssoc.hs, 1.0852, True
Tests/Unit/eq_pos/MonadicLawsMaybe.hs, 1.1224, True
Tests/Unit/eq_pos/MonadicLaws.hs, 7.2741, True
Tests/Unit/eq_pos/MapAppend.hs, 0.0000, True
Tests/Unit/eq_pos/ConcatMap.hs, 15.8307, True
Tests/Unit/eq_pos/Arrow.hs, 0.6773, True
Tests/Unit/eq_pos/AppendVerbose.hs, 2.9201, True
Tests/Unit/eq_pos/AppendAxiom.hs, 0.9816, True
Tests/Unit/eq_pos/AppendArrow.hs, 49.3159, True
Tests/Unit/eq_neg/Fibonacci.hs, 0.7142, True
Tests/Unit/eq_neg/Append.hs, 2.3267, True
Tests/Benchmarks/text/Setup.lhs, 1.4503, True
Tests/Benchmarks/text/Data/Text.hs, 28.8301, True
Tests/Benchmarks/text/Data/Text/UnsafeChar.hs, 1.5518, True
Tests/Benchmarks/text/Data/Text/Unsafe.hs, 2.1448, True
Tests/Benchmarks/text/Data/Text/Search.hs, 10.4668, True
Tests/Benchmarks/text/Data/Text/Private.hs, 1.8788, True
Tests/Benchmarks/text/Data/Text/Lazy.hs, 42.9639, True
Tests/Benchmarks/text/Data/Text/Internal.hs, 2.2681, True
Tests/Benchmarks/text/Data/Text/Fusion.hs, 6.7578, True
Tests/Benchmarks/text/Data/Text/Fusion-debug-sel.hs, 2.7557, True
Tests/Benchmarks/text/Data/Text/Foreign.hs, 2.8746, True
Tests/Benchmarks/text/Data/Text/Encoding.hs, 28.2111, True
Tests/Benchmarks/text/Data/Text/Array.hs, 1.7097, True
Tests/Benchmarks/text/Data/Text/Lazy/Search.hs, 43.3323, True
Tests/Benchmarks/text/Data/Text/Lazy/Internal.hs, 4.7652, True
Tests/Benchmarks/text/Data/Text/Lazy/Fusion.hs, 6.0934, True
Tests/Benchmarks/text/Data/Text/Lazy/Encoding.hs, 11.6553, True
Tests/Benchmarks/text/Data/Text/Lazy/Builder.hs, 9.7078, True
Tests/Benchmarks/text/Data/Text/Fusion/Size.hs, 1.7881, True
Tests/Benchmarks/bytestring/Data/ByteString.T.hs, 32.1876, True
Tests/Benchmarks/bytestring/Data/ByteString.hs, 26.6479, True
Tests/Benchmarks/bytestring/Data/ByteString/Unsafe.hs, 1.6917, True
Tests/Benchmarks/bytestring/Data/ByteString/LazyZip.hs, 7.3801, True
Tests/Benchmarks/bytestring/Data/ByteString/Lazy.hs, 35.1589, True
Tests/Benchmarks/bytestring/Data/ByteString/Internal.hs, 3.6157, True
Tests/Benchmarks/bytestring/Data/ByteString/Fusion.T.hs, 9.8873, True
Tests/Benchmarks/bytestring/Data/ByteString/Fusion.hs, 8.8765, True
Tests/Benchmarks/bytestring/Data/ByteString/Char8.hs, 6.9615, True
Tests/Benchmarks/bytestring/Data/ByteString/Lazy/Internal.hs, 1.4844, True
Tests/Benchmarks/bytestring/Data/ByteString/Lazy/Char8.hs, 8.2403, True
Tests/Benchmarks/esop/Toy.hs, 1.3896, True
Tests/Benchmarks/esop/Splay.hs, 5.3984, True
Tests/Benchmarks/esop/ListSort.hs, 1.9729, True
Tests/Benchmarks/esop/GhcListSort.hs, 6.0998, True
Tests/Benchmarks/esop/Fib.hs, 0.9231, True
Tests/Benchmarks/esop/Base.hs, 66.7964, True
Tests/Benchmarks/esop/Array.hs, 1.7008, True
Tests/Benchmarks/vect-algs/Setup.lhs, 1.1132, True
Tests/Benchmarks/vect-algs/Data/Vector/Algorithms/Termination.hs, 1.0076, True
Tests/Benchmarks/vect-algs/Data/Vector/Algorithms/Search.hs, 2.7341, True
Tests/Benchmarks/vect-algs/Data/Vector/Algorithms/Radix.hs, 2.7747, True
Tests/Benchmarks/vect-algs/Data/Vector/Algorithms/Optimal.hs, 6.6989, True
Tests/Benchmarks/vect-algs/Data/Vector/Algorithms/Merge.hs, 6.3659, True
Tests/Benchmarks/vect-algs/Data/Vector/Algorithms/Intro.hs, 4.5386, True
Tests/Benchmarks/vect-algs/Data/Vector/Algorithms/Insertion.hs, 1.3570, True
Tests/Benchmarks/vect-algs/Data/Vector/Algorithms/Heap.hs, 14.4279, True
Tests/Benchmarks/vect-algs/Data/Vector/Algorithms/Common.hs, 1.0206, True
Tests/Benchmarks/vect-algs/Data/Vector/Algorithms/Combinators.hs, 0.6785, True
Tests/Benchmarks/vect-algs/Data/Vector/Algorithms/AmericanFlag.hs, 4.4059, True
Tests/Benchmarks/hscolour/Setup.hs, 0.6899, True
Tests/Benchmarks/hscolour/Language/Haskell/HsColour.hs, 4.0080, True
Tests/Benchmarks/hscolour/Language/Haskell/HsColour/TTY.hs, 1.0738, True
Tests/Benchmarks/hscolour/Language/Haskell/HsColour/Output.hs, 0.8862, True
Tests/Benchmarks/hscolour/Language/Haskell/HsColour/Options.hs, 0.8070, True
Tests/Benchmarks/hscolour/Language/Haskell/HsColour/MIRC.hs, 2.0283, True
Tests/Benchmarks/hscolour/Language/Haskell/HsColour/LaTeX.hs, 11.7334, True
Tests/Benchmarks/hscolour/Language/Haskell/HsColour/InlineCSS.hs, 1.5643, True
Tests/Benchmarks/hscolour/Language/Haskell/HsColour/HTML.hs, 2.9190, True
Tests/Benchmarks/hscolour/Language/Haskell/HsColour/General.hs, 0.7220, True
Tests/Benchmarks/hscolour/Language/Haskell/HsColour/CSS.hs, 1.5270, True
Tests/Benchmarks/hscolour/Language/Haskell/HsColour/Colourise.hs, 2.7946, True
Tests/Benchmarks/hscolour/Language/Haskell/HsColour/ColourHighlight.hs, 2.5143, True
Tests/Benchmarks/hscolour/Language/Haskell/HsColour/ANSI.hs, 1.6931, True
Tests/Benchmarks/icfp_pos/WhileTest.hs, 0.8537, True
Tests/Benchmarks/icfp_pos/WhileM.hs, 0.9204, True
Tests/Benchmarks/icfp_pos/TwiceM.hs, 5.8425, True
Tests/Benchmarks/icfp_pos/TestM.hs, 0.7063, True
Tests/Benchmarks/icfp_pos/RIO2.hs, 13.1742, True
Tests/Benchmarks/icfp_pos/Privileges.hs, 0.7080, True
Tests/Benchmarks/icfp_pos/Overview.lhs, 6.0087, True
Tests/Benchmarks/icfp_pos/Incr.hs, 0.8179, True
Tests/Benchmarks/icfp_pos/Incr-elim.hs, 0.7887, True
Tests/Benchmarks/icfp_pos/IfM2.hs, 2.0943, True
Tests/Benchmarks/icfp_pos/IfM.hs, 4.1396, True
Tests/Benchmarks/icfp_pos/ICFP15.lhs, 1.4863, True
Tests/Benchmarks/icfp_pos/FoldAbs.hs, 5.1993, True
Tests/Benchmarks/icfp_pos/FindRec.hs, 8.8970, True
Tests/Benchmarks/icfp_pos/Filter.lhs, 0.9153, True
Tests/Benchmarks/icfp_pos/dropwhile.hs, 0.8450, True
Tests/Benchmarks/icfp_pos/DBMovies.hs, 2.8751, True
Tests/Benchmarks/icfp_pos/CopyRec.hs, 16.8193, True
Tests/Benchmarks/icfp_pos/Composition.hs, 0.7530, True
Tests/Benchmarks/icfp_pos/CompareConstraints.hs, 0.8757, True
Tests/Benchmarks/icfp_pos/Append.hs, 1.0495, True
Tests/Benchmarks/icfp_neg/WhileM.hs, 1.0191, True
Tests/Benchmarks/icfp_neg/TwiceM.hs, 29.8790, True
Tests/Benchmarks/icfp_neg/TestM.hs, 0.8557, True
Tests/Benchmarks/icfp_neg/Records.hs, 0.8091, True
Tests/Benchmarks/icfp_neg/IfM.hs, 4.1842, True
Tests/Benchmarks/icfp_neg/DBMovies.hs, 2.5978, True
Tests/Benchmarks/icfp_neg/Composition.hs, 0.7918, True
Tests/Benchmarks/haskell16_pos/Unification.hs, 6.2123, True
Tests/Benchmarks/haskell16_pos/Solver.hs, 1.5106, True
Tests/Benchmarks/haskell16_pos/Proves.hs, 0.7959, True
Tests/Benchmarks/haskell16_pos/Overview.hs, 1.0319, True
Tests/Benchmarks/haskell16_pos/MonoidMaybe.hs, 0.8950, True
Tests/Benchmarks/haskell16_pos/MonoidList.hs, 0.9260, True
Tests/Benchmarks/haskell16_pos/MonadMaybe.hs, 0.9621, True
Tests/Benchmarks/haskell16_pos/MonadList.hs, 1.6340, True
Tests/Benchmarks/haskell16_pos/MapFusion.hs, 1.1256, True
Tests/Benchmarks/haskell16_pos/Helper.hs, 1.1889, True
Tests/Benchmarks/haskell16_pos/FunctorMaybe.hs, 0.9347, True
Tests/Benchmarks/haskell16_pos/FunctorList.hs, 1.3435, True
Tests/Benchmarks/haskell16_pos/FoldrUniversal.hs, 1.9061, True
Tests/Benchmarks/haskell16_pos/Fibonacci.hs, 2.6034, True
Tests/Benchmarks/haskell16_pos/Compose.hs, 0.7548, True
Tests/Benchmarks/haskell16_pos/BasicLambdas.hs, 0.7287, True
Tests/Benchmarks/haskell16_pos/ApplicativeMaybe.hs, 1.8590, True
Tests/Benchmarks/haskell16_pos/ApplicativeList.hs, 7.7256, True
Tests/Benchmarks/haskell16_pos/Append.hs, 1.3544, True
Tests/Benchmarks/haskell16_pos/Ackermann.hs, 7.0400, True
Tests/Benchmarks/haskell16_neg/MonadMaybe.hs, 0.9889, True
Tests/Benchmarks/haskell16_neg/MonadList.hs, 2.8366, True
Tests/Benchmarks/haskell16_neg/MapFusion.hs, 1.4882, True
Tests/Benchmarks/haskell16_neg/FunctorMaybe.hs, 1.1070, True
Tests/Benchmarks/haskell16_neg/FunctorList.hs, 1.5993, True
Tests/Benchmarks/haskell16_neg/Fibonacci.hs, 2.6181, True
Tests/Benchmarks/haskell16_neg/BasicLambdas.hs, 0.7218, True
Tests/Benchmarks/haskell16_neg/ApplicativeMaybe.hs, 2.1343, True
Tests/Benchmarks/haskell16_neg/ApplicativeList.hs, 10.2683, True
Tests/Benchmarks/haskell16_neg/Append.hs, 1.6677, True
Tests/Benchmarks/haskell16_neg/Ackermann.hs, 10.0661, True
